国籍区分,地域階層,地域コード,地域,1月中／出生数,2月中／出生数,3月中／出生数,4月中／出生数,5月中／出生数,6月中／出生数,7月中／出生数,8月中／出生数,9月中／出生数,10月中／出生数,11月中／出生数,12月中／出生数,令和7年中の出生数
総数,0,13000,総数,7410,6292,6385,7260,7772,7666,8122,7764,7919,8119,7099,7378,89186
総数,1,13100,区部,5437,4635,4679,5328,5770,5657,5976,5725,5853,6022,5156,5452,65690
総数,1,13200,市部,1938,1634,1686,1909,1981,1986,2122,2013,2036,2067,1920,1912,23204
総数,2,13300,郡部,29,16,16,16,16,15,15,20,24,22,14,11,214
総数,2,13350,島部,6,7,4,7,5,8,9,6,6,8,9,3,78
総数,1,13100,区部,5437,4635,4679,5328,5770,5657,5976,5725,5853,6022,5156,5452,65690
総数,4,13101,千代田区,45,33,32,47,63,59,44,49,46,51,40,40,549
総数,4,13102,中央区,160,120,145,133,154,161,174,195,145,212,142,179,1920
総数,4,13103,港区,204,183,158,193,222,216,217,227,210,236,183,189,2438
総数,4,13104,新宿区,184,134,158,159,198,191,191,156,193,222,166,180,2132
総数,4,13105,文京区,140,111,118,143,148,151,196,151,161,175,144,123,1761
総数,4,13106,台東区,147,128,116,111,146,140,138,133,132,160,140,144,1635
総数,4,13107,墨田区,200,157,155,176,184,198,208,190,220,205,204,185,2282
総数,4,13108,江東区,316,224,283,300,305,302,339,301,346,297,297,312,3622
総数,4,13109,品川区,239,229,227,259,318,270,280,290,265,286,233,228,3124
総数,4,13110,目黒区,164,164,144,177,180,196,183,196,152,187,155,170,2068
総数,4,13111,大田区,391,313,354,401,399,381,423,402,469,437,380,421,4771
総数,4,13112,世田谷区,473,428,432,480,510,527,555,565,530,544,455,483,5982
総数,4,13113,渋谷区,142,140,117,147,132,143,141,127,145,152,120,140,1646
総数,4,13114,中野区,189,176,137,188,185,195,173,190,197,188,164,184,2166
総数,4,13115,杉並区,290,255,255,280,329,317,341,325,312,341,302,316,3663
総数,4,13116,豊島区,156,138,106,132,187,143,167,158,162,173,158,166,1846
総数,4,13117,北区,212,179,168,206,215,233,260,194,232,199,199,183,2480
総数,4,13118,荒川区,100,105,112,119,160,135,136,117,139,133,126,118,1500
総数,4,13119,板橋区,303,247,247,259,295,279,322,324,333,316,288,287,3500
総数,4,13120,練馬区,410,328,355,406,461,401,480,436,456,463,368,396,4960
総数,4,13121,足立区,350,302,314,390,366,354,348,373,364,378,318,350,4207
総数,4,13122,葛飾区,262,214,221,232,247,264,267,254,266,248,224,255,2954
総数,4,13123,江戸川区,360,327,325,390,366,401,393,372,378,419,350,403,4484
総数,1,13200,市部,1938,1634,1686,1909,1981,1986,2122,2013,2036,2067,1920,1912,23204
総数,4,13201,八王子市,207,188,191,208,212,204,242,207,202,240,236,202,2539
総数,4,13202,立川市,83,75,80,97,109,102,97,95,98,101,83,92,1112
総数,4,13203,武蔵野市,73,63,64,81,83,80,87,65,70,82,61,71,880
総数,4,13204,三鷹市,99,83,80,92,86,80,95,92,105,92,83,98,1085
総数,4,13205,青梅市,47,35,36,47,40,37,56,50,47,44,45,43,527
総数,4,13206,府中市,150,108,119,123,120,132,132,132,142,131,127,127,1543
総数,4,13207,昭島市,61,45,48,50,58,68,77,61,50,68,62,65,713
総数,4,13208,調布市,113,106,106,105,128,138,141,118,125,131,141,139,1491
総数,4,13209,町田市,169,158,167,176,190,181,209,213,197,190,180,188,2218
総数,4,13210,小金井市,85,56,61,72,82,102,76,86,70,95,68,77,930
総数,4,13211,小平市,85,76,79,100,84,120,119,108,122,109,103,82,1187
総数,4,13212,日野市,115,86,95,91,111,74,107,86,96,85,98,93,1137
総数,4,13213,東村山市,69,61,49,62,64,67,90,68,74,69,65,58,796
総数,4,13214,国分寺市,62,47,61,85,77,69,60,72,85,66,78,67,829
総数,4,13215,国立市,27,25,27,35,39,32,30,32,36,30,23,37,373
総数,4,13218,福生市,26,28,24,35,37,17,30,19,32,33,26,27,334
総数,4,13219,狛江市,35,31,37,31,44,45,50,46,50,46,37,37,489
総数,4,13220,東大和市,48,37,28,34,43,39,41,28,47,42,37,36,460
総数,4,13221,清瀬市,44,34,29,39,34,42,33,42,33,35,34,43,442
総数,4,13222,東久留米市,50,48,56,51,52,55,42,61,66,66,68,61,676
総数,4,13223,武蔵村山市,29,21,23,29,19,29,27,35,33,26,26,19,316
総数,4,13224,多摩市,55,50,54,68,59,54,65,66,55,73,52,58,709
総数,4,13225,稲城市,46,42,42,43,48,53,69,53,53,49,49,45,592
総数,4,13227,羽村市,30,23,17,26,29,22,19,25,20,29,20,32,292
総数,4,13228,あきる野市,32,24,34,38,34,29,29,38,21,36,30,36,381
総数,4,13229,西東京市,98,84,79,91,99,115,99,115,107,99,88,79,1153
総数,1,13550,町村部,35,23,20,23,21,23,24,26,30,30,23,14,292
総数,2,13300,郡部,29,16,16,16,16,15,15,20,24,22,14,11,214
総数,4,13303,瑞穂町,24,9,12,9,11,9,9,12,14,12,8,6,135
総数,4,13305,日の出町,3,5,4,7,5,5,5,6,8,9,6,4,67
総数,4,13307,檜原村,1,0,0,0,0,0,0,1,2,1,0,1,6
総数,4,13308,奥多摩町,1,2,0,0,0,1,1,1,0,0,0,0,6
総数,2,13350,島部,6,7,4,7,5,8,9,6,6,8,9,3,78
総数,3,13360,大島支庁,1,1,3,3,2,4,5,3,3,4,6,2,37
総数,4,13361,大島町,1,0,1,1,2,4,3,1,2,0,6,1,22
総数,4,13362,利島村,0,0,0,0,0,0,0,0,0,0,0,0,0
総数,4,13363,新島村,0,0,1,0,0,0,1,1,1,3,0,0,7
総数,4,13364,神津島村,0,1,1,2,0,0,1,1,0,1,0,1,8
総数,3,13380,三宅支庁,0,2,0,0,1,0,1,1,0,0,2,0,7
総数,4,13381,三宅村,0,2,0,0,1,0,1,0,0,0,1,0,5
総数,4,13382,御蔵島村,0,0,0,0,0,0,0,1,0,0,1,0,2
総数,3,13400,八丈支庁,3,3,1,2,1,2,3,1,0,2,0,1,19
総数,4,13401,八丈町,3,3,1,2,1,2,2,1,0,1,0,1,17
総数,4,13402,青ヶ島村,0,0,0,0,0,0,1,0,0,1,0,0,2
総数,3,13420,小笠原支庁,2,1,0,2,1,2,0,1,3,2,1,0,15
総数,4,13421,小笠原村,2,1,0,2,1,2,0,1,3,2,1,0,15
日本人,0,13000,総数,7045,5982,6070,6952,7426,7339,7791,7430,7536,7754,6764,7017,85106
日本人,1,13100,区部,5137,4381,4408,5076,5478,5386,5700,5457,5538,5726,4875,5154,62316
日本人,1,13200,市部,1875,1579,1642,1853,1927,1932,2069,1950,1969,1998,1866,1849,22509
日本人,2,13300,郡部,28,15,16,16,16,13,13,17,23,22,14,11,204
日本人,2,13350,島部,5,7,4,7,5,8,9,6,6,8,9,3,77
日本人,1,13100,区部,5137,4381,4408,5076,5478,5386,5700,5457,5538,5726,4875,5154,62316
日本人,4,13101,千代田区,45,30,31,47,63,59,43,49,45,49,39,40,540
日本人,4,13102,中央区,151,114,141,128,151,160,168,193,143,209,136,171,1865
日本人,4,13103,港区,194,164,145,188,209,204,206,218,196,228,174,180,2306
日本人,4,13104,新宿区,167,125,142,149,185,173,173,143,178,203,148,162,1948
日本人,4,13105,文京区,133,104,116,139,142,147,193,147,154,168,141,120,1704
日本人,4,13106,台東区,139,123,108,108,141,134,133,126,127,153,132,138,1562
日本人,4,13107,墨田区,195,153,150,175,180,191,204,182,212,199,194,180,2215
日本人,4,13108,江東区,294,207,262,280,292,284,320,275,327,282,281,293,3397
日本人,4,13109,品川区,235,223,220,252,306,266,276,285,259,278,228,221,3049
日本人,4,13110,目黒区,160,161,140,171,173,189,175,191,150,184,146,159,1999
日本人,4,13111,大田区,374,300,338,385,378,365,410,389,446,420,365,397,4567
日本人,4,13112,世田谷区,462,415,417,466,503,516,547,555,520,536,450,473,5860
日本人,4,13113,渋谷区,134,135,115,143,126,137,139,125,140,149,116,135,1594
日本人,4,13114,中野区,179,165,130,173,178,187,162,181,184,179,156,174,2048
日本人,4,13115,杉並区,279,245,248,273,315,309,328,315,306,334,298,307,3557
日本人,4,13116,豊島区,138,117,100,118,166,130,149,150,148,157,146,155,1674
日本人,4,13117,北区,195,168,142,185,206,218,242,175,200,181,179,167,2258
日本人,4,13118,荒川区,89,96,100,114,148,122,124,111,126,120,115,112,1377
日本人,4,13119,板橋区,285,227,227,240,278,265,300,302,305,293,266,272,3260
日本人,4,13120,練馬区,403,324,347,396,451,397,465,428,444,448,354,381,4838
日本人,4,13121,足立区,328,280,298,370,334,329,320,341,344,338,286,324,3892
日本人,4,13122,葛飾区,236,200,204,213,225,239,250,233,239,233,206,229,2707
日本人,4,13123,江戸川区,322,305,287,363,328,365,373,343,345,385,319,364,4099
日本人,1,13200,市部,1875,1579,1642,1853,1927,1932,2069,1950,1969,1998,1866,1849,22509
日本人,4,13201,八王子市,199,179,186,201,204,198,237,194,195,229,229,195,2446
日本人,4,13202,立川市,82,74,77,94,108,96,95,93,95,97,82,88,1081
日本人,4,13203,武蔵野市,73,62,64,81,83,78,86,64,69,79,60,71,870
日本人,4,13204,三鷹市,98,80,79,91,85,78,94,90,103,89,80,94,1061
日本人,4,13205,青梅市,45,33,36,47,38,36,56,46,45,42,43,40,507
日本人,4,13206,府中市,148,101,117,121,114,129,130,130,136,129,125,122,1502
日本人,4,13207,昭島市,57,44,48,48,57,62,74,59,50,68,61,63,691
日本人,4,13208,調布市,109,103,104,103,128,138,139,117,122,130,137,139,1469
日本人,4,13209,町田市,164,152,162,166,187,176,200,202,190,183,174,184,2140
日本人,4,13210,小金井市,82,55,53,72,80,99,76,83,64,92,68,77,901
日本人,4,13211,小平市,84,74,76,99,83,115,116,105,119,106,98,78,1153
日本人,4,13212,日野市,111,81,95,89,110,72,104,84,96,84,96,91,1113
日本人,4,13213,東村山市,69,60,48,62,62,67,88,68,69,68,62,53,776
日本人,4,13214,国分寺市,62,45,61,79,74,69,59,71,81,65,76,64,806
日本人,4,13215,国立市,25,25,26,35,38,31,29,32,36,29,21,36,363
日本人,4,13218,福生市,20,27,22,32,30,16,26,16,26,25,24,26,290
日本人,4,13219,狛江市,32,31,36,31,44,44,48,46,49,45,37,35,478
日本人,4,13220,東大和市,46,36,27,34,43,39,41,28,47,41,37,35,454
日本人,4,13221,清瀬市,42,34,29,39,33,41,32,42,29,33,34,41,429
日本人,4,13222,東久留米市,49,45,55,48,50,54,41,60,65,62,66,56,651
日本人,4,13223,武蔵村山市,27,21,23,27,19,29,26,35,33,26,25,19,310
日本人,4,13224,多摩市,53,49,52,62,56,54,63,62,53,71,50,57,682
日本人,4,13225,稲城市,44,42,41,42,45,49,68,51,52,48,48,44,574
日本人,4,13227,羽村市,28,23,16,24,26,22,17,24,19,28,17,30,274
日本人,4,13228,あきる野市,32,22,33,37,33,27,29,38,21,36,29,36,373
日本人,4,13229,西東京市,94,81,76,89,97,113,95,110,105,93,87,75,1115
日本人,1,13550,町村部,33,22,20,23,21,21,22,23,29,30,23,14,281
日本人,2,13300,郡部,28,15,16,16,16,13,13,17,23,22,14,11,204
日本人,4,13303,瑞穂町,23,8,12,9,11,8,7,11,14,12,8,6,129
日本人,4,13305,日の出町,3,5,4,7,5,4,5,4,7,9,6,4,63
日本人,4,13307,檜原村,1,0,0,0,0,0,0,1,2,1,0,1,6
日本人,4,13308,奥多摩町,1,2,0,0,0,1,1,1,0,0,0,0,6
日本人,2,13350,島部,5,7,4,7,5,8,9,6,6,8,9,3,77
日本人,3,13360,大島支庁,1,1,3,3,2,4,5,3,3,4,6,2,37
日本人,4,13361,大島町,1,0,1,1,2,4,3,1,2,0,6,1,22
日本人,4,13362,利島村,0,0,0,0,0,0,0,0,0,0,0,0,0
日本人,4,13363,新島村,0,0,1,0,0,0,1,1,1,3,0,0,7
日本人,4,13364,神津島村,0,1,1,2,0,0,1,1,0,1,0,1,8
日本人,3,13380,三宅支庁,0,2,0,0,1,0,1,1,0,0,2,0,7
日本人,4,13381,三宅村,0,2,0,0,1,0,1,0,0,0,1,0,5
日本人,4,13382,御蔵島村,0,0,0,0,0,0,0,1,0,0,1,0,2
日本人,3,13400,八丈支庁,2,3,1,2,1,2,3,1,0,2,0,1,18
日本人,4,13401,八丈町,2,3,1,2,1,2,2,1,0,1,0,1,16
日本人,4,13402,青ヶ島村,0,0,0,0,0,0,1,0,0,1,0,0,2
日本人,3,13420,小笠原支庁,2,1,0,2,1,2,0,1,3,2,1,0,15
日本人,4,13421,小笠原村,2,1,0,2,1,2,0,1,3,2,1,0,15
外国人,0,13000,総数,365,310,315,308,346,327,331,334,383,365,335,361,4080
外国人,1,13100,区部,300,254,271,252,292,271,276,268,315,296,281,298,3374
外国人,1,13200,市部,63,55,44,56,54,54,53,63,67,69,54,63,695
外国人,2,13300,郡部,1,1,0,0,0,2,2,3,1,0,0,0,10
外国人,2,13350,島部,1,0,0,0,0,0,0,0,0,0,0,0,1
外国人,1,13100,区部,300,254,271,252,292,271,276,268,315,296,281,298,3374
外国人,4,13101,千代田区,0,3,1,0,0,0,1,0,1,2,1,0,9
外国人,4,13102,中央区,9,6,4,5,3,1,6,2,2,3,6,8,55
外国人,4,13103,港区,10,19,13,5,13,12,11,9,14,8,9,9,132
外国人,4,13104,新宿区,17,9,16,10,13,18,18,13,15,19,18,18,184
外国人,4,13105,文京区,7,7,2,4,6,4,3,4,7,7,3,3,57
外国人,4,13106,台東区,8,5,8,3,5,6,5,7,5,7,8,6,73
外国人,4,13107,墨田区,5,4,5,1,4,7,4,8,8,6,10,5,67
外国人,4,13108,江東区,22,17,21,20,13,18,19,26,19,15,16,19,225
外国人,4,13109,品川区,4,6,7,7,12,4,4,5,6,8,5,7,75
外国人,4,13110,目黒区,4,3,4,6,7,7,8,5,2,3,9,11,69
外国人,4,13111,大田区,17,13,16,16,21,16,13,13,23,17,15,24,204
外国人,4,13112,世田谷区,11,13,15,14,7,11,8,10,10,8,5,10,122
外国人,4,13113,渋谷区,8,5,2,4,6,6,2,2,5,3,4,5,52
外国人,4,13114,中野区,10,11,7,15,7,8,11,9,13,9,8,10,118
外国人,4,13115,杉並区,11,10,7,7,14,8,13,10,6,7,4,9,106
外国人,4,13116,豊島区,18,21,6,14,21,13,18,8,14,16,12,11,172
外国人,4,13117,北区,17,11,26,21,9,15,18,19,32,18,20,16,222
外国人,4,13118,荒川区,11,9,12,5,12,13,12,6,13,13,11,6,123
外国人,4,13119,板橋区,18,20,20,19,17,14,22,22,28,23,22,15,240
外国人,4,13120,練馬区,7,4,8,10,10,4,15,8,12,15,14,15,122
外国人,4,13121,足立区,22,22,16,20,32,25,28,32,20,40,32,26,315
外国人,4,13122,葛飾区,26,14,17,19,22,25,17,21,27,15,18,26,247
外国人,4,13123,江戸川区,38,22,38,27,38,36,20,29,33,34,31,39,385
外国人,1,13200,市部,63,55,44,56,54,54,53,63,67,69,54,63,695
外国人,4,13201,八王子市,8,9,5,7,8,6,5,13,7,11,7,7,93
外国人,4,13202,立川市,1,1,3,3,1,6,2,2,3,4,1,4,31
外国人,4,13203,武蔵野市,0,1,0,0,0,2,1,1,1,3,1,0,10
外国人,4,13204,三鷹市,1,3,1,1,1,2,1,2,2,3,3,4,24
外国人,4,13205,青梅市,2,2,0,0,2,1,0,4,2,2,2,3,20
外国人,4,13206,府中市,2,7,2,2,6,3,2,2,6,2,2,5,41
外国人,4,13207,昭島市,4,1,0,2,1,6,3,2,0,0,1,2,22
外国人,4,13208,調布市,4,3,2,2,0,0,2,1,3,1,4,0,22
外国人,4,13209,町田市,5,6,5,10,3,5,9,11,7,7,6,4,78
外国人,4,13210,小金井市,3,1,8,0,2,3,0,3,6,3,0,0,29
外国人,4,13211,小平市,1,2,3,1,1,5,3,3,3,3,5,4,34
外国人,4,13212,日野市,4,5,0,2,1,2,3,2,0,1,2,2,24
外国人,4,13213,東村山市,0,1,1,0,2,0,2,0,5,1,3,5,20
外国人,4,13214,国分寺市,0,2,0,6,3,0,1,1,4,1,2,3,23
外国人,4,13215,国立市,2,0,1,0,1,1,1,0,0,1,2,1,10
外国人,4,13218,福生市,6,1,2,3,7,1,4,3,6,8,2,1,44
外国人,4,13219,狛江市,3,0,1,0,0,1,2,0,1,1,0,2,11
外国人,4,13220,東大和市,2,1,1,0,0,0,0,0,0,1,0,1,6
外国人,4,13221,清瀬市,2,0,0,0,1,1,1,0,4,2,0,2,13
外国人,4,13222,東久留米市,1,3,1,3,2,1,1,1,1,4,2,5,25
外国人,4,13223,武蔵村山市,2,0,0,2,0,0,1,0,0,0,1,0,6
外国人,4,13224,多摩市,2,1,2,6,3,0,2,4,2,2,2,1,27
外国人,4,13225,稲城市,2,0,1,1,3,4,1,2,1,1,1,1,18
外国人,4,13227,羽村市,2,0,1,2,3,0,2,1,1,1,3,2,18
外国人,4,13228,あきる野市,0,2,1,1,1,2,0,0,0,0,1,0,8
外国人,4,13229,西東京市,4,3,3,2,2,2,4,5,2,6,1,4,38
外国人,1,13550,町村部,2,1,0,0,0,2,2,3,1,0,0,0,11
外国人,2,13300,郡部,1,1,0,0,0,2,2,3,1,0,0,0,10
外国人,4,13303,瑞穂町,1,1,0,0,0,1,2,1,0,0,0,0,6
外国人,4,13305,日の出町,0,0,0,0,0,1,0,2,1,0,0,0,4
外国人,4,13307,檜原村,0,0,0,0,0,0,0,0,0,0,0,0,0
外国人,4,13308,奥多摩町,0,0,0,0,0,0,0,0,0,0,0,0,0
外国人,2,13350,島部,1,0,0,0,0,0,0,0,0,0,0,0,1
外国人,3,13360,大島支庁,0,0,0,0,0,0,0,0,0,0,0,0,0
外国人,4,13361,大島町,0,0,0,0,0,0,0,0,0,0,0,0,0
外国人,4,13362,利島村,0,0,0,0,0,0,0,0,0,0,0,0,0
外国人,4,13363,新島村,0,0,0,0,0,0,0,0,0,0,0,0,0
外国人,4,13364,神津島村,0,0,0,0,0,0,0,0,0,0,0,0,0
外国人,3,13380,三宅支庁,0,0,0,0,0,0,0,0,0,0,0,0,0
外国人,4,13381,三宅村,0,0,0,0,0,0,0,0,0,0,0,0,0
外国人,4,13382,御蔵島村,0,0,0,0,0,0,0,0,0,0,0,0,0
外国人,3,13400,八丈支庁,1,0,0,0,0,0,0,0,0,0,0,0,1
外国人,4,13401,八丈町,1,0,0,0,0,0,0,0,0,0,0,0,1
外国人,4,13402,青ヶ島村,0,0,0,0,0,0,0,0,0,0,0,0,0
外国人,3,13420,小笠原支庁,0,0,0,0,0,0,0,0,0,0,0,0,0
外国人,4,13421,小笠原村,0,0,0,0,0,0,0,0,0,0,0,0,0
,,,,,,,,,,,,,,,,
人口の動き（令和7年中）,,,,,,,,,,,,,,,,
第15－１・２・３表　区市町村、月別出生数（総数、日本人、外国人）,,,,,,,,,,,,,,,,
地域階層（0:総数　1:区部・市部・町村部　2:郡部・島部　3:支庁　4:区市町村）,,,,,,,,,,,,,,,,
