自治体コード,自治体,年,人口,高齢化率
13101,千代田区,2015,56873,18.63
13102,中央区,2015,138088,16.35
13103,港区,2015,240585,17.35
13104,新宿区,2015,327712,20.01
13105,文京区,2015,207413,20.0
13106,台東区,2015,189795,23.76
13107,墨田区,2015,258423,22.7
13108,江東区,2015,493952,21.08
13109,品川区,2015,372077,21.04
13110,目黒区,2015,269689,19.95
13111,大田区,2015,707455,22.34
13112,世田谷区,2015,874332,19.96
13113,渋谷区,2015,217008,19.16
13114,中野区,2015,316625,20.87
13115,杉並区,2015,547165,21.02
13116,豊島区,2015,275507,20.4
13117,北区,2015,338084,25.4
13118,荒川区,2015,209087,23.16
13119,板橋区,2015,544172,22.55
13120,練馬区,2015,714656,21.33
13121,足立区,2015,674111,24.15
13122,葛飾区,2015,449527,24.08
13123,江戸川区,2015,680262,20.3
13101,千代田区,2016,58576,18.29
13102,中央区,2016,142995,16.18
13103,港区,2016,243977,17.4
13104,新宿区,2016,334193,19.92
13105,文京区,2016,210312,20.01
13106,台東区,2016,191749,23.74
13107,墨田区,2016,261723,22.82
13108,江東区,2016,501501,21.33
13109,品川区,2016,378123,21.13
13110,目黒区,2016,271469,19.98
13111,大田区,2016,712057,22.62
13112,世田谷区,2016,883289,20.1
13113,渋谷区,2016,219898,19.15
13114,中野区,2016,321734,20.77
13115,杉並区,2016,553288,21.11
13116,豊島区,2016,280639,20.37
13117,北区,2016,341252,25.55
13118,荒川区,2016,211271,23.38
13119,板橋区,2016,550758,22.8
13120,練馬区,2016,719109,21.56
13121,足立区,2016,678623,24.45
13122,葛飾区,2016,452789,24.39
13123,江戸川区,2016,686387,20.61
13101,千代田区,2017,59788,18.04
13102,中央区,2017,149640,15.85
13103,港区,2017,249242,17.31
13104,新宿区,2017,338488,19.8
13105,文京区,2017,213969,19.83
13106,台東区,2017,193822,23.6
13107,墨田区,2017,265238,22.73
13108,江東区,2017,506511,21.49
13109,品川区,2017,382761,21.12
13110,目黒区,2017,273708,19.96
13111,大田区,2017,717295,22.74
13112,世田谷区,2017,892535,20.17
13113,渋谷区,2017,222278,19.1
13114,中野区,2017,325460,20.76
13115,杉並区,2017,558950,21.06
13116,豊島区,2017,284307,20.21
13117,北区,2017,345149,25.43
13118,荒川区,2017,213113,23.41
13119,板橋区,2017,557309,22.92
13120,練馬区,2017,723711,21.69
13121,足立区,2017,681281,24.71
13122,葛飾区,2017,456893,24.46
13123,江戸川区,2017,691514,20.82
13101,千代田区,2018,61269,17.79
13102,中央区,2018,156823,15.46
13103,港区,2018,253639,17.2
13104,新宿区,2018,342297,19.72
13105,文京区,2018,217419,19.7
13106,台東区,2018,196134,23.44
13107,墨田区,2018,268898,22.58
13108,江東区,2018,513197,21.52
13109,品川区,2018,387622,21.01
13110,目黒区,2018,276784,19.82
13111,大田区,2018,723341,22.77
13112,世田谷区,2018,900107,20.21
13113,渋谷区,2018,224680,18.95
13114,中野区,2018,328683,20.64
13115,杉並区,2018,564489,21.04
13116,豊島区,2018,287111,20.06
13117,北区,2018,348030,25.28
13118,荒川区,2018,214644,23.4
13119,板橋区,2018,561713,23.04
13120,練馬区,2018,728479,21.75
13121,足立区,2018,685447,24.8
13122,葛飾区,2018,460423,24.49
13123,江戸川区,2018,695366,20.97
13101,千代田区,2019,63635,17.27
13102,中央区,2019,162502,15.11
13103,港区,2019,257426,17.01
13104,新宿区,2019,346162,19.52
13105,文京区,2019,221489,19.4
13106,台東区,2019,199292,23.1
13107,墨田区,2019,271859,22.45
13108,江東区,2019,518479,21.54
13109,品川区,2019,394700,20.69
13110,目黒区,2019,279342,19.7
13111,大田区,2019,729534,22.7
13112,世田谷区,2019,908907,20.16
13113,渋谷区,2019,226594,18.83
13114,中野区,2019,331658,20.49
13115,杉並区,2019,569132,20.93
13116,豊島区,2019,289508,19.86
13117,北区,2019,351976,24.93
13118,荒川区,2019,215966,23.24
13119,板橋区,2019,566890,23.08
13120,練馬区,2019,732433,21.78
13121,足立区,2019,688512,24.82
13122,葛飾区,2019,462591,24.52
13123,江戸川区,2019,698031,21.03
13101,千代田区,2020,65942,16.85
13102,中央区,2020,168361,14.82
13103,港区,2020,260379,16.92
13104,新宿区,2020,348452,19.4
13105,文京区,2020,226114,19.11
13106,台東区,2020,202431,22.8
13107,墨田区,2020,274896,22.23
13108,江東区,2020,521835,21.53
13109,品川区,2020,401704,20.37
13110,目黒区,2020,281474,19.62
13111,大田区,2020,734493,22.62
13112,世田谷区,2020,917486,20.08
13113,渋谷区,2020,229671,18.67
13114,中野区,2020,335234,20.25
13115,杉並区,2020,574118,20.83
13116,豊島区,2020,290246,19.79
13117,北区,2020,353908,24.7
13118,荒川区,2020,217146,23.1
13119,板橋区,2020,571357,23.05
13120,練馬区,2020,739435,21.7
13121,足立区,2020,691298,24.79
13122,葛飾区,2020,464550,24.49
13123,江戸川区,2020,700079,21.07
13101,千代田区,2021,67216,16.7
13102,中央区,2021,170583,14.75
13103,港区,2021,259036,17.06
13104,新宿区,2021,345231,19.56
13105,文京区,2021,226574,19.18
13106,台東区,2021,203647,22.6
13107,墨田区,2021,275647,22.14
13108,江東区,2021,526301,21.44
13109,品川区,2021,406404,20.21
13110,目黒区,2021,281317,19.68
13111,大田区,2021,733672,22.67
13112,世田谷区,2021,920372,20.16
13113,渋谷区,2021,230506,18.72
13114,中野区,2021,334632,20.28
13115,杉並区,2021,573504,20.95
13116,豊島区,2021,287300,19.94
13117,北区,2021,353158,24.69
13118,荒川区,2021,216535,23.16
13119,板橋区,2021,570213,23.2
13120,練馬区,2021,740099,21.81
13121,足立区,2021,691002,24.85
13122,葛飾区,2021,463691,24.63
13123,江戸川区,2021,696123,21.23
13101,千代田区,2022,67049,16.81
13102,中央区,2022,171419,14.77
13103,港区,2022,257183,17.24
13104,新宿区,2022,341222,19.76
13105,文京区,2022,226332,19.28
13106,台東区,2022,203709,22.39
13107,墨田区,2022,275724,22.03
13108,江東区,2022,525952,21.49
13109,品川区,2022,403699,20.3
13110,目黒区,2022,278276,19.88
13111,大田区,2022,728703,22.73
13112,世田谷区,2022,916208,20.35
13113,渋谷区,2022,229013,18.83
13114,中野区,2022,332017,20.36
13115,杉並区,2022,569703,21.11
13116,豊島区,2022,283342,20.09
13117,北区,2022,351278,24.64
13118,荒川区,2022,215543,23.13
13119,板橋区,2022,567214,23.31
13120,練馬区,2022,738358,21.95
13121,足立区,2022,689106,24.83
13122,葛飾区,2022,462083,24.68
13123,江戸川区,2022,689739,21.41
13101,千代田区,2023,67911,16.7
13102,中央区,2023,174074,14.66
13103,港区,2023,261615,17.06
13104,新宿区,2023,346279,19.34
13105,文京区,2023,229653,19.0
13106,台東区,2023,207479,21.72
13107,墨田区,2023,279985,21.52
13108,江東区,2023,532882,21.14
13109,品川区,2023,404196,20.14
13110,目黒区,2023,278635,19.75
13111,大田区,2023,728425,22.62
13112,世田谷区,2023,915439,20.4
13113,渋谷区,2023,229412,18.74
13114,中野区,2023,333593,20.1
13115,杉並区,2023,570786,21.06
13116,豊島区,2023,288704,19.62
13117,北区,2023,353732,24.14
13118,荒川区,2023,216814,22.85
13119,板橋区,2023,568241,23.18
13120,練馬区,2023,738914,21.96
13121,足立区,2023,690114,24.57
13122,葛飾区,2023,464175,24.49
13123,江戸川区,2023,688153,21.34
13101,千代田区,2024,68755,16.67
13102,中央区,2024,176835,14.64
13103,港区,2024,266306,17.01
13104,新宿区,2024,349226,19.14
13105,文京区,2024,232177,18.82
13106,台東区,2024,212388,21.07
13107,墨田区,2024,284555,21.02
13108,江東区,2024,539108,20.92
13109,品川区,2024,408280,19.84
13110,目黒区,2024,279520,19.76
13111,大田区,2024,733634,22.41
13112,世田谷区,2024,918141,20.49
13113,渋谷区,2024,230609,18.7
13114,中野区,2024,337377,19.85
13115,杉並区,2024,572843,21.02
13116,豊島区,2024,291650,19.41
13117,北区,2024,357701,23.7
13118,荒川区,2024,219268,22.41
13119,板橋区,2024,572927,22.99
13120,練馬区,2024,741540,22.0
13121,足立区,2024,693223,24.42
13122,葛飾区,2024,467000,24.28
13123,江戸川区,2024,689961,21.29
13101,千代田区,2025,68835,16.74
13102,中央区,2025,187404,14.24
13103,港区,2025,267780,17.16
13104,新宿区,2025,352717,18.91
13105,文京区,2025,235345,18.6
13106,台東区,2025,216084,20.58
13107,墨田区,2025,287302,20.64
13108,江東区,2025,541685,20.78
13109,品川区,2025,412786,19.58
13110,目黒区,2025,281400,19.66
13111,大田区,2025,740519,22.16
13112,世田谷区,2025,923210,20.59
13113,渋谷区,2025,231402,18.67
13114,中野区,2025,341322,19.55
13115,杉並区,2025,577147,20.93
13116,豊島区,2025,294644,19.1
13117,北区,2025,362089,23.23
13118,荒川区,2025,222278,21.96
13119,板橋区,2025,578914,22.72
13120,練馬区,2025,745927,21.98
13121,足立区,2025,698276,24.17
13122,葛飾区,2025,469916,24.08
13123,江戸川区,2025,693570,21.17
13101,千代田区,2026,69139,16.74
13102,中央区,2026,191015,14.24
13103,港区,2026,269877,17.39
13104,新宿区,2026,355125,18.76
13105,文京区,2026,236981,18.55
13106,台東区,2026,217512,20.35
13107,墨田区,2026,288833,20.43
13108,江東区,2026,543193,20.73
13109,品川区,2026,415644,19.38
13110,目黒区,2026,282607,19.66
13111,大田区,2026,745048,22.04
13112,世田谷区,2026,928666,20.71
13113,渋谷区,2026,230880,18.76
13114,中野区,2026,343794,19.41
13115,杉並区,2026,582636,20.89
13116,豊島区,2026,296129,18.9
13117,北区,2026,367432,22.74
13118,荒川区,2026,224784,21.6
13119,板橋区,2026,583528,22.54
13120,練馬区,2026,750559,21.98
13121,足立区,2026,703369,23.92
13122,葛飾区,2026,472558,23.98
13123,江戸川区,2026,697414,21.08
