自治体コード,自治体,年,年齢階級,年齢開始,総数,男,女,日本人,外国人
13101,千代田区,2026,0～4,0,2573,1291,1282,2518,55
13101,千代田区,2026,5～9,5,3079,1536,1543,2952,127
13101,千代田区,2026,10～14,10,3284,1691,1593,3134,150
13101,千代田区,2026,15～19,15,2743,1384,1359,2555,188
13101,千代田区,2026,20～24,20,3432,1626,1806,2973,459
13101,千代田区,2026,25～29,25,5749,3174,2575,5084,665
13101,千代田区,2026,30～34,30,5532,2964,2568,5016,516
13101,千代田区,2026,35～39,35,5315,2745,2570,4827,488
13101,千代田区,2026,40～44,40,5928,3102,2826,5515,413
13101,千代田区,2026,45～49,45,5919,3017,2902,5570,349
13101,千代田区,2026,50～54,50,5803,2926,2877,5502,301
13101,千代田区,2026,55～59,55,4572,2266,2306,4350,222
13101,千代田区,2026,60～64,60,3639,1831,1808,3452,187
13101,千代田区,2026,65～69,65,2588,1307,1281,2493,95
13101,千代田区,2026,70～74,70,2275,1103,1172,2216,59
13101,千代田区,2026,75～79,75,2561,1134,1427,2531,30
13101,千代田区,2026,80～84,80,1856,779,1077,1837,19
13101,千代田区,2026,85～89,85,1228,408,820,1214,14
13101,千代田区,2026,90～94,90,755,206,549,749,6
13101,千代田区,2026,95～99,95,260,51,209,260,0
13101,千代田区,2026,100以上,100,48,7,41,47,1
13102,中央区,2026,0～4,0,9027,4584,4443,8580,447
13102,中央区,2026,5～9,5,8941,4489,4452,8417,524
13102,中央区,2026,10～14,10,8124,4143,3981,7618,506
13102,中央区,2026,15～19,15,5981,2997,2984,5602,379
13102,中央区,2026,20～24,20,6948,3384,3564,6264,684
13102,中央区,2026,25～29,25,14062,6945,7117,12781,1281
13102,中央区,2026,30～34,30,17077,8208,8869,15253,1824
13102,中央区,2026,35～39,35,16658,7917,8741,14606,2052
13102,中央区,2026,40～44,40,17598,8518,9080,15891,1707
13102,中央区,2026,45～49,45,17459,8284,9175,16233,1226
13102,中央区,2026,50～54,50,17341,8303,9038,16438,903
13102,中央区,2026,55～59,55,13974,6759,7215,13230,744
13102,中央区,2026,60～64,60,10625,5267,5358,10022,603
13102,中央区,2026,65～69,65,6629,3276,3353,6276,353
13102,中央区,2026,70～74,70,5404,2517,2887,5222,182
13102,中央区,2026,75～79,75,6129,2696,3433,6032,97
13102,中央区,2026,80～84,80,4202,1612,2590,4162,40
13102,中央区,2026,85～89,85,2732,875,1857,2704,28
13102,中央区,2026,90～94,90,1589,453,1136,1579,10
13102,中央区,2026,95～99,95,443,89,354,440,3
13102,中央区,2026,100以上,100,72,10,62,71,1
13103,港区,2026,0～4,0,11515,5860,5655,10676,839
13103,港区,2026,5～9,5,12663,6380,6283,11569,1094
13103,港区,2026,10～14,10,11858,5995,5863,10867,991
13103,港区,2026,15～19,15,9660,4941,4719,8878,782
13103,港区,2026,20～24,20,11194,5506,5688,9937,1257
13103,港区,2026,25～29,25,18009,8850,9159,16151,1858
13103,港区,2026,30～34,30,20580,9794,10786,17988,2592
13103,港区,2026,35～39,35,20957,9654,11303,17944,3013
13103,港区,2026,40～44,40,22703,10619,12084,19770,2933
13103,港区,2026,45～49,45,23212,11053,12159,20895,2317
13103,港区,2026,50～54,50,23838,11058,12780,21899,1939
13103,港区,2026,55～59,55,20596,9952,10644,18976,1620
13103,港区,2026,60～64,60,16164,7883,8281,15039,1125
13103,港区,2026,65～69,65,11371,5477,5894,10698,673
13103,港区,2026,70～74,70,9283,4179,5104,8881,402
13103,港区,2026,75～79,75,10538,4558,5980,10296,242
13103,港区,2026,80～84,80,7078,2722,4356,6966,112
13103,港区,2026,85～89,85,4831,1633,3198,4753,78
13103,港区,2026,90～94,90,2824,756,2068,2798,26
13103,港区,2026,95～99,95,851,161,690,845,6
13103,港区,2026,100以上,100,152,25,127,150,2
13104,新宿区,2026,0～4,0,9196,4813,4383,8323,873
13104,新宿区,2026,5～9,5,10019,5047,4972,9045,974
13104,新宿区,2026,10～14,10,10094,5165,4929,9003,1091
13104,新宿区,2026,15～19,15,13337,6848,6489,9132,4205
13104,新宿区,2026,20～24,20,27776,13777,13999,17248,10528
13104,新宿区,2026,25～29,25,37298,19488,17810,27980,9318
13104,新宿区,2026,30～34,30,31348,16743,14605,25336,6012
13104,新宿区,2026,35～39,35,27045,14482,12563,22651,4394
13104,新宿区,2026,40～44,40,26376,14229,12147,22923,3453
13104,新宿区,2026,45～49,45,26346,13824,12522,23637,2709
13104,新宿区,2026,50～54,50,27413,13906,13507,24998,2415
13104,新宿区,2026,55～59,55,23288,11746,11542,21426,1862
13104,新宿区,2026,60～64,60,18978,9496,9482,17548,1430
13104,新宿区,2026,65～69,65,14681,7269,7412,13691,990
13104,新宿区,2026,70～74,70,13131,6402,6729,12602,529
13104,新宿区,2026,75～79,75,15165,7002,8163,14858,307
13104,新宿区,2026,80～84,80,10642,4245,6397,10503,139
13104,新宿区,2026,85～89,85,7429,2569,4860,7345,84
13104,新宿区,2026,90～94,90,4142,1124,3018,4109,33
13104,新宿区,2026,95～99,95,1223,211,1012,1216,7
13104,新宿区,2026,100以上,100,198,23,175,194,4
13105,文京区,2026,0～4,0,8651,4301,4350,8351,300
13105,文京区,2026,5～9,5,10420,5370,5050,9933,487
13105,文京区,2026,10～14,10,10344,5275,5069,9799,545
13105,文京区,2026,15～19,15,9434,4705,4729,8637,797
13105,文京区,2026,20～24,20,14700,7536,7164,11689,3011
13105,文京区,2026,25～29,25,19503,9749,9754,15855,3648
13105,文京区,2026,30～34,30,17988,8786,9202,15738,2250
13105,文京区,2026,35～39,35,17008,8200,8808,15347,1661
13105,文京区,2026,40～44,40,18395,8890,9505,17094,1301
13105,文京区,2026,45～49,45,18746,8912,9834,17788,958
13105,文京区,2026,50～54,50,18560,8795,9765,17958,602
13105,文京区,2026,55～59,55,15941,7461,8480,15431,510
13105,文京区,2026,60～64,60,13337,6392,6945,12932,405
13105,文京区,2026,65～69,65,9942,4660,5282,9690,252
13105,文京区,2026,70～74,70,8818,4128,4690,8645,173
13105,文京区,2026,75～79,75,9857,4313,5544,9758,99
13105,文京区,2026,80～84,80,6754,2708,4046,6719,35
13105,文京区,2026,85～89,85,4739,1581,3158,4709,30
13105,文京区,2026,90～94,90,2832,814,2018,2814,18
13105,文京区,2026,95～99,95,881,179,702,871,10
13105,文京区,2026,100以上,100,131,13,118,129,2
13106,台東区,2026,0～4,0,5990,3014,2976,5651,339
13106,台東区,2026,5～9,5,5628,2874,2754,5275,353
13106,台東区,2026,10～14,10,5894,2958,2936,5522,372
13106,台東区,2026,15～19,15,6135,3201,2934,5225,910
13106,台東区,2026,20～24,20,10853,5464,5389,8082,2771
13106,台東区,2026,25～29,25,21884,11100,10784,18060,3824
13106,台東区,2026,30～34,30,21392,11240,10152,18131,3261
13106,台東区,2026,35～39,35,16977,9037,7940,14510,2467
13106,台東区,2026,40～44,40,16766,9017,7749,14999,1767
13106,台東区,2026,45～49,45,16780,8811,7969,15402,1378
13106,台東区,2026,50～54,50,17689,9195,8494,16534,1155
13106,台東区,2026,55～59,55,15306,8006,7300,14348,958
13106,台東区,2026,60～64,60,11962,6310,5652,11219,743
13106,台東区,2026,65～69,65,9280,4868,4412,8830,450
13106,台東区,2026,70～74,70,8850,4497,4353,8575,275
13106,台東区,2026,75～79,75,10329,5094,5235,10185,144
13106,台東区,2026,80～84,80,7253,2981,4272,7157,96
13106,台東区,2026,85～89,85,5004,1811,3193,4953,51
13106,台東区,2026,90～94,90,2696,787,1909,2672,24
13106,台東区,2026,95～99,95,724,149,575,717,7
13106,台東区,2026,100以上,100,120,16,104,119,1
13107,墨田区,2026,0～4,0,9020,4554,4466,8697,323
13107,墨田区,2026,5～9,5,9027,4598,4429,8634,393
13107,墨田区,2026,10～14,10,9040,4607,4433,8655,385
13107,墨田区,2026,15～19,15,9396,4883,4513,8633,763
13107,墨田区,2026,20～24,20,15232,7583,7649,13008,2224
13107,墨田区,2026,25～29,25,30057,14975,15082,26980,3077
13107,墨田区,2026,30～34,30,27311,13646,13665,24589,2722
13107,墨田区,2026,35～39,35,21668,10860,10808,19637,2031
13107,墨田区,2026,40～44,40,20839,10646,10193,19439,1400
13107,墨田区,2026,45～49,45,21067,10751,10316,19879,1188
13107,墨田区,2026,50～54,50,22559,11432,11127,21569,990
13107,墨田区,2026,55～59,55,19181,9829,9352,18328,853
13107,墨田区,2026,60～64,60,15418,7922,7496,14747,671
13107,墨田区,2026,65～69,65,11931,5957,5974,11611,320
13107,墨田区,2026,70～74,70,12161,5899,6262,11943,218
13107,墨田区,2026,75～79,75,13690,6352,7338,13564,126
13107,墨田区,2026,80～84,80,9928,3920,6008,9852,76
13107,墨田区,2026,85～89,85,6905,2484,4421,6877,28
13107,墨田区,2026,90～94,90,3417,944,2473,3405,12
13107,墨田区,2026,95～99,95,856,185,671,850,6
13107,墨田区,2026,100以上,100,130,22,108,130,0
13108,江東区,2026,0～4,0,19203,9891,9312,17671,1532
13108,江東区,2026,5～9,5,21866,11130,10736,20066,1800
13108,江東区,2026,10～14,10,22334,11457,10877,20646,1688
13108,江東区,2026,15～19,15,21592,10977,10615,20005,1587
13108,江東区,2026,20～24,20,27634,13992,13642,24329,3305
13108,江東区,2026,25～29,25,41016,20736,20280,35452,5564
13108,江東区,2026,30～34,30,38620,19052,19568,33079,5541
13108,江東区,2026,35～39,35,37631,18742,18889,32260,5371
13108,江東区,2026,40～44,40,40973,20682,20291,36746,4227
13108,江東区,2026,45～49,45,42446,21361,21085,39450,2996
13108,江東区,2026,50～54,50,47223,23697,23526,44880,2343
13108,江東区,2026,55～59,55,39971,20564,19407,38095,1876
13108,江東区,2026,60～64,60,30090,15358,14732,28662,1428
13108,江東区,2026,65～69,65,23117,11287,11830,22223,894
13108,江東区,2026,70～74,70,23370,10970,12400,22826,544
13108,江東区,2026,75～79,75,27304,12297,15007,26980,324
13108,江東区,2026,80～84,80,18878,7648,11230,18692,186
13108,江東区,2026,85～89,85,12379,4447,7932,12265,114
13108,江東区,2026,90～94,90,5968,1757,4211,5915,53
13108,江東区,2026,95～99,95,1367,256,1111,1353,14
13108,江東区,2026,100以上,100,211,17,194,211,0
13109,品川区,2026,0～4,0,14745,7588,7157,14316,429
13109,品川区,2026,5～9,5,16139,8137,8002,15719,420
13109,品川区,2026,10～14,10,15740,8057,7683,15269,471
13109,品川区,2026,15～19,15,14091,7203,6888,13575,516
13109,品川区,2026,20～24,20,20856,10465,10391,19136,1720
13109,品川区,2026,25～29,25,36881,18973,17908,33987,2894
13109,品川区,2026,30～34,30,34011,17212,16799,31303,2708
13109,品川区,2026,35～39,35,31557,15842,15715,29425,2132
13109,品川区,2026,40～44,40,33315,16792,16523,31475,1840
13109,品川区,2026,45～49,45,32814,16496,16318,31552,1262
13109,品川区,2026,50～54,50,33922,16844,17078,32892,1030
13109,品川区,2026,55～59,55,28686,14484,14202,27821,865
13109,品川区,2026,60～64,60,22354,11351,11003,21703,651
13109,品川区,2026,65～69,65,16898,8194,8704,16474,424
13109,品川区,2026,70～74,70,16229,7601,8628,15943,286
13109,品川区,2026,75～79,75,19045,8646,10399,18874,171
13109,品川区,2026,80～84,80,13070,5237,7833,12980,90
13109,品川区,2026,85～89,85,8784,3116,5668,8734,50
13109,品川区,2026,90～94,90,4883,1341,3542,4864,19
13109,品川区,2026,95～99,95,1360,282,1078,1352,8
13109,品川区,2026,100以上,100,264,36,228,262,2
13110,目黒区,2026,0～4,0,9196,4750,4446,8911,285
13110,目黒区,2026,5～9,5,10143,5242,4901,9855,288
13110,目黒区,2026,10～14,10,10621,5449,5172,10362,259
13110,目黒区,2026,15～19,15,10048,5169,4879,9769,279
13110,目黒区,2026,20～24,20,13995,6810,7185,12946,1049
13110,目黒区,2026,25～29,25,23897,11803,12094,22017,1880
13110,目黒区,2026,30～34,30,22729,11036,11693,20814,1915
13110,目黒区,2026,35～39,35,20619,9861,10758,18953,1666
13110,目黒区,2026,40～44,40,22005,10467,11538,20803,1202
13110,目黒区,2026,45～49,45,23216,11126,12090,22301,915
13110,目黒区,2026,50～54,50,23534,10872,12662,22798,736
13110,目黒区,2026,55～59,55,20259,9596,10663,19666,593
13110,目黒区,2026,60～64,60,16789,8094,8695,16334,455
13110,目黒区,2026,65～69,65,12277,5919,6358,11967,310
13110,目黒区,2026,70～74,70,10540,4827,5713,10362,178
13110,目黒区,2026,75～79,75,12351,5368,6983,12230,121
13110,目黒区,2026,80～84,80,8996,3573,5423,8940,56
13110,目黒区,2026,85～89,85,6271,2146,4125,6222,49
13110,目黒区,2026,90～94,90,3705,1033,2672,3693,12
13110,目黒区,2026,95～99,95,1190,228,962,1180,10
13110,目黒区,2026,100以上,100,226,29,197,224,2
13111,大田区,2026,0～4,0,22520,11582,10938,21504,1016
13111,大田区,2026,5～9,5,24437,12583,11854,23543,894
13111,大田区,2026,10～14,10,26368,13392,12976,25448,920
13111,大田区,2026,15～19,15,27225,13816,13409,26248,977
13111,大田区,2026,20～24,20,46114,22734,23380,42535,3579
13111,大田区,2026,25～29,25,67734,34540,33194,61325,6409
13111,大田区,2026,30～34,30,55633,28762,26871,50173,5460
13111,大田区,2026,35～39,35,47960,24719,23241,44114,3846
13111,大田区,2026,40～44,40,50637,26116,24521,47756,2881
13111,大田区,2026,45～49,45,52809,27074,25735,50611,2198
13111,大田区,2026,50～54,50,60582,30961,29621,58810,1772
13111,大田区,2026,55～59,55,54520,28338,26182,52915,1605
13111,大田区,2026,60～64,60,44291,23107,21184,43118,1173
13111,大田区,2026,65～69,65,34556,17491,17065,33878,678
13111,大田区,2026,70～74,70,33059,16210,16849,32595,464
13111,大田区,2026,75～79,75,38408,17646,20762,38101,307
13111,大田区,2026,80～84,80,27487,11452,16035,27315,172
13111,大田区,2026,85～89,85,18071,6448,11623,17966,105
13111,大田区,2026,90～94,90,9474,2679,6795,9421,53
13111,大田区,2026,95～99,95,2703,543,2160,2696,7
13111,大田区,2026,100以上,100,460,55,405,460,0
13112,世田谷区,2026,0～4,0,29643,15217,14426,28998,645
13112,世田谷区,2026,5～9,5,34343,17567,16776,33716,627
13112,世田谷区,2026,10～14,10,38093,19395,18698,37445,648
13112,世田谷区,2026,15～19,15,38850,20004,18846,37625,1225
13112,世田谷区,2026,20～24,20,52378,26215,26163,48225,4153
13112,世田谷区,2026,25～29,25,70128,33652,36476,65122,5006
13112,世田谷区,2026,30～34,30,64159,30707,33452,59670,4489
13112,世田谷区,2026,35～39,35,60213,28499,31714,56549,3664
13112,世田谷区,2026,40～44,40,66337,31633,34704,63631,2706
13112,世田谷区,2026,45～49,45,74020,35120,38900,71925,2095
13112,世田谷区,2026,50～54,50,78270,36878,41392,76703,1567
13112,世田谷区,2026,55～59,55,70523,34037,36486,69200,1323
13112,世田谷区,2026,60～64,60,59400,29312,30088,58403,997
13112,世田谷区,2026,65～69,65,44241,21414,22827,43600,641
13112,世田谷区,2026,70～74,70,37261,17337,19924,36862,399
13112,世田谷区,2026,75～79,75,42105,18617,23488,41837,268
13112,世田谷区,2026,80～84,80,30056,11894,18162,29898,158
13112,世田谷区,2026,85～89,85,21252,7387,13865,21163,89
13112,世田谷区,2026,90～94,90,12731,3623,9108,12684,47
13112,世田谷区,2026,95～99,95,3996,837,3159,3976,20
13112,世田谷区,2026,100以上,100,667,91,576,662,5
13113,渋谷区,2026,0～4,0,7361,3711,3650,7126,235
13113,渋谷区,2026,5～9,5,7936,3944,3992,7618,318
13113,渋谷区,2026,10～14,10,7865,3955,3910,7557,308
13113,渋谷区,2026,15～19,15,7253,3588,3665,6810,443
13113,渋谷区,2026,20～24,20,10859,5219,5640,9541,1318
13113,渋谷区,2026,25～29,25,18940,9498,9442,17057,1883
13113,渋谷区,2026,30～34,30,19513,9902,9611,17609,1904
13113,渋谷区,2026,35～39,35,18335,9102,9233,16658,1677
13113,渋谷区,2026,40～44,40,19667,9830,9837,18312,1355
13113,渋谷区,2026,45～49,45,20124,9979,10145,19086,1038
13113,渋谷区,2026,50～54,50,19386,9238,10148,18535,851
13113,渋谷区,2026,55～59,55,16841,8074,8767,16155,686
13113,渋谷区,2026,60～64,60,13479,6563,6916,12978,501
13113,渋谷区,2026,65～69,65,9942,4730,5212,9620,322
13113,渋谷区,2026,70～74,70,8391,3928,4463,8214,177
13113,渋谷区,2026,75～79,75,9597,4184,5413,9474,123
13113,渋谷区,2026,80～84,80,6676,2627,4049,6597,79
13113,渋谷区,2026,85～89,85,4834,1605,3229,4801,33
13113,渋谷区,2026,90～94,90,2788,751,2037,2767,21
13113,渋谷区,2026,95～99,95,943,166,777,936,7
13113,渋谷区,2026,100以上,100,150,21,129,149,1
13114,中野区,2026,0～4,0,9557,4921,4636,9065,492
13114,中野区,2026,5～9,5,10038,5172,4866,9614,424
13114,中野区,2026,10～14,10,10156,5188,4968,9763,393
13114,中野区,2026,15～19,15,11326,5851,5475,9386,1940
13114,中野区,2026,20～24,20,23254,11887,11367,17208,6046
13114,中野区,2026,25～29,25,35029,18162,16867,29239,5790
13114,中野区,2026,30～34,30,30898,16258,14640,27116,3782
13114,中野区,2026,35～39,35,26993,14586,12407,24396,2597
13114,中野区,2026,40～44,40,26387,14433,11954,24661,1726
13114,中野区,2026,45～49,45,25675,13818,11857,24600,1075
13114,中野区,2026,50～54,50,26329,13797,12532,25460,869
13114,中野区,2026,55～59,55,22695,11951,10744,21991,704
13114,中野区,2026,60～64,60,18721,9569,9152,18181,540
13114,中野区,2026,65～69,65,14319,7190,7129,13988,331
13114,中野区,2026,70～74,70,13250,6296,6954,13059,191
13114,中野区,2026,75～79,75,14944,6721,8223,14825,119
13114,中野区,2026,80～84,80,10718,4249,6469,10651,67
13114,中野区,2026,85～89,85,7447,2481,4966,7411,36
13114,中野区,2026,90～94,90,4418,1229,3189,4403,15
13114,中野区,2026,95～99,95,1404,297,1107,1401,3
13114,中野区,2026,100以上,100,236,29,207,231,5
13115,杉並区,2026,0～4,0,17987,9198,8789,17527,460
13115,杉並区,2026,5～9,5,20333,10286,10047,19903,430
13115,杉並区,2026,10～14,10,20606,10516,10090,20189,417
13115,杉並区,2026,15～19,15,21390,10897,10493,20083,1307
13115,杉並区,2026,20～24,20,34858,16894,17964,29855,5003
13115,杉並区,2026,25～29,25,50001,24598,25403,44552,5449
13115,杉並区,2026,30～34,30,45053,22126,22927,41427,3626
13115,杉並区,2026,35～39,35,41010,20413,20597,38447,2563
13115,杉並区,2026,40～44,40,42837,21650,21187,41106,1731
13115,杉並区,2026,45～49,45,44311,21995,22316,43075,1236
13115,杉並区,2026,50～54,50,46101,22377,23724,45264,837
13115,杉並区,2026,55～59,55,41274,20334,20940,40599,675
13115,杉並区,2026,60～64,60,35150,17525,17625,34571,579
13115,杉並区,2026,65～69,65,26982,13136,13846,26617,365
13115,杉並区,2026,70～74,70,23816,11280,12536,23549,267
13115,杉並区,2026,75～79,75,26862,11949,14913,26710,152
13115,杉並区,2026,80～84,80,19215,7624,11591,19127,88
13115,杉並区,2026,85～89,85,13388,4654,8734,13341,47
13115,杉並区,2026,90～94,90,8218,2340,5878,8183,35
13115,杉並区,2026,95～99,95,2778,569,2209,2771,7
13115,杉並区,2026,100以上,100,466,52,414,465,1
13116,豊島区,2026,0～4,0,8302,4301,4001,7623,679
13116,豊島区,2026,5～9,5,8678,4401,4277,8113,565
13116,豊島区,2026,10～14,10,8758,4428,4330,8245,513
13116,豊島区,2026,15～19,15,10392,5265,5127,8101,2291
13116,豊島区,2026,20～24,20,22339,11276,11063,13645,8694
13116,豊島区,2026,25～29,25,30575,15633,14942,21821,8754
13116,豊島区,2026,30～34,30,26516,13652,12864,20640,5876
13116,豊島区,2026,35～39,35,23189,12004,11185,19571,3618
13116,豊島区,2026,40～44,40,21816,11688,10128,19683,2133
13116,豊島区,2026,45～49,45,22144,11745,10399,20623,1521
13116,豊島区,2026,50～54,50,22312,11439,10873,21122,1190
13116,豊島区,2026,55～59,55,19284,9960,9324,18348,936
13116,豊島区,2026,60～64,60,15843,8181,7662,15055,788
13116,豊島区,2026,65～69,65,12261,6133,6128,11827,434
13116,豊島区,2026,70～74,70,11384,5581,5803,11057,327
13116,豊島区,2026,75～79,75,12927,5901,7026,12790,137
13116,豊島区,2026,80～84,80,8864,3584,5280,8800,64
13116,豊島区,2026,85～89,85,6003,1971,4032,5962,41
13116,豊島区,2026,90～94,90,3323,866,2457,3304,19
13116,豊島区,2026,95～99,95,1019,182,837,1016,3
13116,豊島区,2026,100以上,100,200,23,177,199,1
13117,北区,2026,0～4,0,11772,6042,5730,10636,1136
13117,北区,2026,5～9,5,12823,6512,6311,11876,947
13117,北区,2026,10～14,10,12545,6413,6132,11665,880
13117,北区,2026,15～19,15,12806,6500,6306,11176,1630
13117,北区,2026,20～24,20,22943,11766,11177,16688,6255
13117,北区,2026,25～29,25,32266,16578,15688,25597,6669
13117,北区,2026,30～34,30,29699,15314,14385,24575,5124
13117,北区,2026,35～39,35,26333,13624,12709,22553,3780
13117,北区,2026,40～44,40,26212,13775,12437,23526,2686
13117,北区,2026,45～49,45,26029,13656,12373,24210,1819
13117,北区,2026,50～54,50,27636,14390,13246,26349,1287
13117,北区,2026,55～59,55,23294,12055,11239,22189,1105
13117,北区,2026,60～64,60,19532,10054,9478,18734,798
13117,北区,2026,65～69,65,16044,8026,8018,15548,496
13117,北区,2026,70～74,70,16641,8190,8451,16344,297
13117,北区,2026,75～79,75,19655,8879,10776,19452,203
13117,北区,2026,80～84,80,14323,5729,8594,14221,102
13117,北区,2026,85～89,85,9838,3333,6505,9781,57
13117,北区,2026,90～94,90,5316,1462,3854,5296,20
13117,北区,2026,95～99,95,1514,275,1239,1511,3
13117,北区,2026,100以上,100,211,31,180,209,2
13118,荒川区,2026,0～4,0,7205,3634,3571,6580,625
13118,荒川区,2026,5～9,5,7656,3934,3722,7064,592
13118,荒川区,2026,10～14,10,8220,4174,4046,7616,604
13118,荒川区,2026,15～19,15,8978,4607,4371,7666,1312
13118,荒川区,2026,20～24,20,14245,7315,6930,9952,4293
13118,荒川区,2026,25～29,25,19317,9787,9530,15164,4153
13118,荒川区,2026,30～34,30,17594,9013,8581,14269,3325
13118,荒川区,2026,35～39,35,15572,8057,7515,13082,2490
13118,荒川区,2026,40～44,40,15678,8115,7563,13831,1847
13118,荒川区,2026,45～49,45,16400,8398,8002,14999,1401
13118,荒川区,2026,50～54,50,17859,9074,8785,16605,1254
13118,荒川区,2026,55～59,55,14911,7668,7243,13822,1089
13118,荒川区,2026,60～64,60,12601,6424,6177,11722,879
13118,荒川区,2026,65～69,65,9997,5043,4954,9366,631
13118,荒川区,2026,70～74,70,10017,4849,5168,9571,446
13118,荒川区,2026,75～79,75,11531,5482,6049,11270,261
13118,荒川区,2026,80～84,80,7895,3236,4659,7691,204
13118,荒川区,2026,85～89,85,5455,1883,3572,5347,108
13118,荒川区,2026,90～94,90,2832,778,2054,2790,42
13118,荒川区,2026,95～99,95,733,143,590,717,16
13118,荒川区,2026,100以上,100,88,12,76,84,4
13119,板橋区,2026,0～4,0,16749,8467,8282,15639,1110
13119,板橋区,2026,5～9,5,19169,9711,9458,18158,1011
13119,板橋区,2026,10～14,10,20946,10891,10055,19997,949
13119,板橋区,2026,15～19,15,22084,11335,10749,20271,1813
13119,板橋区,2026,20～24,20,37899,18424,19475,30964,6935
13119,板橋区,2026,25～29,25,51317,24721,26596,43137,8180
13119,板橋区,2026,30～34,30,44281,21919,22362,38194,6087
13119,板橋区,2026,35～39,35,38613,19295,19318,34525,4088
13119,板橋区,2026,40～44,40,39682,20355,19327,36705,2977
13119,板橋区,2026,45～49,45,41748,21475,20273,39510,2238
13119,板橋区,2026,50～54,50,45663,23353,22310,44034,1629
13119,板橋区,2026,55～59,55,39788,20511,19277,38415,1373
13119,板橋区,2026,60～64,60,34080,17426,16654,32905,1175
13119,板橋区,2026,65～69,65,26942,13550,13392,26234,708
13119,板橋区,2026,70～74,70,26959,13099,13860,26518,441
13119,板橋区,2026,75～79,75,30705,14062,16643,30484,221
13119,板橋区,2026,80～84,80,21625,8762,12863,21496,129
13119,板橋区,2026,85～89,85,14679,5054,9625,14618,61
13119,板橋区,2026,90～94,90,7982,2210,5772,7954,28
13119,板橋区,2026,95～99,95,2267,461,1806,2261,6
13119,板橋区,2026,100以上,100,350,38,312,349,1
13120,練馬区,2026,0～4,0,25450,13070,12380,24770,680
13120,練馬区,2026,5～9,5,28252,14433,13819,27498,754
13120,練馬区,2026,10～14,10,29887,15369,14518,29094,793
13120,練馬区,2026,15～19,15,31870,16436,15434,30429,1441
13120,練馬区,2026,20～24,20,44023,21443,22580,39391,4632
13120,練馬区,2026,25～29,25,54594,25988,28606,49252,5342
13120,練馬区,2026,30～34,30,52789,25366,27423,48810,3979
13120,練馬区,2026,35～39,35,50289,24733,25556,47246,3043
13120,練馬区,2026,40～44,40,51757,25935,25822,49483,2274
13120,練馬区,2026,45～49,45,53511,26939,26572,51758,1753
13120,練馬区,2026,50～54,50,59438,29643,29795,58024,1414
13120,練馬区,2026,55～59,55,55798,28127,27671,54561,1237
13120,練馬区,2026,60～64,60,47923,24196,23727,47000,923
13120,練馬区,2026,65～69,65,36501,18173,18328,35963,538
13120,練馬区,2026,70～74,70,32075,15536,16539,31722,353
13120,練馬区,2026,75～79,75,35477,15938,19539,35233,244
13120,練馬区,2026,80～84,80,26346,10351,15995,26215,131
13120,練馬区,2026,85～89,85,19680,6888,12792,19603,77
13120,練馬区,2026,90～94,90,11104,3266,7838,11058,46
13120,練馬区,2026,95～99,95,3347,766,2581,3339,8
13120,練馬区,2026,100以上,100,448,56,392,448,0
13121,足立区,2026,0～4,0,20637,10582,10055,19016,1621
13121,足立区,2026,5～9,5,23230,11821,11409,21480,1750
13121,足立区,2026,10～14,10,26560,13564,12996,24838,1722
13121,足立区,2026,15～19,15,28820,14849,13971,26971,1849
13121,足立区,2026,20～24,20,41051,20674,20377,36027,5024
13121,足立区,2026,25～29,25,53960,28074,25886,47215,6745
13121,足立区,2026,30～34,30,48563,25347,23216,42052,6511
13121,足立区,2026,35～39,35,42805,22390,20415,37469,5336
13121,足立区,2026,40～44,40,44179,23007,21172,39951,4228
13121,足立区,2026,45～49,45,48877,25298,23579,45601,3276
13121,足立区,2026,50～54,50,58828,30899,27929,56163,2665
13121,足立区,2026,55～59,55,53715,28159,25556,51262,2453
13121,足立区,2026,60～64,60,43879,22904,20975,42005,1874
13121,足立区,2026,65～69,65,33405,17194,16211,32153,1252
13121,足立区,2026,70～74,70,33095,16294,16801,32241,854
13121,足立区,2026,75～79,75,38626,17619,21007,38089,537
13121,足立区,2026,80～84,80,30013,12033,17980,29697,316
13121,足立区,2026,85～89,85,20924,7361,13563,20726,198
13121,足立区,2026,90～94,90,9862,2927,6935,9797,65
13121,足立区,2026,95～99,95,2059,430,1629,2047,12
13121,足立区,2026,100以上,100,281,37,244,279,2
13122,葛飾区,2026,0～4,0,14828,7724,7104,13631,1197
13122,葛飾区,2026,5～9,5,16743,8600,8143,15502,1241
13122,葛飾区,2026,10～14,10,18137,9303,8834,16991,1146
13122,葛飾区,2026,15～19,15,19309,9939,9370,17822,1487
13122,葛飾区,2026,20～24,20,28089,14325,13764,24018,4071
13122,葛飾区,2026,25～29,25,34884,17834,17050,30210,4674
13122,葛飾区,2026,30～34,30,31226,15972,15254,26910,4316
13122,葛飾区,2026,35～39,35,29440,15333,14107,25637,3803
13122,葛飾区,2026,40～44,40,30568,15791,14777,27654,2914
13122,葛飾区,2026,45～49,45,32661,17124,15537,30465,2196
13122,葛飾区,2026,50～54,50,38366,19857,18509,36790,1576
13122,葛飾区,2026,55～59,55,34927,18159,16768,33569,1358
13122,葛飾区,2026,60～64,60,30048,15515,14533,28994,1054
13122,葛飾区,2026,65～69,65,23630,12008,11622,23030,600
13122,葛飾区,2026,70～74,70,22922,11347,11575,22513,409
13122,葛飾区,2026,75～79,75,25572,11834,13738,25326,246
13122,葛飾区,2026,80～84,80,18829,7551,11278,18690,139
13122,葛飾区,2026,85～89,85,13398,4644,8754,13323,75
13122,葛飾区,2026,90～94,90,7010,2029,4981,6981,29
13122,葛飾区,2026,95～99,95,1737,407,1330,1728,9
13122,葛飾区,2026,100以上,100,234,26,208,233,1
13123,江戸川区,2026,0～4,0,22865,11739,11126,20573,2292
13123,江戸川区,2026,5～9,5,26161,13334,12827,23720,2441
13123,江戸川区,2026,10～14,10,28983,14770,14213,26716,2267
13123,江戸川区,2026,15～19,15,31715,16234,15481,29283,2432
13123,江戸川区,2026,20～24,20,43201,22042,21159,37096,6105
13123,江戸川区,2026,25～29,25,51892,26799,25093,44630,7262
13123,江戸川区,2026,30～34,30,47672,24872,22800,40725,6947
13123,江戸川区,2026,35～39,35,44028,22790,21238,37733,6295
13123,江戸川区,2026,40～44,40,46202,24167,22035,41045,5157
13123,江戸川区,2026,45～49,45,49480,25629,23851,45866,3614
13123,江戸川区,2026,50～54,50,59486,30768,28718,56907,2579
13123,江戸川区,2026,55～59,55,55136,28836,26300,53074,2062
13123,江戸川区,2026,60～64,60,43549,23088,20461,42151,1398
13123,江戸川区,2026,65～69,65,30832,16052,14780,29951,881
13123,江戸川区,2026,70～74,70,29521,14598,14923,29010,511
13123,江戸川区,2026,75～79,75,33928,15353,18575,33666,262
13123,江戸川区,2026,80～84,80,25283,10085,15198,25130,153
13123,江戸川区,2026,85～89,85,17270,6194,11076,17197,73
13123,江戸川区,2026,90～94,90,8135,2499,5636,8104,31
13123,江戸川区,2026,95～99,95,1814,375,1439,1806,8
13123,江戸川区,2026,100以上,100,261,31,230,260,1
