地域階層,地域コード,地域,昭和60年／総数(%),昭和60年／男(%),昭和60年／女(%),昭和61年／総数(%),昭和61年／男(%),昭和61年／女(%),昭和62年／総数(%),昭和62年／男(%),昭和62年／女(%),昭和63年／総数(%),昭和63年／男(%),昭和63年／女(%),昭和64年／総数(%),昭和64年／男(%),昭和64年／女(%),平成2年／総数(%),平成2年／男(%),平成2年／女(%),平成3年／総数(%),平成3年／男(%),平成3年／女(%),平成4年／総数(%),平成4年／男(%),平成4年／女(%),平成5年／総数(%),平成5年／男(%),平成5年／女(%),平成6年／総数(%),平成6年／男(%),平成6年／女(%),平成7年／総数(%),平成7年／男(%),平成7年／女(%),平成8年／総数(%),平成8年／男(%),平成8年／女(%),平成9年／総数(%),平成9年／男(%),平成9年／女(%),平成10年／総数(%),平成10年／男(%),平成10年／女(%),平成11年／総数(%),平成11年／男(%),平成11年／女(%),平成12年／総数(%),平成12年／男(%),平成12年／女(%),平成13年／総数(%),平成13年／男(%),平成13年／女(%),平成14年／総数(%),平成14年／男(%),平成14年／女(%),平成15年／総数(%),平成15年／男(%),平成15年／女(%),平成16年／総数(%),平成16年／男(%),平成16年／女(%),平成17年／総数(%),平成17年／男(%),平成17年／女(%),平成18年／総数(%),平成18年／男(%),平成18年／女(%),平成19年／総数(%),平成19年／男(%),平成19年／女(%),平成20年／総数(%),平成20年／男(%),平成20年／女(%),平成21年／総数(%),平成21年／男(%),平成21年／女(%),平成22年／総数(%),平成22年／男(%),平成22年／女(%),平成23年／総数(%),平成23年／男(%),平成23年／女(%),平成24年／総数(%),平成24年／男(%),平成24年／女(%),平成25年／人口総計／総数(%),平成25年／人口総計／男(%),平成25年／人口総計／女(%),平成25年／人口総計／人口総数のうち日本人（再掲）／総数(%),平成25年／人口総計／人口総数のうち日本人（再掲）／男(%),平成25年／人口総計／人口総数のうち日本人（再掲）／女(%),平成26年／人口総計／総数(%),平成26年／人口総計／男(%),平成26年／人口総計／女(%),平成26年／人口総計／人口総数のうち日本人（再掲）／総数(%),平成26年／人口総計／人口総数のうち日本人（再掲）／男(%),平成26年／人口総計／人口総数のうち日本人（再掲）／女(%),平成27年／人口総計／総数(%),平成27年／人口総計／男(%),平成27年／人口総計／女(%),平成27年／人口総計／人口総数のうち日本人（再掲）／総数(%),平成27年／人口総計／人口総数のうち日本人（再掲）／男(%),平成27年／人口総計／人口総数のうち日本人（再掲）／女(%),平成28年／人口総計／総数(%),平成28年／人口総計／男(%),平成28年／人口総計／女(%),平成28年／人口総計／人口総数のうち日本人（再掲）／総数(%),平成28年／人口総計／人口総数のうち日本人（再掲）／男(%),平成28年／人口総計／人口総数のうち日本人（再掲）／女(%),平成29年／人口総計／総数(%),平成29年／人口総計／男(%),平成29年／人口総計／女(%),平成29年／人口総計／人口総数のうち日本人（再掲）／総数(%),平成29年／人口総計／人口総数のうち日本人（再掲）／男(%),平成29年／人口総計／人口総数のうち日本人（再掲）／女(%),平成30年／人口総計／総数(%),平成30年／人口総計／男(%),平成30年／人口総計／女(%),平成30年／人口総計／人口総数のうち日本人（再掲）／総数(%),平成30年／人口総計／人口総数のうち日本人（再掲）／男(%),平成30年／人口総計／人口総数のうち日本人（再掲）／女(%),平成31年／人口総計／総数(%),平成31年／人口総計／男(%),平成31年／人口総計／女(%),平成31年／人口総計／人口総数のうち日本人（再掲）／総数(%),平成31年／人口総計／人口総数のうち日本人（再掲）／男(%),平成31年／人口総計／人口総数のうち日本人（再掲）／女(%),令和2年／人口総計／総数(%),令和2年／人口総計／男(%),令和2年／人口総計／女(%),令和2年／人口総計／人口総数のうち日本人（再掲）／総数(%),令和2年／人口総計／人口総数のうち日本人（再掲）／男(%),令和2年／人口総計／人口総数のうち日本人（再掲）／女(%),令和3年／人口総計／総数(%),令和3年／人口総計／男(%),令和3年／人口総計／女(%),令和3年／人口総計／人口総数のうち日本人（再掲）／総数(%),令和3年／人口総計／人口総数のうち日本人（再掲）／男(%),令和3年／人口総計／人口総数のうち日本人（再掲）／女(%),令和4年／人口総計／総数(%),令和4年／人口総計／男(%),令和4年／人口総計／女(%),令和4年／人口総計／人口総数のうち日本人（再掲）／総数(%),令和4年／人口総計／人口総数のうち日本人（再掲）／男(%),令和4年／人口総計／人口総数のうち日本人（再掲）／女(%),令和5年／人口総計／総数(%),令和5年／人口総計／男(%),令和5年／人口総計／女(%),令和5年／人口総計／人口総数のうち日本人（再掲）／総数(%),令和5年／人口総計／人口総数のうち日本人（再掲）／男(%),令和5年／人口総計／人口総数のうち日本人（再掲）／女(%),令和6年／人口総計／総数(%),令和6年／人口総計／男(%),令和6年／人口総計／女(%),令和6年／人口総計／人口総数のうち日本人（再掲）／総数(%),令和6年／人口総計／人口総数のうち日本人（再掲）／男(%),令和6年／人口総計／人口総数のうち日本人（再掲）／女(%),令和7年／人口総計／総数(%),令和7年／人口総計／男(%),令和7年／人口総計／女(%),令和7年／人口総計／人口総数のうち日本人（再掲）／総数(%),令和7年／人口総計／人口総数のうち日本人（再掲）／男(%),令和7年／人口総計／人口総数のうち日本人（再掲）／女(%),令和8年／人口総計／総数(%),令和8年／人口総計／男(%),令和8年／人口総計／女(%),令和8年／人口総計／人口総数のうち日本人（再掲）／総数(%),令和8年／人口総計／人口総数のうち日本人（再掲）／男(%),令和8年／人口総計／人口総数のうち日本人（再掲）／女(%)
0,13000,総数,8.82,3.71,5.12,9.09,3.78,5.31,9.38,3.87,5.51,9.68,3.96,5.72,10.01,4.07,5.94,10.39,4.22,6.17,10.84,4.41,6.43,11.28,4.61,6.68,11.76,4.81,6.95,12.29,5.04,7.25,12.82,5.27,7.55,13.34,5.5,7.84,13.9,5.75,8.15,14.48,6.01,8.46,15.03,6.26,8.76,15.51,6.48,9.03,16.11,6.76,9.35,16.62,6.99,9.63,17.14,7.22,9.92,17.52,7.39,10.14,17.89,7.55,10.34,18.37,7.76,10.6,18.9,8.01,10.89,19.38,8.23,11.15,19.9,8.47,11.43,20.31,8.66,11.65,20.47,8.73,11.75,20.76,8.85,11.9,20.95,8.98,11.97,21.46,9.2,12.26,21.55,9.28,12.27,22.07,9.5,12.57,22.09,9.54,12.55,22.65,9.78,12.87,22.36,9.68,12.67,22.97,9.95,13.03,22.5,9.76,12.74,23.18,10.05,13.13,22.59,9.81,12.79,23.32,10.12,13.2,22.59,9.81,12.78,23.35,10.14,13.21,22.57,9.8,12.77,23.36,10.14,13.21,22.67,9.85,12.82,23.4,10.17,13.23,22.79,9.9,12.89,23.46,10.19,13.27,22.67,9.84,12.83,23.43,10.17,13.26,22.59,9.8,12.79,23.45,10.18,13.27,22.48,9.75,12.73,23.44,10.17,13.27,22.44,9.74,12.7,23.48,10.2,13.28
1,13100,区部,9.46,3.96,5.5,9.74,4.04,5.71,10.04,4.12,5.92,10.36,4.22,6.15,10.7,4.33,6.37,11.11,4.49,6.63,11.58,4.68,6.9,12.04,4.87,7.17,12.54,5.08,7.46,13.09,5.31,7.78,13.62,5.53,8.09,14.13,5.75,8.38,14.66,5.98,8.68,15.21,6.23,8.98,15.73,6.46,9.27,16.18,6.66,9.52,16.75,6.92,9.83,17.2,7.12,10.08,17.66,7.33,10.34,17.97,7.46,10.52,18.27,7.59,10.69,18.66,7.76,10.9,19.1,7.97,11.12,19.49,8.16,11.33,19.91,8.36,11.54,20.25,8.53,11.72,20.33,8.56,11.77,20.54,8.66,11.88,20.54,8.72,11.82,21.15,8.97,12.18,21.03,8.97,12.06,21.66,9.24,12.42,21.45,9.19,12.25,22.13,9.48,12.64,21.59,9.29,12.3,22.33,9.6,12.73,21.63,9.32,12.31,22.44,9.67,12.77,21.61,9.33,12.28,22.47,9.69,12.77,21.51,9.29,12.22,22.41,9.68,12.73,21.4,9.25,12.15,22.31,9.64,12.67,21.46,9.28,12.18,22.29,9.64,12.65,21.55,9.31,12.24,22.32,9.65,12.67,21.36,9.23,12.13,22.23,9.6,12.62,21.2,9.16,12.05,22.18,9.58,12.59,21.02,9.08,11.94,22.1,9.56,12.55,20.92,9.04,11.88,22.09,9.56,12.54
4,13101,千代田区,13.48,5.68,7.8,13.77,5.73,8.04,14.01,5.75,8.25,14.31,5.78,8.53,14.55,5.81,8.75,14.84,5.9,8.94,15.32,6.04,9.29,15.91,6.26,9.66,16.56,6.45,10.11,17.37,6.84,10.53,17.91,7.07,10.84,18.54,7.29,11.25,18.98,7.44,11.54,19.35,7.55,11.8,19.81,7.75,12.06,20.21,7.89,12.32,20.35,7.94,12.41,20.5,7.97,12.53,20.68,8.03,12.65,20.16,7.87,12.29,19.9,7.77,12.13,19.75,7.74,12.01,19.59,7.75,11.83,19.75,7.82,11.93,19.8,7.91,11.9,19.74,7.91,11.82,19.56,7.84,11.73,19.47,7.79,11.68,18.92,7.73,11.19,19.62,7.96,11.65,18.74,7.76,10.98,19.38,7.98,11.4,18.63,7.72,10.91,19.24,7.92,11.32,18.29,7.59,10.7,18.91,7.8,11.1,18.04,7.55,10.49,18.65,7.76,10.9,17.79,7.49,10.3,18.42,7.71,10.71,17.27,7.33,9.93,17.88,7.55,10.33,16.85,7.16,9.69,17.48,7.38,10.1,16.7,7.12,9.58,17.26,7.32,9.94,16.81,7.15,9.66,17.31,7.33,9.98,16.7,7.14,9.57,17.32,7.37,9.95,16.67,7.14,9.53,17.38,7.42,9.97,16.74,7.18,9.56,17.51,7.48,10.02,16.74,7.22,9.51,17.51,7.52,9.99
4,13102,中央区,13.32,5.15,8.17,13.42,5.13,8.29,13.58,5.14,8.45,13.77,5.14,8.63,13.98,5.17,8.81,14.27,5.27,8.99,14.69,5.41,9.28,14.94,5.52,9.42,15.29,5.61,9.67,15.71,5.75,9.96,16.2,5.94,10.26,16.57,6.1,10.48,17.07,6.32,10.75,17.38,6.45,10.92,17.58,6.56,11.02,17.42,6.57,10.85,17.39,6.64,10.75,17.33,6.66,10.67,17.32,6.72,10.6,17.08,6.68,10.4,16.79,6.55,10.25,16.53,6.47,10.05,16.59,6.52,10.07,16.73,6.63,10.1,16.68,6.66,10.02,16.64,6.67,9.97,16.48,6.6,9.88,16.39,6.57,9.81,16.1,6.52,9.58,16.61,6.71,9.9,16.3,6.62,9.68,16.79,6.8,9.99,16.35,6.68,9.67,16.84,6.87,9.98,16.18,6.64,9.54,16.68,6.82,9.86,15.85,6.53,9.32,16.36,6.72,9.64,15.46,6.38,9.08,16,6.59,9.41,15.11,6.24,8.87,15.67,6.45,9.21,14.82,6.15,8.67,15.37,6.36,9.02,14.75,6.13,8.62,15.27,6.32,8.95,14.77,6.18,8.58,15.25,6.36,8.89,14.66,6.13,8.53,15.2,6.34,8.86,14.64,6.14,8.5,15.22,6.36,8.86,14.24,6.01,8.23,14.91,6.27,8.64,14.24,6.04,8.2,14.93,6.29,8.63
4,13103,港区,11.19,4.55,6.64,11.5,4.62,6.88,11.82,4.71,7.11,12.31,4.83,7.48,12.83,4.99,7.84,13.34,5.16,8.19,13.85,5.31,8.54,14.45,5.53,8.92,15.06,5.73,9.33,15.62,5.92,9.7,16.01,6.07,9.95,16.42,6.23,10.19,16.65,6.3,10.35,17.2,6.49,10.71,17.46,6.63,10.84,17.67,6.73,10.95,17.83,6.81,11.02,17.91,6.87,11.05,18.14,6.98,11.16,18.14,7.01,11.13,18.08,7.01,11.07,17.95,6.97,10.97,17.71,6.91,10.8,17.36,6.82,10.54,17.53,6.92,10.61,17.69,6.98,10.7,17.57,6.95,10.62,17.67,7.01,10.66,16.88,6.78,10.1,18.04,7.21,10.83,17.18,6.93,10.25,18.27,7.33,10.94,17.35,6.99,10.36,18.44,7.4,11.05,17.4,7.04,10.36,18.47,7.43,11.03,17.31,7.02,10.3,18.38,7.41,10.96,17.2,6.97,10.23,18.25,7.36,10.89,17.01,6.9,10.11,18.03,7.28,10.76,16.92,6.88,10.04,17.92,7.24,10.68,17.06,6.96,10.1,17.94,7.28,10.66,17.24,7.04,10.19,18,7.32,10.67,17.06,7,10.07,17.91,7.3,10.61,17.01,7,10.01,17.94,7.34,10.6,17.16,7.09,10.07,18.16,7.45,10.71,17.39,7.23,10.16,18.45,7.61,10.84
4,13104,新宿区,10.39,4.32,6.08,10.72,4.4,6.31,11.11,4.51,6.6,11.52,4.63,6.89,11.94,4.75,7.19,12.56,4.97,7.6,13.19,5.18,8.01,13.85,5.41,8.43,14.51,5.65,8.85,15.13,5.88,9.25,15.69,6.07,9.61,16.2,6.26,9.94,16.69,6.44,10.25,17.11,6.6,10.51,17.54,6.79,10.76,17.89,6.95,10.94,18.34,7.18,11.16,18.66,7.32,11.34,19.08,7.54,11.55,19.19,7.58,11.61,19.21,7.61,11.6,19.45,7.74,11.71,19.8,7.92,11.89,20.13,8.11,12.02,20.4,8.25,12.16,20.7,8.4,12.3,20.7,8.44,12.27,20.89,8.58,12.31,19.36,8.05,11.31,21.33,8.87,12.47,19.74,8.26,11.48,21.76,9.1,12.66,20.01,8.45,11.55,22.16,9.36,12.8,19.92,8.48,11.44,22.19,9.45,12.74,19.8,8.47,11.33,22.2,9.5,12.7,19.72,8.47,11.25,22.14,9.51,12.63,19.52,8.4,11.11,21.89,9.43,12.46,19.4,8.38,11.02,21.67,9.37,12.3,19.56,8.45,11.1,21.52,9.32,12.2,19.76,8.54,11.22,21.46,9.3,12.16,19.34,8.36,10.99,21.36,9.26,12.1,19.14,8.27,10.87,21.31,9.24,12.07,18.91,8.18,10.74,21.26,9.23,12.02,18.76,8.12,10.63,21.24,9.24,12
4,13105,文京区,11.92,4.88,7.04,12.31,4.99,7.32,12.66,5.1,7.55,13.08,5.21,7.87,13.49,5.3,8.19,13.97,5.48,8.49,14.53,5.73,8.8,14.98,5.9,9.08,15.54,6.13,9.41,16.15,6.35,9.8,16.65,6.52,10.13,17.14,6.71,10.43,17.59,6.91,10.67,18.06,7.12,10.94,18.36,7.26,11.1,18.48,7.3,11.18,18.87,7.45,11.42,19.05,7.5,11.55,19.24,7.56,11.68,19.31,7.59,11.72,19.28,7.57,11.72,19.34,7.61,11.73,19.45,7.68,11.77,19.57,7.77,11.8,19.69,7.84,11.85,19.84,7.94,11.9,19.69,7.89,11.8,19.66,7.89,11.77,19.58,7.92,11.67,20.13,8.13,11.99,19.82,8.09,11.73,20.38,8.32,12.06,20,8.23,11.78,20.61,8.47,12.14,20.01,8.25,11.76,20.68,8.52,12.16,19.83,8.19,11.64,20.55,8.48,12.07,19.7,8.15,11.55,20.46,8.46,12.01,19.4,8.01,11.38,20.22,8.34,11.87,19.11,7.93,11.19,19.96,8.27,11.68,19.18,7.97,11.2,19.88,8.26,11.62,19.28,8.04,11.24,19.93,8.31,11.62,19,7.92,11.08,19.86,8.28,11.59,18.82,7.88,10.94,19.79,8.29,11.5,18.6,7.79,10.81,19.68,8.24,11.44,18.55,7.76,10.78,19.71,8.24,11.46
4,13106,台東区,13.64,5.74,7.9,14.04,5.86,8.17,14.44,5.96,8.49,14.83,6.06,8.77,15.27,6.19,9.09,15.78,6.34,9.43,16.27,6.56,9.71,16.76,6.77,9.99,17.24,6.97,10.27,17.8,7.19,10.61,18.39,7.45,10.94,18.96,7.71,11.25,19.58,8.03,11.54,20.24,8.35,11.89,20.89,8.7,12.18,21.46,9.11,12.35,22.01,9.46,12.55,22.45,9.76,12.69,22.75,9.93,12.82,22.89,10,12.9,23.02,10.08,12.94,23.27,10.25,13.02,23.54,10.37,13.17,23.82,10.5,13.32,24.03,10.68,13.35,24.23,10.85,13.39,24.05,10.75,13.3,24.11,10.84,13.27,23.06,10.44,12.62,24.45,11.07,13.38,23.45,10.7,12.75,24.88,11.35,13.53,23.76,10.91,12.85,25.24,11.59,13.65,23.74,10.97,12.77,25.29,11.68,13.61,23.6,10.91,12.69,25.2,11.65,13.54,23.44,10.84,12.6,25.03,11.58,13.45,23.1,10.7,12.4,24.69,11.44,13.25,22.8,10.55,12.25,24.34,11.27,13.07,22.6,10.47,12.13,23.97,11.11,12.85,22.39,10.32,12.07,23.62,10.89,12.73,21.72,9.99,11.73,23.09,10.62,12.47,21.07,9.66,11.41,22.61,10.37,12.24,20.58,9.4,11.18,22.22,10.16,12.06,20.35,9.29,11.06,22.03,10.06,11.96
4,13107,墨田区,10.87,4.56,6.3,11.27,4.68,6.59,11.72,4.82,6.9,12.05,4.9,7.15,12.45,5.05,7.4,12.88,5.22,7.66,13.35,5.41,7.95,13.79,5.56,8.23,14.24,5.73,8.51,14.72,5.92,8.81,15.27,6.15,9.12,15.85,6.41,9.44,16.32,6.63,9.69,16.89,6.91,9.98,17.5,7.18,10.31,18,7.4,10.59,18.57,7.69,10.88,19.05,7.95,11.1,19.56,8.21,11.35,19.8,8.31,11.5,20.08,8.44,11.64,20.55,8.66,11.89,20.93,8.87,12.05,21.25,9.04,12.21,21.62,9.22,12.4,21.87,9.36,12.51,21.89,9.35,12.54,22.08,9.47,12.61,21.92,9.48,12.45,22.61,9.78,12.83,22.37,9.76,12.6,23.07,10.07,12.99,22.7,9.98,12.72,23.43,10.31,13.12,22.82,10.08,12.74,23.61,10.44,13.17,22.73,10.03,12.7,23.58,10.42,13.16,22.58,10,12.58,23.44,10.39,13.05,22.45,9.94,12.51,23.34,10.35,12.99,22.23,9.84,12.39,23.12,10.25,12.87,22.14,9.8,12.35,22.96,10.18,12.79,22.03,9.73,12.3,22.79,10.08,12.71,21.52,9.47,12.05,22.38,9.87,12.51,21.02,9.24,11.79,21.99,9.68,12.31,20.64,9.05,11.59,21.66,9.52,12.14,20.43,8.92,11.51,21.49,9.4,12.08
4,13108,江東区,7.42,3.21,4.22,7.71,3.27,4.43,8.03,3.37,4.66,8.38,3.48,4.91,8.72,3.58,5.14,9.23,3.78,5.46,9.76,3.99,5.76,10.3,4.21,6.09,10.8,4.41,6.39,11.43,4.67,6.76,12.02,4.93,7.09,12.69,5.2,7.49,13.33,5.46,7.87,13.91,5.74,8.17,14.49,6,8.49,15.09,6.3,8.79,15.72,6.61,9.11,16.25,6.88,9.37,16.83,7.16,9.66,17.15,7.32,9.83,17.53,7.49,10.04,17.82,7.65,10.17,18.38,7.93,10.45,18.9,8.18,10.72,19.34,8.38,10.96,19.58,8.5,11.08,19.69,8.54,11.14,19.95,8.66,11.28,20,8.73,11.27,20.71,9.04,11.67,20.58,9.03,11.55,21.32,9.36,11.96,21.08,9.27,11.82,21.89,9.63,12.27,21.33,9.39,11.94,22.19,9.77,12.42,21.49,9.47,12.02,22.42,9.88,12.54,21.52,9.47,12.05,22.51,9.91,12.59,21.54,9.46,12.08,22.57,9.92,12.65,21.53,9.44,12.09,22.6,9.92,12.68,21.44,9.38,12.06,22.46,9.83,12.63,21.49,9.37,12.11,22.44,9.8,12.64,21.14,9.19,11.95,22.2,9.67,12.54,20.92,9.07,11.84,22.08,9.59,12.49,20.78,8.98,11.8,22.02,9.53,12.49,20.73,8.96,11.77,22.01,9.53,12.48
4,13109,品川区,10.04,4.12,5.92,10.23,4.15,6.08,10.54,4.24,6.3,10.91,4.35,6.56,11.27,4.47,6.8,11.66,4.63,7.03,12.22,4.84,7.38,12.8,5.07,7.72,13.35,5.29,8.06,13.92,5.51,8.41,14.49,5.73,8.76,15,5.93,9.08,15.54,6.15,9.39,16.08,6.38,9.7,16.57,6.58,10,16.92,6.72,10.2,17.42,6.94,10.47,17.84,7.14,10.7,18.16,7.26,10.9,18.36,7.37,10.98,18.48,7.44,11.04,18.77,7.59,11.17,19.05,7.75,11.3,19.26,7.86,11.4,19.69,8.1,11.59,19.92,8.23,11.68,19.9,8.24,11.66,20.01,8.33,11.69,20.19,8.46,11.73,20.63,8.65,11.98,20.65,8.71,11.94,21.1,8.9,12.19,21.04,8.93,12.11,21.5,9.13,12.37,21.13,9,12.13,21.6,9.2,12.4,21.12,9,12.12,21.61,9.21,12.4,21.01,8.96,12.05,21.52,9.18,12.34,20.69,8.83,11.87,21.21,9.05,12.16,20.37,8.69,11.68,20.89,8.91,11.98,20.21,8.62,11.59,20.7,8.83,11.87,20.3,8.66,11.64,20.74,8.86,11.89,20.14,8.58,11.56,20.62,8.79,11.83,19.84,8.47,11.36,20.38,8.71,11.67,19.58,8.38,11.21,20.17,8.64,11.54,19.38,8.29,11.09,19.99,8.56,11.43
4,13110,目黒区,10.56,4.37,6.19,10.82,4.44,6.38,11.18,4.55,6.63,11.56,4.68,6.89,12,4.83,7.17,12.48,5.02,7.46,12.98,5.18,7.8,13.5,5.38,8.12,14.01,5.55,8.46,14.53,5.75,8.78,14.94,5.9,9.04,15.25,6.02,9.23,15.62,6.16,9.46,16.03,6.34,9.68,16.39,6.48,9.91,16.66,6.61,10.06,16.98,6.72,10.26,17.2,6.79,10.42,17.41,6.88,10.53,17.56,6.95,10.62,17.76,7.03,10.73,17.94,7.1,10.84,18.09,7.21,10.88,18.39,7.33,11.05,18.71,7.49,11.22,19.05,7.63,11.42,19.11,7.65,11.46,19.24,7.73,11.51,19.26,7.81,11.45,19.64,7.96,11.68,19.61,7.99,11.63,19.99,8.14,11.85,19.95,8.16,11.79,20.36,8.32,12.04,19.98,8.18,11.8,20.41,8.35,12.06,19.96,8.22,11.73,20.41,8.41,12,19.82,8.18,11.64,20.29,8.37,11.92,19.7,8.15,11.55,20.2,8.35,11.84,19.62,8.13,11.49,20.14,8.34,11.8,19.68,8.18,11.5,20.16,8.38,11.79,19.88,8.28,11.61,20.33,8.46,11.88,19.75,8.2,11.54,20.24,8.4,11.84,19.76,8.2,11.56,20.29,8.42,11.88,19.66,8.17,11.49,20.24,8.4,11.84,19.66,8.18,11.48,20.28,8.43,11.85
4,13111,大田区,9.47,4.07,5.4,9.79,4.17,5.62,10.15,4.28,5.88,10.48,4.38,6.11,10.88,4.5,6.37,11.32,4.66,6.66,11.8,4.87,6.93,12.24,5.05,7.19,12.76,5.27,7.49,13.3,5.49,7.8,13.77,5.68,8.09,14.28,5.89,8.39,14.77,6.1,8.68,15.3,6.33,8.97,15.81,6.55,9.27,16.22,6.72,9.51,16.78,6.96,9.82,17.22,7.17,10.05,17.62,7.33,10.29,17.89,7.42,10.46,18.2,7.58,10.62,18.62,7.79,10.83,19.12,8.05,11.07,19.6,8.29,11.31,20.12,8.55,11.56,20.55,8.76,11.79,20.75,8.87,11.88,21.03,9.03,12.01,21.32,9.21,12.11,21.75,9.39,12.36,21.88,9.5,12.38,22.33,9.69,12.64,22.34,9.75,12.59,22.82,9.96,12.86,22.62,9.92,12.7,23.12,10.14,12.98,22.74,10.02,12.73,23.28,10.25,13.02,22.77,10.03,12.74,23.33,10.28,13.06,22.7,10.02,12.68,23.3,10.29,13.01,22.62,9.98,12.63,23.23,10.26,12.97,22.67,10,12.67,23.24,10.26,12.98,22.73,10.03,12.71,23.27,10.27,13,22.62,9.99,12.63,23.2,10.25,12.95,22.41,9.88,12.52,23.08,10.19,12.89,22.16,9.78,12.38,22.92,10.12,12.79,22.04,9.73,12.31,22.86,10.11,12.75
4,13112,世田谷区,9.38,3.95,5.43,9.6,4.01,5.59,9.87,4.08,5.79,10.24,4.21,6.04,10.61,4.34,6.27,11.03,4.51,6.52,11.49,4.69,6.81,11.95,4.88,7.07,12.48,5.09,7.39,13.01,5.3,7.7,13.5,5.5,8,13.88,5.66,8.23,14.3,5.82,8.48,14.74,6,8.75,15.18,6.19,8.99,15.49,6.31,9.18,15.91,6.5,9.41,16.27,6.64,9.63,16.62,6.79,9.83,16.83,6.86,9.97,17,6.93,10.07,17.24,7.03,10.21,17.5,7.14,10.36,17.83,7.28,10.55,18.17,7.43,10.74,18.49,7.57,10.93,18.57,7.6,10.97,18.74,7.67,11.07,19.07,7.86,11.21,19.3,7.95,11.35,19.55,8.09,11.46,19.78,8.18,11.6,19.96,8.29,11.68,20.22,8.39,11.83,20.1,8.36,11.74,20.38,8.47,11.91,20.17,8.4,11.77,20.48,8.52,11.96,20.21,8.43,11.78,20.55,8.57,11.98,20.16,8.42,11.74,20.52,8.57,11.96,20.08,8.41,11.67,20.47,8.56,11.91,20.16,8.44,11.72,20.53,8.59,11.94,20.35,8.53,11.82,20.69,8.66,12.03,20.4,8.57,11.83,20.78,8.72,12.05,20.49,8.63,11.87,20.92,8.8,12.12,20.59,8.67,11.92,21.06,8.86,12.2,20.71,8.74,11.96,21.24,8.96,12.28
4,13113,渋谷区,10.2,4.24,5.96,10.38,4.27,6.11,10.73,4.39,6.34,11.17,4.52,6.65,11.69,4.71,6.97,12.24,4.91,7.32,12.93,5.15,7.78,13.53,5.36,8.16,14.2,5.62,8.59,14.81,5.84,8.97,15.37,6.06,9.31,15.84,6.19,9.65,16.21,6.3,9.91,16.54,6.43,10.11,16.89,6.57,10.31,16.99,6.62,10.37,17.26,6.72,10.54,17.54,6.83,10.71,17.77,6.91,10.86,17.83,6.93,10.9,17.95,6.98,10.98,18.09,7.02,11.07,18.22,7.11,11.11,18.48,7.25,11.23,18.75,7.39,11.35,19.06,7.51,11.55,18.96,7.47,11.48,18.95,7.49,11.45,18.64,7.45,11.19,19.29,7.69,11.6,18.92,7.63,11.29,19.53,7.86,11.67,19.16,7.77,11.39,19.78,8.01,11.77,19.15,7.81,11.33,19.79,8.06,11.73,19.1,7.82,11.29,19.77,8.07,11.7,18.95,7.8,11.15,19.63,8.07,11.57,18.83,7.78,11.05,19.54,8.05,11.48,18.67,7.73,10.94,19.4,8.01,11.39,18.72,7.76,10.96,19.37,8,11.36,18.83,7.81,11.02,19.4,8.03,11.38,18.74,7.76,10.98,19.38,8,11.38,18.7,7.76,10.94,19.41,8.03,11.38,18.67,7.75,10.92,19.43,8.04,11.39,18.76,7.8,10.96,19.56,8.1,11.45
4,13114,中野区,10.15,4.16,5.99,10.48,4.25,6.23,10.79,4.34,6.45,11.19,4.48,6.71,11.62,4.61,7.01,12.08,4.78,7.31,12.59,4.97,7.62,13.03,5.17,7.86,13.55,5.37,8.18,14.17,5.62,8.55,14.72,5.83,8.88,15.28,6.05,9.23,15.75,6.25,9.5,16.26,6.47,9.79,16.69,6.63,10.06,17.08,6.78,10.3,17.57,6.99,10.58,17.87,7.13,10.74,18.21,7.28,10.93,18.4,7.37,11.03,18.59,7.46,11.13,18.88,7.59,11.29,19.22,7.75,11.46,19.44,7.88,11.56,19.77,8.04,11.73,20.1,8.2,11.91,20.24,8.28,11.96,20.4,8.37,12.03,20.26,8.38,11.88,20.84,8.62,12.22,20.61,8.58,12.03,21.22,8.83,12.39,20.87,8.73,12.14,21.58,9.02,12.55,20.77,8.74,12.02,21.56,9.07,12.48,20.76,8.76,12,21.66,9.14,12.52,20.64,8.74,11.9,21.68,9.17,12.51,20.49,8.69,11.81,21.61,9.16,12.45,20.25,8.6,11.65,21.38,9.07,12.3,20.28,8.62,11.65,21.25,9.03,12.21,20.36,8.65,11.72,21.2,9,12.2,20.1,8.53,11.57,21.08,8.95,12.13,19.85,8.45,11.4,20.97,8.93,12.04,19.55,8.34,11.21,20.85,8.89,11.96,19.41,8.29,11.12,20.83,8.89,11.94
4,13115,杉並区,10.22,4.26,5.96,10.47,4.33,6.14,10.73,4.41,6.32,11.07,4.5,6.57,11.44,4.64,6.8,11.84,4.78,7.06,12.31,4.96,7.36,12.75,5.13,7.62,13.25,5.34,7.91,13.78,5.54,8.24,14.29,5.73,8.56,14.8,5.95,8.85,15.24,6.13,9.11,15.71,6.33,9.38,16.15,6.51,9.65,16.53,6.65,9.87,16.92,6.8,10.11,17.2,6.91,10.29,17.52,7.04,10.48,17.73,7.11,10.63,17.95,7.2,10.75,18.26,7.34,10.92,18.61,7.5,11.11,18.93,7.64,11.29,19.28,7.81,11.47,19.61,7.96,11.64,19.74,8,11.73,19.96,8.11,11.84,20.2,8.29,11.91,20.5,8.41,12.09,20.64,8.52,12.12,20.95,8.64,12.31,21.02,8.73,12.29,21.36,8.86,12.5,21.11,8.78,12.33,21.5,8.94,12.57,21.06,8.78,12.29,21.52,8.96,12.56,21.04,8.79,12.25,21.55,9,12.55,20.93,8.76,12.17,21.48,8.98,12.5,20.83,8.73,12.1,21.39,8.96,12.44,20.95,8.8,12.14,21.44,9.01,12.44,21.11,8.88,12.23,21.55,9.06,12.49,21.06,8.88,12.18,21.55,9.08,12.47,21.02,8.88,12.15,21.6,9.12,12.48,20.93,8.86,12.08,21.61,9.14,12.47,20.89,8.86,12.04,21.67,9.18,12.48
4,13116,豊島区,10.84,4.47,6.37,11.1,4.52,6.58,11.49,4.62,6.87,11.87,4.73,7.14,12.35,4.9,7.45,12.89,5.09,7.8,13.44,5.29,8.15,14,5.52,8.48,14.57,5.74,8.83,15.19,5.96,9.23,15.85,6.23,9.62,16.35,6.44,9.91,16.93,6.67,10.25,17.33,6.84,10.49,17.75,7.01,10.74,18.07,7.14,10.93,18.46,7.31,11.15,18.81,7.45,11.36,19.13,7.58,11.55,19.38,7.69,11.69,19.62,7.77,11.84,19.81,7.86,11.95,20.02,8.01,12.01,20.25,8.16,12.1,20.62,8.38,12.24,20.83,8.51,12.32,20.79,8.5,12.3,20.73,8.47,12.26,19.87,8.21,11.65,21.21,8.77,12.44,20.15,8.42,11.74,21.54,9,12.54,20.4,8.62,11.79,21.96,9.27,12.69,20.37,8.67,11.7,22.13,9.42,12.71,20.21,8.61,11.6,22.13,9.43,12.7,20.06,8.58,11.48,22.1,9.45,12.65,19.86,8.54,11.32,21.93,9.43,12.5,19.79,8.52,11.27,21.77,9.38,12.39,19.94,8.61,11.33,21.68,9.37,12.31,20.09,8.68,11.41,21.66,9.37,12.29,19.62,8.47,11.15,21.48,9.28,12.2,19.41,8.38,11.03,21.5,9.29,12.21,19.1,8.25,10.84,21.4,9.26,12.14,18.9,8.19,10.72,21.34,9.24,12.09
4,13117,北区,10.35,4.29,6.06,10.77,4.44,6.33,11.16,4.54,6.61,11.55,4.66,6.9,12.05,4.81,7.24,12.62,5.02,7.6,13.18,5.24,7.94,13.81,5.51,8.3,14.44,5.77,8.67,15.15,6.05,9.1,15.86,6.34,9.52,16.56,6.63,9.92,17.19,6.91,10.28,17.99,7.25,10.74,18.66,7.52,11.14,19.24,7.73,11.51,20.05,8.08,11.97,20.72,8.36,12.36,21.38,8.65,12.74,21.79,8.81,12.98,22.13,8.97,13.15,22.64,9.21,13.43,23.32,9.53,13.79,23.69,9.72,13.97,24.11,9.96,14.15,24.55,10.17,14.38,24.67,10.21,14.46,24.88,10.34,14.54,24.56,10.29,14.27,25.49,10.67,14.81,25.07,10.59,14.48,26.03,10.98,15.04,25.4,10.8,14.61,26.47,11.25,15.23,25.55,10.91,14.64,26.73,11.41,15.32,25.43,10.89,14.54,26.74,11.45,15.29,25.28,10.85,14.43,26.67,11.45,15.22,24.93,10.72,14.21,26.41,11.36,15.05,24.7,10.63,14.07,26.21,11.28,14.93,24.69,10.65,14.05,26.09,11.25,14.84,24.64,10.61,14.03,25.97,11.19,14.78,24.14,10.38,13.76,25.63,11.02,14.61,23.7,10.19,13.51,25.34,10.9,14.44,23.23,10,13.23,25.11,10.81,14.29,22.74,9.78,12.96,24.8,10.68,14.12
4,13118,荒川区,11.75,5,6.75,12.15,5.12,7.02,12.56,5.28,7.28,12.94,5.41,7.53,13.32,5.54,7.78,13.85,5.74,8.1,14.33,5.98,8.36,14.89,6.23,8.66,15.41,6.44,8.97,15.99,6.69,9.3,16.56,6.92,9.63,17.09,7.15,9.94,17.73,7.43,10.3,18.38,7.73,10.65,18.89,7.96,10.93,19.36,8.19,11.17,19.93,8.44,11.49,20.47,8.66,11.82,20.84,8.87,11.97,21.22,9.02,12.2,21.64,9.17,12.47,21.93,9.28,12.65,22.39,9.51,12.88,22.54,9.62,12.92,22.8,9.77,13.03,22.87,9.88,13,22.67,9.77,12.91,22.78,9.86,12.92,22.15,9.66,12.49,23.39,10.22,13.18,22.68,9.94,12.74,23.97,10.53,13.44,23.16,10.19,12.97,24.55,10.82,13.73,23.38,10.35,13.04,24.84,11.01,13.83,23.41,10.38,13.03,24.96,11.09,13.86,23.4,10.39,13,24.99,11.13,13.86,23.24,10.32,12.92,24.86,11.07,13.79,23.1,10.24,12.86,24.69,10.98,13.71,23.16,10.27,12.89,24.6,10.94,13.66,23.13,10.26,12.87,24.46,10.9,13.56,22.85,10.11,12.74,24.3,10.79,13.51,22.41,9.9,12.5,24.01,10.66,13.36,21.96,9.71,12.26,23.74,10.54,13.2,21.6,9.53,12.07,23.51,10.42,13.09
4,13119,板橋区,8.21,3.47,4.74,8.5,3.55,4.95,8.79,3.63,5.15,9.06,3.73,5.34,9.38,3.84,5.54,9.79,4.02,5.77,10.25,4.22,6.03,10.68,4.42,6.26,11.2,4.63,6.57,11.77,4.88,6.89,12.4,5.15,7.26,12.95,5.38,7.57,13.57,5.64,7.93,14.19,5.91,8.27,14.83,6.19,8.64,15.39,6.42,8.97,16.04,6.7,9.34,16.51,6.9,9.61,17.02,7.12,9.9,17.44,7.28,10.15,17.94,7.49,10.45,18.48,7.73,10.75,19.07,8.02,11.04,19.63,8.3,11.33,20.12,8.54,11.58,20.56,8.75,11.81,20.81,8.85,11.96,21.16,9.03,12.13,21.34,9.14,12.2,21.89,9.37,12.52,21.98,9.46,12.52,22.56,9.7,12.86,22.55,9.76,12.8,23.2,10.04,13.17,22.8,9.89,12.91,23.54,10.21,13.33,22.92,9.97,12.95,23.75,10.33,13.42,23.04,10.04,13.01,23.95,10.43,13.52,23.08,10.05,13.03,24.06,10.48,13.58,23.05,10.04,13.01,24.08,10.49,13.6,23.2,10.1,13.1,24.16,10.53,13.64,23.31,10.12,13.18,24.19,10.51,13.68,23.18,10.06,13.12,24.15,10.49,13.66,22.99,9.98,13.01,24.1,10.48,13.62,22.72,9.89,12.84,24.02,10.47,13.55,22.54,9.81,12.73,23.95,10.44,13.51
4,13120,練馬区,7.66,3.29,4.36,8,3.42,4.58,8.26,3.51,4.76,8.59,3.64,4.95,8.91,3.77,5.14,9.3,3.94,5.36,9.77,4.14,5.62,10.24,4.36,5.87,10.75,4.6,6.15,11.32,4.87,6.45,11.89,5.12,6.76,12.44,5.38,7.06,13.11,5.68,7.43,13.71,5.96,7.76,14.3,6.21,8.09,14.82,6.43,8.39,15.45,6.7,8.75,15.99,6.94,9.05,16.56,7.17,9.39,16.96,7.32,9.64,17.37,7.47,9.89,17.87,7.67,10.21,18.38,7.86,10.52,18.78,8.02,10.76,19.2,8.2,11,19.54,8.32,11.23,19.67,8.35,11.33,19.91,8.42,11.49,20.28,8.6,11.67,20.55,8.72,11.83,20.84,8.87,11.97,21.12,8.99,12.13,21.33,9.1,12.23,21.63,9.23,12.4,21.56,9.21,12.35,21.89,9.36,12.54,21.69,9.28,12.42,22.08,9.44,12.64,21.75,9.31,12.44,22.18,9.49,12.69,21.78,9.33,12.45,22.24,9.53,12.71,21.7,9.31,12.4,22.21,9.53,12.69,21.81,9.36,12.44,22.27,9.56,12.71,21.95,9.43,12.52,22.37,9.62,12.76,21.96,9.43,12.53,22.43,9.64,12.8,22,9.46,12.54,22.54,9.7,12.84,21.98,9.44,12.53,22.61,9.72,12.89,21.98,9.46,12.52,22.69,9.77,12.92
4,13121,足立区,7.53,3.14,4.39,7.85,3.25,4.6,8.15,3.35,4.8,8.43,3.44,4.99,8.68,3.52,5.16,9.01,3.67,5.35,9.48,3.86,5.62,9.93,4.07,5.86,10.35,4.27,6.07,10.89,4.53,6.36,11.46,4.8,6.66,12.01,5.06,6.95,12.7,5.39,7.31,13.46,5.77,7.69,14.21,6.14,8.07,14.96,6.49,8.47,15.87,6.93,8.94,16.65,7.29,9.36,17.5,7.67,9.83,18.14,7.96,10.19,18.75,8.23,10.52,19.56,8.57,10.99,20.43,8.97,11.46,21.07,9.25,11.82,21.74,9.55,12.19,22.17,9.75,12.42,22.36,9.8,12.55,22.67,9.92,12.75,22.9,10.05,12.85,23.44,10.29,13.15,23.54,10.37,13.17,24.1,10.62,13.48,24.15,10.67,13.48,24.76,10.94,13.81,24.45,10.81,13.64,25.12,11.11,14.01,24.71,10.93,13.78,25.44,11.26,14.18,24.8,10.98,13.82,25.61,11.34,14.27,24.82,10.99,13.83,25.69,11.37,14.31,24.79,10.96,13.83,25.72,11.37,14.35,24.85,10.98,13.87,25.75,11.38,14.37,24.83,10.95,13.88,25.7,11.34,14.35,24.57,10.81,13.76,25.51,11.24,14.27,24.42,10.73,13.69,25.45,11.2,14.25,24.17,10.62,13.55,25.33,11.14,14.19,23.92,10.51,13.42,25.19,11.09,14.1
4,13122,葛飾区,8.86,3.74,5.12,9.17,3.82,5.35,9.55,3.92,5.64,9.81,3.98,5.83,10.04,4.04,6,10.4,4.19,6.21,10.84,4.4,6.44,11.27,4.61,6.67,11.78,4.84,6.95,12.35,5.09,7.26,12.93,5.37,7.56,13.49,5.63,7.86,14.1,5.91,8.19,14.83,6.25,8.58,15.51,6.58,8.93,16.18,6.88,9.3,17,7.28,9.72,17.65,7.54,10.11,18.36,7.85,10.51,18.94,8.1,10.84,19.43,8.3,11.13,19.93,8.52,11.41,20.61,8.82,11.78,21.19,9.07,12.12,21.79,9.34,12.45,22.25,9.57,12.68,22.26,9.55,12.7,22.58,9.72,12.86,22.83,9.87,12.96,23.39,10.12,13.27,23.43,10.19,13.24,24.01,10.45,13.57,24.08,10.53,13.55,24.73,10.81,13.92,24.39,10.7,13.69,25.13,11.02,14.11,24.46,10.74,13.72,25.31,11.11,14.2,24.49,10.77,13.72,25.44,11.19,14.25,24.52,10.8,13.72,25.52,11.24,14.27,24.49,10.81,13.68,25.54,11.28,14.26,24.63,10.89,13.74,25.63,11.34,14.29,24.68,10.9,13.78,25.63,11.33,14.3,24.49,10.81,13.68,25.54,11.28,14.26,24.28,10.71,13.57,25.46,11.24,14.22,24.08,10.59,13.49,25.38,11.18,14.2,23.98,10.55,13.43,25.41,11.19,14.22
4,13123,江戸川区,7,2.87,4.13,7.22,2.93,4.29,7.4,2.98,4.43,7.57,3.02,4.55,7.74,3.08,4.67,7.96,3.17,4.79,8.25,3.3,4.95,8.54,3.45,5.09,8.88,3.62,5.26,9.25,3.8,5.45,9.68,4.02,5.66,10.11,4.24,5.87,10.6,4.48,6.12,11.14,4.75,6.39,11.66,5.01,6.64,12.16,5.26,6.9,12.86,5.6,7.27,13.51,5.91,7.6,14.07,6.17,7.91,14.58,6.4,8.17,15.04,6.62,8.43,15.66,6.9,8.76,16.35,7.22,9.13,17.01,7.53,9.48,17.66,7.83,9.83,18.2,8.07,10.13,18.42,8.16,10.26,18.84,8.34,10.5,19.11,8.48,10.62,19.67,8.73,10.93,19.76,8.79,10.97,20.35,9.06,11.3,20.3,9.05,11.25,20.96,9.35,11.62,20.61,9.21,11.4,21.36,9.55,11.81,20.82,9.31,11.51,21.65,9.69,11.96,20.97,9.37,11.6,21.87,9.78,12.09,21.03,9.38,11.65,22,9.82,12.18,21.07,9.4,11.67,22.1,9.87,12.24,21.23,9.46,11.77,22.23,9.92,12.31,21.41,9.53,11.88,22.35,9.96,12.39,21.34,9.47,11.86,22.37,9.95,12.42,21.29,9.44,11.86,22.45,9.97,12.48,21.17,9.39,11.78,22.46,9.98,12.48,21.08,9.35,11.74,22.51,10,12.51
1,13200,市部,7.16,3.04,4.12,7.42,3.12,4.29,7.68,3.21,4.47,7.97,3.31,4.66,8.28,3.42,4.86,8.63,3.57,5.06,9.05,3.76,5.29,9.49,3.97,5.52,9.94,4.18,5.76,10.44,4.42,6.03,10.98,4.66,6.31,11.55,4.93,6.62,12.17,5.21,6.95,12.8,5.51,7.29,13.42,5.8,7.63,13.98,6.06,7.92,14.66,6.37,8.28,15.28,6.66,8.62,15.93,6.96,8.97,16.46,7.19,9.26,16.98,7.43,9.55,17.64,7.72,9.92,18.37,8.04,10.33,19.04,8.33,10.7,19.74,8.64,11.1,20.31,8.88,11.43,20.64,9.01,11.62,21.07,9.19,11.88,21.7,9.49,12.21,21.96,9.6,12.36,22.52,9.86,12.66,22.79,9.98,12.82,23.32,10.22,13.1,23.61,10.35,13.27,23.86,10.46,13.4,24.18,10.6,13.58,24.26,10.64,13.62,24.61,10.8,13.82,24.6,10.79,13.81,24.98,10.95,14.03,24.81,10.87,13.94,25.22,11.05,14.17,25.01,10.95,14.06,25.44,11.14,14.3,25.22,11.04,14.18,25.64,11.22,14.41,25.37,11.1,14.27,25.77,11.28,14.49,25.43,11.11,14.31,25.87,11.31,14.56,25.56,11.17,14.39,26.05,11.39,14.67,25.65,11.2,14.45,26.2,11.45,14.76,25.74,11.24,14.5,26.36,11.52,14.85
4,13201,八王子市,7.36,3.1,4.25,7.61,3.17,4.44,7.85,3.24,4.62,8.12,3.33,4.79,8.46,3.43,5.03,8.74,3.56,5.17,9.09,3.73,5.35,9.45,3.92,5.54,9.85,4.11,5.74,10.26,4.31,5.95,10.67,4.49,6.18,11.17,4.73,6.43,11.72,4.98,6.74,12.31,5.27,7.05,12.84,5.52,7.32,13.31,5.76,7.55,13.94,6.07,7.87,14.59,6.38,8.21,15.31,6.74,8.58,15.91,7.03,8.88,16.49,7.32,9.17,17.25,7.68,9.56,18.08,8.09,10,18.87,8.45,10.42,19.71,8.84,10.87,20.38,9.14,11.24,20.81,9.33,11.48,21.33,9.56,11.78,22.14,9.94,12.19,22.43,10.07,12.35,23.2,10.42,12.77,23.51,10.56,12.94,24.23,10.9,13.32,24.57,11.06,13.51,25.01,11.26,13.74,25.38,11.44,13.95,25.6,11.53,14.08,26.04,11.73,14.31,26.11,11.72,14.39,26.6,11.95,14.66,26.53,11.9,14.63,27.06,12.14,14.92,26.89,12.05,14.84,27.44,12.3,15.14,27.27,12.21,15.06,27.81,12.46,15.35,27.5,12.29,15.21,28.03,12.53,15.49,27.58,12.3,15.28,28.16,12.57,15.59,27.78,12.38,15.4,28.43,12.67,15.75,27.98,12.45,15.54,28.69,12.77,15.92,28.11,12.49,15.61,28.92,12.86,16.05
4,13202,立川市,7.69,3.21,4.48,8.06,3.32,4.74,8.28,3.36,4.92,8.56,3.43,5.13,8.82,3.5,5.32,9.14,3.63,5.51,9.58,3.8,5.78,9.91,3.93,5.98,10.3,4.12,6.18,10.81,4.36,6.44,11.24,4.58,6.66,11.66,4.8,6.87,12.2,5.04,7.16,12.81,5.32,7.49,13.33,5.58,7.76,13.74,5.79,7.94,14.38,6.08,8.3,14.97,6.35,8.62,15.61,6.62,8.99,16.14,6.88,9.27,16.73,7.12,9.6,17.34,7.38,9.96,18,7.68,10.32,18.63,7.99,10.64,19.3,8.29,11.01,19.94,8.58,11.36,20.36,8.77,11.59,20.83,8.96,11.87,21.47,9.3,12.17,21.75,9.42,12.33,22.27,9.65,12.63,22.56,9.77,12.79,22.97,9.99,12.98,23.27,10.12,13.15,23.53,10.25,13.28,23.86,10.4,13.46,23.81,10.39,13.42,24.17,10.54,13.63,24.04,10.46,13.58,24.44,10.63,13.81,24.25,10.55,13.7,24.68,10.73,13.94,24.54,10.66,13.88,24.99,10.86,14.13,24.65,10.69,13.96,25.1,10.89,14.22,24.7,10.72,13.99,25.15,10.91,14.24,24.77,10.72,14.05,25.26,10.93,14.33,24.81,10.72,14.08,25.33,10.95,14.38,24.74,10.68,14.06,25.34,10.94,14.4,24.8,10.7,14.1,25.45,10.98,14.47
4,13203,武蔵野市,9.56,4.05,5.51,9.87,4.14,5.72,10.22,4.25,5.98,10.53,4.34,6.19,10.94,4.47,6.47,11.29,4.58,6.71,11.73,4.76,6.97,12.19,4.99,7.2,12.78,5.21,7.57,13.32,5.42,7.9,13.88,5.6,8.29,14.39,5.81,8.58,14.94,6.02,8.92,15.43,6.26,9.17,15.85,6.43,9.42,16.3,6.6,9.7,16.81,6.79,10.02,17.2,6.94,10.26,17.62,7.11,10.51,17.94,7.24,10.71,18.14,7.31,10.83,18.4,7.46,10.94,18.78,7.62,11.16,19.2,7.83,11.37,19.7,8.06,11.64,20,8.15,11.84,20.12,8.2,11.92,20.43,8.32,12.11,20.78,8.53,12.25,21.03,8.62,12.41,21.21,8.75,12.45,21.47,8.85,12.62,21.55,8.92,12.63,21.84,9.02,12.82,21.81,9.07,12.75,22.11,9.18,12.94,22.01,9.18,12.83,22.36,9.31,13.04,22.14,9.23,12.91,22.52,9.38,13.14,22.13,9.25,12.88,22.53,9.4,13.13,22.19,9.28,12.9,22.6,9.44,13.15,22.28,9.33,12.95,22.66,9.48,13.19,22.29,9.34,12.95,22.64,9.48,13.17,22.37,9.37,13,22.75,9.52,13.24,22.56,9.48,13.08,23.01,9.65,13.36,22.72,9.57,13.15,23.24,9.77,13.47,22.99,9.71,13.28,23.53,9.92,13.61
4,13204,三鷹市,8.47,3.72,4.75,8.75,3.8,4.95,8.98,3.8,5.18,9.44,3.96,5.48,9.85,4.1,5.74,10.25,4.25,6,10.69,4.44,6.26,11.13,4.63,6.5,11.57,4.83,6.74,12.17,5.07,7.1,12.68,5.3,7.38,13.25,5.56,7.69,13.81,5.78,8.04,14.36,6.02,8.34,14.76,6.19,8.57,15.13,6.36,8.77,15.55,6.54,9.01,16,6.7,9.3,16.36,6.86,9.5,16.72,7.02,9.71,16.98,7.11,9.87,17.34,7.29,10.06,17.85,7.5,10.35,18.11,7.64,10.48,18.58,7.85,10.73,18.94,8.01,10.93,19.23,8.14,11.09,19.49,8.25,11.25,19.92,8.46,11.46,20.15,8.55,11.6,20.64,8.78,11.87,20.88,8.87,12.01,21.07,9.02,12.06,21.33,9.12,12.21,21.39,9.17,12.22,21.66,9.28,12.38,21.49,9.24,12.25,21.79,9.36,12.42,21.59,9.3,12.29,21.91,9.43,12.48,21.76,9.37,12.39,22.1,9.51,12.59,21.82,9.41,12.42,22.18,9.55,12.63,21.79,9.37,12.42,22.09,9.49,12.6,21.89,9.4,12.49,22.16,9.51,12.65,21.96,9.4,12.56,22.28,9.54,12.75,22.09,9.46,12.63,22.45,9.61,12.84,22.23,9.55,12.68,22.64,9.72,12.92,22.33,9.57,12.76,22.79,9.76,13.03
4,13205,青梅市,8.93,3.72,5.21,9.12,3.76,5.36,9.36,3.78,5.58,9.42,3.78,5.64,9.57,3.82,5.74,9.74,3.9,5.85,9.94,3.97,5.97,10.35,4.13,6.22,10.57,4.25,6.31,10.88,4.4,6.48,11.31,4.57,6.74,11.77,4.78,6.99,12.29,5.02,7.27,12.87,5.3,7.57,13.51,5.55,7.96,14.06,5.8,8.26,14.61,6.06,8.54,15.24,6.38,8.86,15.88,6.7,9.18,16.41,6.97,9.44,16.99,7.27,9.72,17.75,7.67,10.08,18.75,8.17,10.58,19.69,8.63,11.05,20.61,9.04,11.56,21.45,9.44,12.01,21.94,9.69,12.25,22.51,9.92,12.59,23.6,10.44,13.16,23.79,10.52,13.26,24.84,11.03,13.81,25.03,11.11,13.92,26.11,11.61,14.5,26.31,11.71,14.6,27.1,12.1,14.99,27.33,12.21,15.12,28.07,12.63,15.44,28.33,12.76,15.57,28.94,13.05,15.89,29.23,13.19,16.04,29.61,13.35,16.26,29.93,13.5,16.43,30.24,13.64,16.6,30.59,13.8,16.78,30.8,13.92,16.89,31.17,14.09,17.08,31.33,14.16,17.17,31.7,14.34,17.36,31.67,14.33,17.33,32.07,14.53,17.54,32.09,14.55,17.54,32.58,14.78,17.8,32.33,14.67,17.66,32.94,14.97,17.97,32.69,14.89,17.8,33.41,15.23,18.18
4,13206,府中市,7.2,3.13,4.07,7.54,3.24,4.3,7.77,3.31,4.46,8.07,3.38,4.68,8.4,3.51,4.9,8.71,3.65,5.07,9.18,3.85,5.33,9.66,4.07,5.59,10.04,4.23,5.81,10.55,4.47,6.07,11.02,4.67,6.36,11.57,4.91,6.66,12.1,5.15,6.94,12.65,5.4,7.25,13.17,5.65,7.52,13.63,5.86,7.78,14.26,6.15,8.11,14.67,6.34,8.32,15.21,6.61,8.61,15.55,6.75,8.8,15.86,6.88,8.98,16.29,7.04,9.25,16.87,7.31,9.56,17.38,7.51,9.87,17.93,7.75,10.19,18.29,7.9,10.39,18.48,7.98,10.5,18.82,8.11,10.71,19.33,8.37,10.95,19.58,8.48,11.1,19.92,8.66,11.27,20.19,8.77,11.42,20.58,9,11.58,20.86,9.12,11.74,20.94,9.19,11.75,21.23,9.32,11.91,21.25,9.33,11.92,21.56,9.47,12.1,21.55,9.46,12.09,21.89,9.61,12.28,21.68,9.52,12.17,22.04,9.67,12.37,21.9,9.61,12.29,22.29,9.78,12.51,22.11,9.73,12.38,22.47,9.89,12.59,22.24,9.81,12.43,22.59,9.96,12.62,22.35,9.87,12.49,22.74,10.04,12.7,22.52,9.96,12.55,22.92,10.14,12.78,22.59,10,12.58,23.04,10.21,12.83,22.74,10.08,12.66,23.21,10.3,12.91
4,13207,昭島市,7.36,3.17,4.19,7.68,3.27,4.41,8.01,3.36,4.65,8.16,3.4,4.77,8.43,3.49,4.94,8.79,3.62,5.17,9.18,3.79,5.39,9.68,4.02,5.66,10.18,4.26,5.91,10.6,4.47,6.13,11.1,4.69,6.41,11.75,5.01,6.74,12.35,5.25,7.1,13.04,5.58,7.45,13.67,5.83,7.84,14.24,6.1,8.14,14.92,6.39,8.53,15.46,6.65,8.81,15.95,6.89,9.05,16.47,7.12,9.35,17.02,7.37,9.65,17.59,7.62,9.97,18.34,7.97,10.37,19.07,8.28,10.78,19.8,8.61,11.19,20.33,8.89,11.44,20.66,9.02,11.64,21.14,9.25,11.9,21.92,9.64,12.29,22.15,9.74,12.4,22.93,10.11,12.82,23.18,10.23,12.95,23.91,10.56,13.35,24.2,10.7,13.5,24.53,10.9,13.63,24.87,11.06,13.81,25.11,11.17,13.94,25.49,11.35,14.14,25.53,11.37,14.16,25.94,11.56,14.37,25.88,11.52,14.35,26.3,11.73,14.57,26.13,11.64,14.5,26.57,11.85,14.73,26.45,11.79,14.66,26.89,12,14.88,26.54,11.79,14.75,26.96,11.99,14.98,26.5,11.71,14.79,26.96,11.92,15.03,26.48,11.68,14.8,26.98,11.92,15.07,26.35,11.61,14.74,26.92,11.88,15.04,26.33,11.6,14.73,26.97,11.9,15.07
4,13208,調布市,6.9,2.96,3.95,7.13,3.05,4.08,7.43,3.17,4.27,7.79,3.31,4.48,8.13,3.42,4.71,8.56,3.6,4.96,9.03,3.81,5.22,9.54,4.04,5.5,10.06,4.28,5.78,10.68,4.55,6.13,11.27,4.81,6.46,11.91,5.1,6.8,12.51,5.38,7.13,13.08,5.63,7.45,13.77,5.94,7.84,14.36,6.2,8.17,14.93,6.46,8.47,15.45,6.7,8.76,15.98,6.93,9.05,16.3,7.02,9.28,16.56,7.11,9.45,17.02,7.29,9.74,17.63,7.49,10.13,18.07,7.7,10.37,18.53,7.88,10.65,18.92,8.02,10.9,19.08,8.07,11.02,19.4,8.2,11.2,19.76,8.38,11.39,19.96,8.46,11.5,20.37,8.66,11.71,20.56,8.74,11.82,20.98,8.96,12.02,21.19,9.05,12.14,21.3,9.11,12.19,21.53,9.21,12.32,21.36,9.13,12.23,21.6,9.24,12.36,21.44,9.19,12.25,21.7,9.3,12.4,21.4,9.16,12.25,21.68,9.27,12.41,21.47,9.18,12.29,21.75,9.3,12.45,21.59,9.23,12.35,21.83,9.34,12.5,21.66,9.26,12.4,21.89,9.36,12.54,21.72,9.3,12.42,21.98,9.41,12.57,21.81,9.35,12.46,22.1,9.47,12.62,21.89,9.38,12.51,22.21,9.52,12.69,21.95,9.4,12.55,22.33,9.57,12.76
4,13209,町田市,6.41,2.72,3.69,6.53,2.77,3.77,6.79,2.9,3.89,7.09,2.98,4.11,7.49,3.13,4.36,7.92,3.3,4.61,8.4,3.53,4.87,8.9,3.79,5.12,9.34,4,5.35,9.84,4.21,5.63,10.39,4.49,5.91,11.01,4.79,6.22,11.67,5.1,6.57,12.35,5.44,6.91,13.09,5.79,7.31,13.69,6.08,7.6,14.43,6.44,7.98,15.16,6.82,8.34,15.84,7.16,8.68,16.39,7.41,8.97,17.12,7.75,9.37,17.95,8.12,9.83,18.8,8.49,10.3,19.62,8.84,10.79,20.42,9.18,11.24,21.07,9.44,11.63,21.5,9.58,11.92,22.05,9.79,12.26,22.86,10.15,12.71,23.06,10.24,12.82,23.81,10.55,13.26,24.01,10.64,13.37,24.75,10.92,13.82,24.96,11.02,13.95,25.4,11.18,14.23,25.64,11.28,14.36,25.9,11.38,14.51,26.15,11.49,14.66,26.33,11.54,14.79,26.61,11.66,14.95,26.66,11.68,14.98,26.96,11.81,15.15,26.87,11.75,15.12,27.21,11.9,15.31,27.08,11.8,15.27,27.43,11.96,15.47,27.18,11.83,15.35,27.55,11.99,15.56,27.21,11.81,15.4,27.62,11.98,15.63,27.29,11.84,15.45,27.76,12.04,15.72,27.36,11.84,15.52,27.88,12.07,15.81,27.4,11.85,15.55,27.98,12.1,15.87
4,13210,小金井市,8.11,3.59,4.52,8.29,3.69,4.6,8.69,3.78,4.91,9.06,3.97,5.09,9.29,4.03,5.26,9.68,4.22,5.46,10.12,4.41,5.71,10.66,4.65,6,11.26,4.9,6.36,11.75,5.1,6.64,12.36,5.36,7,12.83,5.55,7.28,13.31,5.77,7.54,13.83,5.96,7.86,14.39,6.2,8.19,14.88,6.4,8.49,15.38,6.58,8.81,15.92,6.78,9.13,16.37,6.94,9.43,16.67,7.04,9.64,16.95,7.12,9.83,17.34,7.29,10.05,17.73,7.45,10.27,18.17,7.63,10.53,18.58,7.81,10.77,18.9,7.94,10.97,18.85,7.92,10.93,19.01,8.01,11.01,19.38,8.23,11.15,19.69,8.36,11.33,19.9,8.47,11.43,20.19,8.59,11.6,20.37,8.71,11.66,20.68,8.84,11.84,20.68,8.84,11.84,21,8.97,12.03,20.84,8.95,11.88,21.2,9.1,12.1,21.01,9.05,11.96,21.4,9.21,12.19,21.13,9.12,12.01,21.56,9.3,12.26,21.14,9.14,12,21.61,9.34,12.27,21.13,9.17,11.96,21.54,9.34,12.2,21.24,9.27,11.97,21.64,9.44,12.2,21.35,9.36,11.99,21.79,9.55,12.25,21.56,9.47,12.08,22.04,9.68,12.36,21.74,9.61,12.12,22.29,9.85,12.44,21.87,9.71,12.16,22.5,9.98,12.52
4,13211,小平市,7,3.01,3.99,7.33,3.17,4.16,7.66,3.29,4.37,8.08,3.46,4.62,8.45,3.62,4.83,8.85,3.81,5.04,9.25,4,5.24,9.61,4.17,5.44,10.08,4.39,5.68,10.57,4.62,5.94,11.18,4.89,6.29,11.73,5.14,6.59,12.39,5.46,6.93,13.05,5.76,7.28,13.71,6.04,7.67,14.31,6.33,7.99,15.02,6.64,8.38,15.65,6.92,8.73,16.24,7.17,9.07,16.8,7.4,9.4,17.29,7.6,9.7,17.96,7.86,10.1,18.61,8.09,10.52,19.14,8.3,10.84,19.69,8.52,11.17,20.17,8.71,11.46,20.46,8.82,11.63,20.74,8.92,11.81,20.95,9.05,11.9,21.32,9.2,12.11,21.61,9.33,12.28,21.99,9.49,12.5,22.24,9.6,12.64,22.65,9.77,12.87,22.57,9.74,12.83,22.99,9.91,13.08,22.76,9.84,12.91,23.21,10.04,13.18,22.97,9.94,13.03,23.47,10.16,13.31,22.98,9.94,13.03,23.5,10.17,13.33,23.12,10.01,13.11,23.66,10.24,13.42,23.3,10.09,13.21,23.8,10.31,13.49,23.52,10.2,13.32,23.99,10.41,13.58,23.5,10.18,13.32,24.03,10.41,13.62,23.7,10.26,13.44,24.27,10.51,13.75,23.9,10.35,13.55,24.53,10.63,13.91,24.06,10.43,13.63,24.76,10.74,14.02
4,13212,日野市,6.25,2.61,3.64,6.52,2.69,3.82,6.78,2.82,3.96,7.07,2.92,4.15,7.39,3.05,4.34,7.74,3.22,4.51,8.2,3.48,4.72,8.63,3.71,4.92,9.14,3.95,5.19,9.7,4.22,5.48,10.37,4.54,5.83,11.02,4.84,6.18,11.63,5.13,6.5,12.37,5.5,6.87,13.03,5.82,7.21,13.69,6.11,7.57,14.47,6.48,7.99,15.25,6.84,8.41,15.99,7.17,8.82,16.47,7.36,9.1,17.09,7.66,9.44,17.86,8.02,9.85,18.67,8.35,10.32,19.45,8.69,10.76,20.27,9.03,11.24,20.91,9.3,11.61,21.21,9.39,11.81,21.63,9.56,12.07,22.29,9.84,12.45,22.54,9.95,12.59,22.97,10.15,12.82,23.23,10.27,12.96,23.57,10.44,13.13,23.86,10.57,13.29,23.96,10.6,13.35,24.26,10.74,13.52,24.3,10.75,13.54,24.61,10.89,13.72,24.54,10.82,13.72,24.88,10.97,13.91,24.7,10.85,13.85,25.06,11.01,14.05,24.76,10.87,13.89,25.14,11.04,14.1,24.86,10.93,13.93,25.24,11.09,14.14,24.91,10.91,14,25.26,11.07,14.19,24.89,10.9,13.99,25.28,11.07,14.2,24.83,10.88,13.96,25.25,11.06,14.19,24.75,10.82,13.92,25.2,11.03,14.17,24.71,10.81,13.9,25.2,11.03,14.17
4,13213,東村山市,8.34,3.5,4.84,8.58,3.58,4.99,8.73,3.64,5.09,8.98,3.76,5.23,9.35,3.92,5.43,9.78,4.08,5.71,10.32,4.36,5.96,10.76,4.6,6.17,11.29,4.86,6.43,11.9,5.17,6.73,12.5,5.46,7.04,13.24,5.83,7.4,13.87,6.13,7.74,14.63,6.48,8.15,15.25,6.78,8.47,15.92,7.07,8.85,16.68,7.41,9.27,17.43,7.73,9.69,18.15,8.05,10.1,18.65,8.24,10.41,19.2,8.48,10.72,19.86,8.74,11.13,20.58,9.05,11.53,21.24,9.33,11.91,21.71,9.54,12.18,22.12,9.7,12.42,22.27,9.73,12.54,22.62,9.82,12.79,23.22,10.06,13.17,23.47,10.16,13.31,24.05,10.42,13.63,24.3,10.52,13.78,24.93,10.81,14.13,25.23,10.93,14.3,25.52,11.06,14.46,25.85,11.2,14.64,26.03,11.26,14.77,26.39,11.42,14.97,26.3,11.36,14.94,26.71,11.54,15.17,26.63,11.5,15.13,27.05,11.68,15.37,26.71,11.53,15.18,27.16,11.72,15.44,26.86,11.61,15.24,27.3,11.81,15.49,27,11.67,15.33,27.44,11.86,15.58,26.98,11.65,15.34,27.47,11.86,15.61,27.06,11.63,15.43,27.61,11.87,15.74,27.22,11.67,15.55,27.86,11.95,15.91,27.21,11.71,15.51,27.92,12.02,15.9
4,13214,国分寺市,7.54,3.31,4.24,7.88,3.41,4.48,8.07,3.48,4.6,8.32,3.57,4.76,8.6,3.69,4.91,9,3.89,5.12,9.45,4.09,5.36,9.93,4.35,5.58,10.45,4.61,5.84,11.02,4.89,6.13,11.52,5.13,6.39,12.16,5.39,6.76,12.77,5.65,7.12,13.44,5.97,7.47,14.1,6.27,7.84,14.6,6.47,8.12,15.01,6.63,8.37,15.53,6.86,8.67,16.14,7.09,9.05,16.56,7.27,9.29,16.96,7.43,9.53,17.29,7.53,9.76,17.87,7.75,10.12,18.27,7.91,10.36,18.72,8.08,10.64,19.11,8.24,10.87,19.42,8.34,11.07,19.79,8.47,11.32,20.24,8.67,11.57,20.47,8.77,11.7,20.75,8.89,11.87,21,9,12,21.32,9.14,12.19,21.58,9.25,12.33,21.63,9.25,12.38,21.91,9.37,12.54,21.88,9.34,12.54,22.16,9.46,12.7,21.95,9.41,12.55,22.26,9.54,12.72,21.85,9.36,12.49,22.19,9.51,12.69,21.86,9.37,12.48,22.23,9.53,12.7,21.87,9.41,12.46,22.24,9.57,12.67,21.89,9.43,12.46,22.24,9.58,12.66,21.92,9.46,12.46,22.28,9.61,12.67,22.1,9.56,12.53,22.48,9.73,12.75,22.12,9.59,12.53,22.56,9.79,12.78,22.34,9.69,12.65,22.85,9.91,12.93
4,13215,国立市,7.29,3.16,4.13,7.56,3.24,4.32,7.85,3.38,4.48,8.24,3.55,4.69,8.58,3.63,4.95,9.12,3.88,5.24,9.52,4.01,5.51,10.01,4.24,5.77,10.56,4.49,6.07,11.16,4.7,6.46,11.69,4.95,6.75,12.29,5.2,7.08,12.67,5.38,7.29,13.12,5.59,7.53,13.51,5.77,7.74,13.88,5.94,7.94,14.5,6.24,8.26,15.01,6.45,8.56,15.62,6.66,8.96,16.02,6.77,9.25,16.46,6.93,9.53,16.97,7.12,9.85,17.55,7.37,10.18,18.1,7.56,10.54,18.7,7.81,10.89,19.15,8,11.15,19.43,8.11,11.32,19.81,8.28,11.52,20.27,8.51,11.76,20.55,8.62,11.92,20.96,8.86,12.1,21.24,8.98,12.26,21.58,9.17,12.41,21.87,9.3,12.57,22.04,9.42,12.61,22.36,9.57,12.8,22.38,9.55,12.84,22.74,9.7,13.04,22.7,9.72,12.99,23.08,9.88,13.2,22.93,9.86,13.07,23.34,10.03,13.31,23.28,10.02,13.25,23.72,10.21,13.51,23.58,10.14,13.44,24,10.31,13.69,23.86,10.31,13.55,24.26,10.48,13.78,23.93,10.3,13.63,24.36,10.48,13.88,24.26,10.44,13.82,24.71,10.63,14.08,24.5,10.55,13.95,24.99,10.76,14.23,24.86,10.79,14.07,25.42,11.04,14.38
4,13218,福生市,6.18,2.62,3.56,6.43,2.7,3.73,6.66,2.8,3.86,7.02,2.9,4.13,7.28,2.99,4.29,7.48,3.04,4.44,7.8,3.2,4.6,8.17,3.32,4.86,8.63,3.5,5.14,9.28,3.78,5.51,9.7,3.95,5.75,10.24,4.15,6.09,11.25,4.51,6.73,11.87,4.81,7.07,12.47,5.07,7.4,13.03,5.33,7.7,13.67,5.63,8.04,14.1,5.89,8.22,14.9,6.24,8.67,15.54,6.52,9.02,16.12,6.79,9.34,16.94,7.15,9.8,17.72,7.51,10.21,18.58,7.89,10.68,19.44,8.3,11.13,20.12,8.58,11.54,20.73,8.87,11.86,21.28,9.11,12.16,21.62,9.35,12.28,22.29,9.61,12.68,22.62,9.82,12.79,23.38,10.14,13.24,23.6,10.26,13.33,24.48,10.63,13.84,24.25,10.57,13.68,25.29,11.01,14.28,24.78,10.78,13.99,26.01,11.33,14.68,25.32,11.07,14.24,26.73,11.71,15.02,25.65,11.29,14.36,27.14,11.96,15.19,26.14,11.55,14.59,27.67,12.25,15.42,26.77,11.88,14.88,28.22,12.56,15.66,27.42,12.19,15.23,28.79,12.83,15.96,27.58,12.33,15.25,29.04,13.02,16.02,27.58,12.34,15.24,29.31,13.16,16.15,27.57,12.35,15.22,29.53,13.27,16.26,27.54,12.3,15.24,29.76,13.33,16.42
4,13219,狛江市,7.15,3.07,4.08,7.35,3.16,4.19,7.62,3.26,4.37,8.04,3.43,4.61,8.39,3.55,4.84,8.87,3.78,5.09,9.38,4,5.38,9.9,4.26,5.65,10.49,4.52,5.97,11.03,4.79,6.23,11.8,5.13,6.66,12.38,5.4,6.98,13.12,5.75,7.37,13.98,6.16,7.82,14.62,6.46,8.16,15.26,6.76,8.5,16.01,7.08,8.93,16.66,7.33,9.33,17.15,7.49,9.66,17.85,7.75,10.1,18.3,7.91,10.38,18.92,8.16,10.75,19.7,8.44,11.26,20.35,8.63,11.72,21.13,8.96,12.17,21.62,9.14,12.48,21.99,9.26,12.73,22.41,9.41,13.01,22.88,9.65,13.23,23.09,9.73,13.35,23.31,9.89,13.41,23.53,9.98,13.55,23.78,10.13,13.65,24.03,10.23,13.8,23.98,10.2,13.78,24.25,10.31,13.94,24.07,10.25,13.82,24.35,10.37,13.98,24.08,10.29,13.79,24.39,10.42,13.97,23.99,10.28,13.71,24.31,10.41,13.9,23.93,10.28,13.66,24.27,10.42,13.86,24,10.29,13.71,24.33,10.43,13.9,24.25,10.43,13.83,24.56,10.55,14.01,24.24,10.39,13.85,24.56,10.53,14.03,24.29,10.42,13.87,24.65,10.57,14.08,24.28,10.44,13.85,24.68,10.6,14.08,24.25,10.47,13.78,24.73,10.67,14.05
4,13220,東大和市,5.86,2.45,3.42,6.18,2.56,3.62,6.4,2.66,3.74,6.54,2.68,3.86,6.85,2.83,4.03,7.22,2.95,4.27,7.74,3.23,4.52,8.2,3.46,4.74,8.63,3.67,4.96,9.07,3.91,5.17,9.7,4.21,5.49,10.29,4.53,5.75,10.98,4.89,6.09,11.77,5.32,6.45,12.58,5.73,6.85,13.22,6.05,7.18,14.11,6.49,7.63,14.85,6.84,8.01,15.56,7.12,8.44,16.35,7.49,8.86,17.03,7.78,9.25,18.01,8.19,9.82,18.94,8.63,10.31,19.77,8.98,10.8,20.71,9.32,11.39,21.43,9.64,11.79,21.78,9.78,12,22.34,9.98,12.35,23.02,10.27,12.75,23.18,10.34,12.84,23.9,10.66,13.24,24.09,10.75,13.34,24.64,10.94,13.7,24.83,11.03,13.8,25.34,11.24,14.09,25.53,11.34,14.19,25.86,11.46,14.4,26.06,11.56,14.5,26.37,11.68,14.7,26.59,11.79,14.8,26.72,11.85,14.87,26.95,11.96,14.98,26.99,11.92,15.06,27.22,12.05,15.18,27.26,12.03,15.23,27.5,12.15,15.35,27.46,12.09,15.36,27.69,12.21,15.48,27.6,12.14,15.47,27.86,12.27,15.59,27.68,12.18,15.5,27.95,12.31,15.63,27.74,12.2,15.54,28.02,12.34,15.68,27.84,12.24,15.6,28.16,12.4,15.76
4,13221,清瀬市,7.16,2.79,4.37,7.48,2.9,4.58,7.78,3.01,4.78,8.14,3.14,5,8.45,3.31,5.15,8.95,3.5,5.45,9.41,3.68,5.73,9.94,3.9,6.04,10.46,4.19,6.27,11,4.44,6.56,11.66,4.78,6.89,12.41,5.13,7.28,13.3,5.53,7.77,14.19,6,8.2,15.08,6.44,8.64,15.98,6.9,9.08,17.1,7.39,9.71,18.03,7.82,10.21,19.01,8.24,10.77,19.73,8.59,11.15,20.02,8.73,11.29,20.87,9.08,11.79,21.72,9.41,12.32,22.66,9.77,12.89,23.46,10.13,13.33,24.04,10.39,13.65,24.45,10.5,13.95,24.74,10.62,14.12,25.28,10.82,14.46,25.54,10.94,14.61,25.92,11.1,14.83,26.2,11.22,14.98,26.7,11.46,15.24,27.02,11.6,15.42,27.29,11.72,15.57,27.62,11.86,15.76,27.65,11.84,15.81,27.99,11.99,16,27.85,11.96,15.89,28.22,12.13,16.09,27.92,11.99,15.93,28.3,12.16,16.14,28.22,12.09,16.12,28.6,12.27,16.34,28.14,12.06,16.08,28.52,12.23,16.29,28.07,12.05,16.02,28.43,12.21,16.22,27.88,11.92,15.96,28.25,12.09,16.16,27.85,11.91,15.94,28.26,12.1,16.16,27.76,11.85,15.91,28.23,12.07,16.17,27.65,11.8,15.85,28.19,12.05,16.14
4,13222,東久留米市,5.27,2.2,3.07,5.54,2.29,3.25,5.84,2.4,3.44,6.18,2.55,3.63,6.57,2.71,3.86,6.89,2.85,4.03,7.34,3.07,4.28,7.84,3.31,4.53,8.46,3.6,4.86,9.12,3.92,5.2,9.8,4.26,5.54,10.64,4.67,5.97,11.48,5.08,6.4,12.29,5.47,6.81,13.15,5.91,7.24,14.03,6.33,7.7,15.02,6.78,8.24,15.86,7.18,8.69,16.79,7.61,9.18,17.61,7.96,9.65,18.45,8.32,10.13,19.32,8.68,10.64,20.41,9.15,11.26,21.35,9.53,11.82,22.24,9.91,12.33,22.99,10.21,12.78,23.47,10.38,13.09,24,10.62,13.39,24.61,10.87,13.73,24.9,11,13.9,25.44,11.19,14.25,25.74,11.33,14.42,26.25,11.51,14.74,26.58,11.65,14.93,26.81,11.71,15.1,27.17,11.86,15.31,27.38,11.96,15.42,27.75,12.12,15.63,27.94,12.22,15.73,28.34,12.39,15.95,28.13,12.24,15.89,28.55,12.42,16.14,28.37,12.33,16.04,28.82,12.52,16.3,28.57,12.36,16.21,29.03,12.55,16.47,28.63,12.36,16.27,29.06,12.54,16.52,28.64,12.31,16.33,29.1,12.51,16.59,28.83,12.37,16.46,29.35,12.59,16.75,28.88,12.37,16.51,29.45,12.62,16.84,28.97,12.39,16.58,29.63,12.67,16.96
4,13223,武蔵村山市,5.29,2.23,3.06,5.51,2.31,3.2,5.96,2.42,3.53,6.22,2.53,3.69,6.53,2.62,3.91,6.91,2.75,4.15,7.21,2.85,4.36,7.58,3.03,4.55,7.98,3.23,4.76,8.46,3.5,4.96,8.96,3.78,5.18,9.62,4.11,5.51,10.38,4.44,5.94,11.01,4.75,6.26,11.78,5.15,6.63,12.41,5.46,6.95,13.12,5.8,7.32,13.81,6.15,7.66,14.76,6.56,8.2,15.47,6.9,8.57,16.15,7.24,8.92,16.97,7.58,9.4,17.82,7.95,9.87,18.65,8.32,10.32,19.48,8.7,10.78,20.22,9.1,11.12,20.6,9.22,11.38,21.19,9.46,11.73,21.84,9.77,12.07,22.09,9.88,12.21,22.84,10.19,12.65,23.11,10.31,12.8,23.89,10.64,13.25,24.19,10.77,13.41,24.62,10.97,13.64,24.99,11.14,13.85,25.32,11.33,13.99,25.72,11.51,14.21,25.64,11.47,14.18,26.1,11.67,14.43,25.96,11.6,14.36,26.43,11.81,14.61,26.22,11.7,14.52,26.71,11.92,14.79,26.59,11.86,14.73,27.11,12.1,15.01,26.71,11.91,14.8,27.22,12.15,15.07,26.86,11.94,14.93,27.37,12.17,15.19,26.93,11.95,14.98,27.52,12.23,15.3,27.07,12,15.06,27.7,12.3,15.41,27.08,11.97,15.11,27.78,12.29,15.49
4,13224,多摩市,4.67,1.85,2.82,4.84,1.91,2.93,4.93,1.97,2.97,5.02,1.98,3.04,5.21,2.06,3.15,5.44,2.15,3.3,5.71,2.27,3.44,6.06,2.44,3.62,6.37,2.59,3.79,6.81,2.81,4,7.35,3.09,4.27,7.84,3.33,4.51,8.45,3.61,4.84,9.15,3.94,5.21,9.86,4.3,5.56,10.54,4.66,5.87,11.42,5.11,6.31,12.34,5.54,6.8,13.26,5.99,7.27,14.16,6.43,7.74,15.05,6.85,8.21,16.15,7.34,8.8,17.2,7.83,9.37,18.04,8.27,9.78,19.19,8.76,10.43,20.18,9.17,11.01,20.95,9.52,11.43,21.77,9.86,11.9,22.96,10.39,12.57,23.21,10.51,12.7,24.08,10.86,13.22,24.34,10.98,13.36,25.44,11.44,14,25.72,11.56,14.15,26.28,11.76,14.51,26.59,11.9,14.68,27.04,12.06,14.98,27.4,12.22,15.18,27.66,12.3,15.36,28.03,12.46,15.57,28.13,12.49,15.64,28.54,12.67,15.87,28.45,12.59,15.87,28.9,12.78,16.11,28.87,12.71,16.16,29.3,12.9,16.4,29.17,12.8,16.37,29.59,12.99,16.6,29.2,12.78,16.42,29.68,13,16.68,29.38,12.81,16.57,29.92,13.05,16.86,29.36,12.76,16.6,29.95,13.02,16.92,29.41,12.75,16.67,30.07,13.04,17.03
4,13225,稲城市,5.34,2.27,3.07,5.59,2.32,3.27,6.02,2.44,3.57,6.22,2.5,3.73,6.36,2.51,3.85,6.51,2.57,3.94,6.65,2.6,4.04,6.95,2.75,4.2,7.19,2.87,4.31,7.57,3.06,4.51,7.97,3.24,4.73,8.44,3.51,4.93,8.96,3.75,5.21,9.65,4.06,5.59,10.13,4.33,5.8,10.59,4.59,6,11.19,4.9,6.29,11.76,5.18,6.57,12.34,5.47,6.87,12.92,5.77,7.14,13.36,5.99,7.38,14.1,6.35,7.75,14.67,6.62,8.05,15.41,7.04,8.37,16.14,7.37,8.78,16.71,7.68,9.04,16.89,7.75,9.14,17.31,7.95,9.36,17.95,8.22,9.73,18.11,8.29,9.82,18.82,8.61,10.21,18.99,8.68,10.31,19.68,9.01,10.66,19.86,9.1,10.77,20.27,9.26,11.01,20.45,9.34,11.11,20.55,9.38,11.16,20.75,9.47,11.27,20.97,9.56,11.42,21.18,9.65,11.53,21.14,9.6,11.54,21.36,9.7,11.66,21.27,9.7,11.58,21.52,9.81,11.71,21.52,9.79,11.74,21.77,9.89,11.87,21.67,9.85,11.82,21.92,9.96,11.96,21.85,9.89,11.96,22.13,10.01,12.12,22.01,9.93,12.08,22.33,10.07,12.26,22.14,9.96,12.17,22.5,10.12,12.38,22.3,10.04,12.26,22.7,10.22,12.48
4,13227,羽村市,5.06,2.06,3.01,5.31,2.15,3.16,5.51,2.2,3.31,5.68,2.24,3.45,5.94,2.37,3.57,6.11,2.47,3.64,6.64,2.66,3.98,6.95,2.8,4.15,7.21,2.97,4.25,7.65,3.19,4.45,8.02,3.37,4.65,8.51,3.63,4.88,9.18,3.95,5.23,9.72,4.19,5.53,10.39,4.44,5.95,11.14,4.79,6.35,11.83,5.12,6.71,12.59,5.47,7.12,13.39,5.87,7.52,14.09,6.23,7.86,14.94,6.61,8.33,16.09,7.21,8.88,16.82,7.55,9.27,17.64,7.92,9.72,18.48,8.3,10.17,19.1,8.58,10.51,19.66,8.83,10.83,20.29,9.1,11.19,21.03,9.38,11.66,21.4,9.55,11.85,22.04,9.89,12.15,22.4,10.06,12.34,23.02,10.36,12.66,23.38,10.52,12.86,23.99,10.84,13.15,24.35,11.01,13.34,24.56,11.09,13.46,24.96,11.28,13.68,25.21,11.39,13.82,25.66,11.6,14.06,25.66,11.59,14.07,26.15,11.82,14.33,26.1,11.74,14.35,26.63,11.99,14.64,26.64,11.95,14.69,27.2,12.21,14.99,26.85,12.02,14.83,27.37,12.26,15.11,26.85,12.02,14.82,27.45,12.3,15.15,26.98,12.06,14.93,27.68,12.37,15.31,27.13,12.17,14.96,27.89,12.51,15.38,27.15,12.21,14.94,28.04,12.61,15.43
4,13228,あきる野市,9.03,3.72,5.3,9.28,3.79,5.48,9.61,3.89,5.72,9.94,3.99,5.95,10.15,4.05,6.1,10.38,4.15,6.23,10.73,4.31,6.42,11.14,4.52,6.61,11.31,4.64,6.68,11.77,4.93,6.84,12.39,5.2,7.19,12.86,5.44,7.42,13.39,5.67,7.71,14.01,5.93,8.08,14.58,6.22,8.36,15.27,6.53,8.74,15.88,6.88,9,16.55,7.21,9.35,17.18,7.54,9.64,17.83,7.86,9.97,18.52,8.3,10.23,19.31,8.68,10.63,20.29,9.16,11.14,21.17,9.56,11.61,22.19,10.06,12.13,23.09,10.52,12.57,23.43,10.68,12.75,24.02,10.95,13.07,25.02,11.44,13.58,25.15,11.5,13.65,26.01,11.89,14.12,26.14,11.95,14.19,27.02,12.31,14.71,27.17,12.38,14.79,27.79,12.74,15.05,27.96,12.82,15.14,28.41,13,15.41,28.59,13.09,15.51,29.04,13.27,15.77,29.23,13.36,15.87,29.36,13.38,15.98,29.59,13.48,16.11,29.77,13.54,16.23,30.04,13.66,16.38,30.14,13.69,16.44,30.43,13.83,16.61,30.33,13.76,16.57,30.63,13.9,16.73,30.52,13.79,16.73,30.86,13.94,16.92,30.58,13.81,16.78,30.99,13.99,17.01,30.65,13.77,16.88,31.13,13.98,17.15,30.83,13.83,17,31.35,14.07,17.28
4,13229,西東京市,7.6,3.3,4.3,7.9,3.39,4.51,8.22,3.49,4.73,8.61,3.62,5,8.94,3.77,5.17,9.39,3.97,5.42,9.96,4.25,5.71,10.57,4.55,6.03,11.16,4.83,6.34,11.82,5.14,6.67,12.42,5.42,7,13.08,5.7,7.37,13.78,6.03,7.75,14.43,6.28,8.15,15.11,6.59,8.52,15.68,6.86,8.82,16.47,7.16,9.31,16.98,7.38,9.6,17.57,7.6,9.98,17.89,7.71,10.18,18.27,7.85,10.43,18.58,7.93,10.65,19.12,8.15,10.96,19.66,8.36,11.3,20.21,8.54,11.67,20.63,8.72,11.92,20.66,8.72,11.94,20.94,8.85,12.1,21.45,9.11,12.34,21.7,9.21,12.49,22.24,9.47,12.77,22.5,9.57,12.93,22.97,9.78,13.2,23.27,9.9,13.37,23.35,9.96,13.39,23.68,10.1,13.58,23.62,10.08,13.54,23.99,10.23,13.76,23.77,10.13,13.63,24.19,10.31,13.88,23.81,10.14,13.67,24.28,10.34,13.94,23.76,10.12,13.64,24.29,10.34,13.95,23.91,10.19,13.72,24.4,10.4,14,24.14,10.28,13.86,24.58,10.47,14.11,24.22,10.36,13.86,24.68,10.56,14.12,24.33,10.42,13.91,24.85,10.65,14.21,24.51,10.49,14.02,25.11,10.75,14.36,24.68,10.53,14.15,25.39,10.84,14.55
1,13550,町村部,11.94,5.11,6.82,12.28,5.18,7.09,12.63,5.25,7.39,12.85,5.32,7.53,13.37,5.47,7.91,13.82,5.65,8.17,14.39,5.9,8.49,14.86,6.14,8.72,15.33,6.35,8.98,15.93,6.59,9.34,16.39,6.78,9.61,16.91,7.02,9.89,17.75,7.37,10.38,18.47,7.65,10.82,19.14,7.97,11.16,19.8,8.21,11.59,20.5,8.5,12,21.14,8.82,12.32,21.72,9.09,12.63,22.27,9.35,12.92,22.85,9.62,13.22,23.57,10,13.56,24.33,10.4,13.94,25.16,10.83,14.34,25.98,11.25,14.73,26.69,11.61,15.08,27.02,11.79,15.24,27.48,12.02,15.46,28.45,12.53,15.92,28.66,12.63,16.03,29.68,13.17,16.51,29.92,13.28,16.63,30.85,13.73,17.13,31.11,13.85,17.26,31.69,14.19,17.5,31.98,14.33,17.65,32.48,14.59,17.9,32.8,14.74,18.06,33.13,14.96,18.17,33.5,15.14,18.36,33.59,15.19,18.39,33.98,15.38,18.6,34.22,15.53,18.69,34.67,15.74,18.92,34.55,15.73,18.82,34.99,15.95,19.04,34.82,15.85,18.97,35.29,16.07,19.21,34.94,15.85,19.09,35.46,16.09,19.36,35.02,15.9,19.12,35.6,16.18,19.42,35.12,15.96,19.16,35.77,16.27,19.5,35.22,15.99,19.23,35.96,16.34,19.62
2,13300,郡部,10.01,4.37,5.64,10.23,4.41,5.83,10.52,4.46,6.06,10.67,4.49,6.17,11.18,4.6,6.57,11.55,4.74,6.8,12.03,4.96,7.07,12.36,5.12,7.24,12.86,5.38,7.48,13.35,5.58,7.77,13.75,5.75,8,14.25,5.96,8.28,15.18,6.34,8.83,15.86,6.58,9.28,16.6,6.92,9.68,17.32,7.18,10.15,18.11,7.49,10.62,18.73,7.82,10.91,19.42,8.15,11.27,20,8.46,11.54,20.66,8.81,11.86,21.53,9.26,12.27,22.41,9.68,12.73,23.37,10.14,13.22,24.29,10.63,13.66,25.19,11.1,14.09,25.67,11.35,14.32,26.26,11.65,14.61,27.39,12.21,15.17,27.61,12.32,15.29,28.64,12.81,15.83,28.88,12.93,15.95,29.91,13.38,16.53,30.18,13.52,16.67,30.88,13.88,17,31.2,14.03,17.17,31.71,14.26,17.45,32.07,14.43,17.64,32.43,14.61,17.81,32.86,14.81,18.04,32.96,14.84,18.12,33.41,15.04,18.37,33.69,15.19,18.5,34.2,15.42,18.78,34.02,15.36,18.67,34.52,15.59,18.94,34.29,15.45,18.84,34.83,15.69,19.14,34.45,15.43,19.02,35.06,15.7,19.36,34.61,15.54,19.07,35.29,15.84,19.45,34.76,15.63,19.13,35.5,15.96,19.54,34.85,15.66,19.19,35.69,16.03,19.66
4,13303,瑞穂町,6.85,2.95,3.9,6.94,2.94,4.01,7.16,2.95,4.21,7.27,2.98,4.29,7.41,2.99,4.42,7.64,3.13,4.51,7.99,3.27,4.72,8.25,3.43,4.82,8.6,3.6,5,9.07,3.79,5.27,9.46,3.96,5.5,9.77,4.13,5.63,10.3,4.4,5.9,10.79,4.64,6.15,11.39,4.95,6.44,12.17,5.21,6.96,12.94,5.49,7.45,13.56,5.86,7.7,14.26,6.2,8.07,14.9,6.53,8.37,15.55,6.9,8.65,16.42,7.3,9.12,17.31,7.73,9.58,18.21,8.26,9.96,19.2,8.75,10.45,20.12,9.22,10.9,20.61,9.5,11.1,21.33,9.81,11.51,22.37,10.28,12.1,22.65,10.41,12.24,23.53,10.8,12.73,23.83,10.94,12.89,24.7,11.3,13.4,25.03,11.47,13.57,25.7,11.85,13.84,26.1,12.05,14.05,26.61,12.31,14.31,27.06,12.52,14.54,27.34,12.73,14.61,27.88,12.99,14.89,27.99,12.99,15.01,28.57,13.27,15.31,28.89,13.37,15.52,29.54,13.67,15.86,29.38,13.54,15.83,29.99,13.83,16.16,29.68,13.6,16.08,30.35,13.91,16.44,29.84,13.58,16.26,30.55,13.9,16.65,29.98,13.66,16.32,30.77,14.02,16.75,30.09,13.76,16.33,30.94,14.13,16.81,30.21,13.76,16.45,31.2,14.2,16.99
4,13305,日の出町,10.08,4.45,5.64,10.31,4.5,5.81,10.47,4.49,5.98,10.51,4.43,6.08,10.93,4.49,6.44,11.26,4.53,6.73,11.66,4.64,7.01,12.09,4.81,7.27,12.61,5.11,7.5,12.9,5.29,7.61,13.13,5.34,7.79,13.33,5.45,7.88,15.25,6.19,9.06,16.32,6.55,9.77,17.21,6.82,10.38,17.96,7.07,10.88,18.7,7.42,11.28,19.37,7.7,11.67,20.12,8.21,11.92,20.78,8.56,12.22,21.55,8.98,12.57,22.59,9.56,13.03,23.53,10.12,13.41,24.91,10.77,14.14,25.95,11.37,14.57,27.1,12.02,15.08,27.51,12.21,15.3,28.09,12.55,15.53,29.61,13.3,16.31,29.71,13.35,16.36,31.09,13.9,17.19,31.18,13.95,17.23,32.58,14.56,18.02,32.67,14.62,18.06,33.61,14.99,18.63,33.74,15.05,18.69,34.24,15.15,19.09,34.37,15.2,19.16,34.97,15.33,19.64,35.15,15.4,19.74,35.5,15.58,19.92,35.63,15.63,19.99,35.9,15.83,20.07,36.09,15.91,20.18,35.98,15.95,20.03,36.19,16.04,20.15,36.12,15.99,20.13,36.34,16.09,20.25,36.3,15.91,20.4,36.62,16.05,20.57,36.5,15.99,20.5,36.83,16.14,20.69,36.62,16.01,20.61,36.98,16.17,20.81,36.71,15.94,20.77,37.07,16.1,20.97
4,13307,檜原村,18.21,8.46,9.75,19.5,8.93,10.57,20.17,9.03,11.14,20.48,9.28,11.2,22.52,9.59,12.93,23.96,10.3,13.65,25.28,11.11,14.18,25.86,11.21,14.65,26.78,11.65,15.13,27.9,11.79,16.11,28.85,12.12,16.73,30.06,12.45,17.6,30.89,12.79,18.1,31.68,12.75,18.93,33.27,13.57,19.7,34.24,13.96,20.28,36.01,14.53,21.48,36.96,15.25,21.72,38.08,15.77,22.3,38.22,15.6,22.62,38.8,15.63,23.17,39.73,16.1,23.63,40.56,16.53,24.03,41.07,16.71,24.37,41.55,16.93,24.63,41.65,16.78,24.86,42.27,16.88,25.38,42.82,17.17,25.64,43.19,17.78,25.42,43.22,17.81,25.41,44.9,18.89,26.01,44.89,18.91,25.98,46.36,19.8,26.57,46.41,19.82,26.58,46.91,19.89,27.02,46.97,19.92,27.05,48.66,20.94,27.73,48.7,20.99,27.72,50.22,21.75,28.48,50.22,21.75,28.47,50.56,21.88,28.69,50.54,21.9,28.64,51.64,22.12,29.51,51.64,22.14,29.5,52.18,22.44,29.73,52.18,22.46,29.72,52.15,23.05,29.1,52.18,23.08,29.1,52.65,23.65,29,52.76,23.72,29.04,53.07,24.22,28.85,53.22,24.3,28.91,53.56,24.54,29.02,53.71,24.63,29.08,53.94,24.76,29.18,54.21,24.91,29.31
4,13308,奥多摩町,15.1,6.4,8.69,15.61,6.54,9.07,16.58,7,9.57,17.53,7.38,10.15,19.02,7.93,11.09,19.92,8.19,11.73,21.04,8.74,12.3,21.8,9.16,12.64,23.03,9.78,13.26,23.99,10.18,13.81,24.92,10.67,14.25,26.55,11.22,15.32,27.37,11.49,15.89,28.33,11.73,16.6,29.41,12.3,17.11,30.15,12.64,17.5,31.27,13.15,18.13,32.26,13.5,18.76,33.3,13.63,19.67,34.17,14.14,20.03,35.19,14.56,20.63,36.24,15.18,21.06,37.25,15.34,21.91,38.32,15.44,22.88,39.19,15.83,23.36,40.22,16.35,23.87,41.08,16.7,24.38,41.52,16.95,24.57,43.22,17.91,25.31,43.31,17.92,25.38,44.85,18.98,25.87,44.93,19,25.92,46.58,19.76,26.82,46.7,19.81,26.89,47.9,20.51,27.39,48.04,20.55,27.49,48.8,21.02,27.78,48.96,21.08,27.88,49.17,21.33,27.84,49.38,21.41,27.97,49.06,21.3,27.77,49.39,21.42,27.96,50,21.93,28.07,50.28,22.06,28.22,50.17,22.22,27.95,50.62,22.43,28.18,50.95,22.56,28.38,51.48,22.8,28.68,51.5,22.8,28.7,52.1,23.05,29.05,52.25,23.31,28.94,52.99,23.63,29.36,53.29,23.8,29.5,54.23,24.2,30.03,53.7,24.54,29.16,54.71,24.97,29.74
2,13350,島部,15.09,6.33,8.76,15.68,6.48,9.2,16.21,6.58,9.63,16.65,6.76,9.88,17.25,6.99,10.27,17.88,7.27,10.61,18.68,7.61,11.08,19.51,8.03,11.47,19.98,8.16,11.82,20.8,8.49,12.31,21.41,8.75,12.66,21.99,9.04,12.95,22.67,9.34,13.33,23.48,9.71,13.77,24,9.99,14.01,24.58,10.22,14.36,25.13,10.45,14.68,25.89,10.79,15.11,26.29,10.95,15.34,26.83,11.13,15.69,27.24,11.26,15.98,27.71,11.52,16.19,28.28,11.87,16.41,28.86,12.24,16.62,29.49,12.53,16.96,29.83,12.66,17.16,29.88,12.71,17.17,30.06,12.8,17.26,30.7,13.2,17.5,30.9,13.3,17.6,31.94,13.94,17.99,32.15,14.05,18.1,32.89,14.46,18.42,33.12,14.58,18.54,33.46,14.87,18.59,33.69,15,18.69,34.2,15.31,18.89,34.43,15.44,18.99,34.7,15.72,18.98,34.92,15.85,19.06,34.99,15.98,19,35.25,16.14,19.11,35.42,16.31,19.11,35.71,16.47,19.23,35.74,16.58,19.16,36.03,16.76,19.27,36.03,16.76,19.27,36.32,16.94,19.38,36.06,16.81,19.25,36.35,16.99,19.36,35.97,16.74,19.23,36.31,16.95,19.35,35.97,16.74,19.22,36.41,17.01,19.4,36.12,16.79,19.33,36.6,17.08,19.52
3,13360,大島支庁,15.75,6.56,9.19,16.29,6.71,9.57,16.7,6.79,9.91,17.17,7.01,10.16,17.69,7.17,10.52,18.25,7.48,10.76,19.26,7.98,11.28,20.03,8.41,11.62,20.55,8.58,11.97,21.38,8.95,12.43,22.32,9.41,12.91,22.94,9.77,13.18,23.61,10.05,13.56,24.51,10.4,14.11,25.08,10.76,14.33,25.73,10.91,14.82,26.27,11.22,15.04,26.85,11.45,15.41,27.09,11.52,15.57,27.48,11.6,15.88,27.65,11.54,16.1,28.13,11.76,16.38,28.86,12.02,16.84,29.64,12.46,17.18,30.35,12.74,17.6,30.87,12.94,17.93,31.05,12.97,18.08,31.25,12.97,18.28,31.98,13.41,18.57,32.09,13.46,18.63,33.18,14.23,18.95,33.28,14.28,19.01,34.07,14.64,19.42,34.21,14.71,19.51,34.65,15.14,19.51,34.85,15.22,19.63,35.59,15.56,20.03,35.8,15.65,20.15,36.14,16.05,20.1,36.35,16.13,20.22,36.42,16.33,20.1,36.69,16.44,20.25,36.74,16.58,20.16,37.06,16.72,20.34,37.28,16.85,20.43,37.62,17.01,20.62,37.67,17.02,20.65,38.02,17.18,20.84,37.76,17.15,20.61,38.12,17.31,20.81,37.97,17.23,20.74,38.41,17.44,20.97,37.92,17.26,20.67,38.46,17.5,20.96,38.02,17.15,20.87,38.64,17.42,21.22
4,13361,大島町,15.92,6.62,9.3,16.68,6.9,9.79,17.15,6.98,10.17,17.63,7.22,10.41,18.37,7.48,10.88,18.84,7.72,11.12,19.64,8.07,11.57,20.35,8.54,11.82,20.89,8.67,12.22,21.52,8.94,12.58,22.39,9.38,13.02,22.88,9.63,13.25,23.4,9.9,13.49,24.35,10.26,14.09,24.75,10.44,14.3,25.36,10.59,14.77,25.85,10.96,14.89,26.55,11.2,15.35,26.88,11.31,15.57,27.23,11.42,15.81,27.44,11.42,16.02,28.11,11.68,16.43,29.01,11.99,17.02,29.77,12.51,17.26,30.74,12.91,17.83,31.2,12.99,18.21,31.37,12.98,18.39,31.79,13.15,18.64,32.62,13.59,19.03,32.76,13.66,19.11,33.9,14.46,19.43,34.04,14.52,19.51,34.91,14.93,19.98,35.12,15.02,20.11,35.61,15.46,20.15,35.9,15.57,20.33,36.38,15.92,20.46,36.68,16.04,20.64,37.3,16.57,20.72,37.6,16.69,20.91,37.4,16.71,20.7,37.79,16.86,20.94,37.73,17.05,20.68,38.16,17.23,20.93,38.04,17.22,20.82,38.53,17.43,21.1,38.52,17.42,21.1,39,17.63,21.37,38.28,17.36,20.92,38.79,17.56,21.23,38.61,17.57,21.04,39.24,17.85,21.39,38.5,17.53,20.97,39.28,17.87,21.41,38.59,17.32,21.28,39.45,17.67,21.77
4,13362,利島村,16.05,7.02,9.03,16.12,6.91,9.21,15.65,7.03,8.63,16.61,7.52,9.09,15.99,6.9,9.09,16.15,7.14,9.01,18.24,8.14,10.1,19.05,6.8,12.24,18.46,6.04,12.42,19.46,6.71,12.75,22.11,8.25,13.86,21.28,8.11,13.18,21.62,8.45,13.18,20.52,8.47,12.05,21.22,9.65,11.58,22.11,9.9,12.21,24.24,11.45,12.79,22.95,10.16,12.79,22.7,9.54,13.16,23.51,9.6,13.91,23.61,8.85,14.75,22.77,8.91,13.86,24.49,10.54,13.95,24.57,10.24,14.33,24.24,10.44,13.8,24.92,11.45,13.47,22.88,10.34,12.54,21.7,9.12,12.58,21.84,9.18,12.66,21.84,9.18,12.66,23.53,11.11,12.42,23.53,11.11,12.42,26.06,12.38,13.68,26.06,12.38,13.68,24.52,11.46,13.06,24.6,11.5,13.1,24.76,11.75,13.02,24.84,11.78,13.06,24.3,12.15,12.15,24.38,12.19,12.19,24.15,11.46,12.69,24.22,11.49,12.73,24.53,12.11,12.42,24.84,12.26,12.58,24.84,12.58,12.26,24.92,12.79,12.13,23.19,11.45,11.75,23.31,11.66,11.66,23.34,11.99,11.36,23.4,12.18,11.22,22.61,11.46,11.15,22.8,11.73,11.07,24.33,12,12.33,24.49,12.24,12.24,23.43,11.55,11.88,23.97,11.99,11.99
4,13363,新島村,17.7,7.29,10.41,18.06,7.3,10.76,18.66,7.42,11.23,19.15,7.54,11.6,19.65,7.6,12.04,20.46,8.02,12.44,21.87,8.83,13.04,22.92,9.28,13.65,23.57,9.5,14.07,24.76,10.08,14.68,26.11,10.67,15.44,26.72,11.16,15.56,27.79,11.6,16.18,28.47,11.98,16.49,28.82,12.38,16.44,29.52,12.61,16.91,30.21,12.75,17.46,30.62,12.9,17.72,30.71,13.06,17.65,31.13,12.97,18.16,31.19,12.74,18.46,31.27,12.91,18.36,31.6,13.14,18.45,32.39,13.49,18.9,32.97,13.52,19.45,33.44,13.82,19.62,34.1,14.15,19.94,34.49,14.21,20.27,35.11,14.7,20.41,35.17,14.73,20.44,36.55,15.44,21.1,36.61,15.47,21.14,37.05,15.58,21.47,37.11,15.62,21.49,37.44,16.08,21.36,37.52,16.13,21.4,38.9,16.67,22.23,39.01,16.73,22.27,38.99,17,21.99,39.09,17.06,22.03,39.6,17.56,22.04,39.73,17.63,22.1,39.84,17.52,22.32,40,17.61,22.39,40.52,17.77,22.75,40.66,17.87,22.79,40.91,17.94,22.97,41.07,18.05,23.03,41.32,18.24,23.09,41.48,18.34,23.14,41.05,17.98,23.07,41.19,18.07,23.11,40.37,17.89,22.48,40.53,17.97,22.56,40.5,17.85,22.65,40.72,17.96,22.75
4,13364,神津島村,11.7,5.01,6.69,11.69,4.93,6.76,11.79,4.94,6.84,12.14,5.17,6.97,12.09,5.22,6.87,12.73,5.76,6.97,13.95,6.34,7.61,14.54,6.77,7.77,15.05,7.21,7.84,16.27,7.68,8.59,16.83,7.98,8.86,18.21,8.62,9.59,18.94,8.71,10.23,20.15,9.05,11.1,21.8,9.95,11.85,22.39,9.95,12.44,22.76,10.19,12.58,23.4,10.61,12.79,23.37,10.47,12.9,23.86,10.69,13.16,23.93,10.7,13.23,24.37,10.76,13.61,24.73,10.67,14.06,25.61,11.02,14.59,25.6,11.21,14.38,26.39,11.59,14.79,26.31,11.52,14.79,25.51,10.95,14.55,26.17,11.37,14.81,26.23,11.39,14.84,26.64,11.92,14.71,26.69,11.95,14.74,27.3,12.38,14.91,27.34,12.4,14.94,28.18,13.03,15.15,28.21,13.04,15.17,29.18,13.05,16.13,29.23,13.07,16.16,29.25,13.15,16.1,29.3,13.17,16.13,29.98,13.86,16.12,30.03,13.88,16.15,30.59,14.17,16.41,30.68,14.22,16.47,31.8,14.79,17.01,31.93,14.85,17.08,32.55,15.18,17.37,32.69,15.25,17.44,33.31,15.72,17.6,33.46,15.79,17.67,33.92,15.89,18.03,34.07,15.96,18.11,34.6,16.23,18.36,34.8,16.33,18.47,35.03,16.55,18.48,35.3,16.68,18.62
3,13380,三宅支庁,14.58,5.66,8.91,15.2,6.02,9.18,16.31,6.2,10.11,16.4,6.44,9.96,17.29,6.92,10.37,18.31,7.5,10.8,19.19,7.82,11.37,20.64,8.46,12.18,20.03,8.11,11.93,22.65,9.18,13.46,23.39,9.2,14.19,24.11,9.41,14.7,25.66,10.09,15.57,26.61,10.72,15.89,27.41,11.03,16.38,28.36,11.5,16.86,29.17,11.87,17.3,31.06,12.58,18.48,32.94,13.41,19.53,34.39,13.79,20.6,35.36,14.15,21.22,35.82,14.39,21.44,35.23,14.34,20.88,34.63,14.39,20.25,34.71,14.72,19.99,34.28,14.76,19.53,33.87,14.54,19.33,34.03,14.98,19.06,34.01,15.23,18.78,34.3,15.4,18.9,35.21,15.92,19.29,35.61,16.15,19.47,36.09,16.37,19.72,36.54,16.65,19.89,36.55,16.64,19.91,36.98,16.93,20.05,36.59,17.08,19.51,36.9,17.34,19.56,37.11,17.19,19.92,37.37,17.43,19.94,36.78,17.37,19.41,37.06,17.59,19.47,37.08,17.86,19.21,37.34,18.08,19.26,36.99,18.22,18.77,37.26,18.44,18.82,37.43,18.9,18.53,37.77,19.13,18.64,37.29,18.97,18.32,37.64,19.21,18.43,37.09,18.82,18.27,37.43,19.05,18.38,37.13,18.74,18.38,37.65,19.07,18.58,37.42,19.12,18.3,38.05,19.47,18.58
4,13381,三宅村,14.66,5.68,8.98,15.32,6.05,9.27,16.45,6.24,10.21,16.6,6.5,10.11,17.44,6.96,10.48,18.58,7.6,10.98,19.58,7.98,11.6,21.06,8.65,12.41,20.16,8.14,12.02,22.9,9.29,13.61,23.61,9.25,14.36,24.39,9.52,14.87,26.07,10.26,15.81,27.16,11,16.16,27.94,11.31,16.63,28.97,11.86,17.11,29.99,12.33,17.66,32.21,13.18,19.03,34.31,14.08,20.23,36.01,14.55,21.46,37,14.93,22.08,37.9,15.36,22.54,37,15.14,21.86,36.42,15.08,21.33,36.76,15.45,21.31,36.41,15.56,20.85,36.12,15.43,20.69,36.36,15.89,20.47,36.27,16.03,20.24,36.61,16.23,20.38,37.51,16.8,20.71,37.98,17.06,20.92,38.17,17.21,20.97,38.7,17.53,21.17,38.91,17.64,21.27,39.42,17.98,21.44,38.75,18,20.75,39.12,18.3,20.82,39.6,18.28,21.32,39.92,18.56,21.36,39.1,18.5,20.6,39.44,18.76,20.68,39.59,19.05,20.54,39.91,19.31,20.6,39.49,19.35,20.14,39.81,19.61,20.2,39.8,20.03,19.77,40.2,20.29,19.91,39.5,19.99,19.51,39.91,20.26,19.65,39.17,19.79,19.39,39.57,20.05,19.51,39.53,19.86,19.67,40.14,20.23,19.91,39.71,20.11,19.6,40.4,20.49,19.91
4,13382,御蔵島村,13.03,5.46,7.56,13.25,5.62,7.63,13.94,5.58,8.37,12.99,5.51,7.48,14.69,6.12,8.57,13.83,5.93,7.91,13.16,5.26,7.89,14.29,5.64,8.65,18.07,7.63,10.44,18.65,7.54,11.11,19.92,8.37,11.55,19.6,7.6,12,19.29,7.48,11.81,18.32,6.49,11.83,19.47,6.87,12.6,19.31,6.18,13.13,18.09,5.67,12.41,16.31,4.96,11.35,15.88,5.05,10.83,15.49,4.93,10.56,16.36,5.09,11.27,14.34,4.3,10.04,15.85,5.66,10.19,16.13,7.17,8.96,15.1,7.72,7.38,14.89,7.44,7.44,13.92,6.65,7.28,13.61,6.96,6.65,14.2,8.2,5.99,14.24,8.23,6.01,15.24,8.25,6.98,15.29,8.28,7.01,17.11,8.72,8.39,17.17,8.75,8.42,16.88,8.28,8.6,16.93,8.31,8.63,18.15,9.24,8.91,18.21,9.27,8.94,17.59,8.64,8.95,17.65,8.67,8.98,18.61,8.52,10.09,18.67,8.54,10.13,17.92,8.81,9.12,17.98,8.83,9.15,17.59,9.45,8.14,17.65,9.48,8.17,18.73,10.03,8.7,18.79,10.07,8.72,19.86,10.96,8.9,19.93,11,8.93,20.96,11.34,9.62,21.03,11.38,9.66,19.54,10.6,8.94,19.67,10.67,9,20.49,11.81,8.68,20.77,11.97,8.8
3,13400,八丈支庁,15.56,6.64,8.93,16.33,6.75,9.58,16.77,6.81,9.96,17.43,6.96,10.47,18.21,7.26,10.95,18.93,7.46,11.46,19.56,7.61,11.94,20.45,8.04,12.41,21.33,8.25,13.08,21.7,8.33,13.36,21.89,8.48,13.41,22.48,8.76,13.73,23.03,9,14.03,23.72,9.28,14.43,24.33,9.59,14.75,24.83,9.92,14.92,25.44,10.05,15.39,26.3,10.51,15.79,26.59,10.61,15.98,27.18,10.9,16.27,27.92,11.26,16.66,28.74,11.76,16.98,29.5,12.35,17.15,30.36,12.79,17.57,31.28,13.11,18.16,31.84,13.26,18.58,32.01,13.47,18.54,32.37,13.65,18.72,33.12,14.06,19.05,33.49,14.24,19.25,34.63,14.82,19.81,35.03,15.01,20.02,35.74,15.57,20.18,36.14,15.75,20.39,36.46,15.88,20.59,36.82,16.06,20.76,37.26,16.36,20.9,37.62,16.57,21.05,38.11,16.97,21.14,38.44,17.18,21.26,38.61,17.3,21.31,39.02,17.56,21.46,39.39,17.68,21.71,39.79,17.94,21.85,39.56,17.9,21.65,39.89,18.15,21.74,39.49,17.94,21.55,39.8,18.2,21.6,39.58,17.95,21.63,39.92,18.21,21.7,39.19,17.69,21.5,39.52,17.98,21.54,38.93,17.46,21.46,39.32,17.79,21.53,39.47,17.92,21.55,39.81,18.25,21.57
4,13401,八丈町,15.72,6.71,9.01,16.46,6.8,9.65,16.89,6.86,10.03,17.53,7.01,10.52,18.29,7.29,11,19,7.49,11.5,19.62,7.63,12,20.51,8.05,12.47,21.43,8.28,13.14,21.83,8.37,13.46,22.02,8.49,13.53,22.62,8.77,13.84,23.18,9.01,14.17,23.86,9.3,14.55,24.51,9.62,14.89,25.05,9.96,15.09,25.7,10.11,15.59,26.57,10.57,16,26.83,10.67,16.16,27.46,10.98,16.48,28.21,11.34,16.88,29.05,11.85,17.2,29.87,12.49,17.39,30.79,12.96,17.83,31.73,13.3,18.43,32.29,13.43,18.86,32.48,13.65,18.83,32.83,13.83,19,33.55,14.22,19.33,33.93,14.39,19.54,35.05,14.96,20.1,35.46,15.15,20.31,36.18,15.72,20.46,36.59,15.91,20.68,36.92,16.01,20.91,37.29,16.2,21.09,37.72,16.52,21.2,38.1,16.73,21.36,38.6,17.14,21.46,38.95,17.36,21.59,39.05,17.44,21.61,39.47,17.71,21.76,39.9,17.84,22.06,40.32,18.11,22.21,40.01,18.02,21.98,40.35,18.27,22.08,39.91,18.01,21.9,40.23,18.28,21.95,40,18.02,21.98,40.35,18.29,22.05,39.52,17.74,21.79,39.87,18.03,21.83,39.27,17.52,21.75,39.68,17.86,21.82,39.85,18.02,21.83,40.21,18.36,21.85
4,13402,青ヶ島村,8.26,3.21,5.05,10.43,4.27,6.16,10.84,4.43,6.4,12.18,4.57,7.61,14.08,5.83,8.25,15.5,6,9.5,16.34,6.93,9.41,17.48,7.77,9.71,16.83,6.93,9.9,15.61,6.83,8.78,15.76,7.88,7.88,16.51,8.02,8.49,16.2,8.33,7.87,17.16,8.33,8.82,15.74,8.12,7.61,14.63,7.8,6.83,14.01,7.73,6.28,14.15,7.8,6.34,15.5,8,7.5,14.36,7.43,6.93,14.51,7.77,6.74,14.65,7.58,7.07,12.5,6.25,6.25,11.4,5.18,6.22,9.94,4.42,5.52,10.34,5.17,5.17,10.17,5.08,5.08,11.3,5.65,5.65,12.57,6.86,5.71,12.72,6.94,5.78,14.71,8.24,6.47,14.88,8.33,6.55,14.97,8.38,6.59,15.15,8.48,6.67,15.06,9.64,5.42,15.15,9.7,5.45,15,8.75,6.25,15,8.75,6.25,15.66,9.04,6.63,15.66,9.04,6.63,18.24,10.69,7.55,18.24,10.69,7.55,17.26,10.71,6.55,17.26,10.71,6.55,20,12.73,7.27,20,12.73,7.27,21.76,14.71,7.06,21.76,14.71,7.06,22.02,14.88,7.14,22.02,14.88,7.14,24.36,15.38,8.97,24.36,15.38,8.97,24.38,15,9.38,24.38,15,9.38,23.23,13.55,9.68,23.23,13.55,9.68
3,13420,小笠原支庁,7.51,4.08,3.43,7.61,3.91,3.7,8.41,4.31,4.1,8.42,4.32,4.11,8.44,4.17,4.27,8.45,3.97,4.48,8.59,4.05,4.54,8.75,4.23,4.52,9.43,4.67,4.76,9.21,4.56,4.65,9.42,4.47,4.95,9.35,4.5,4.85,9.28,4.55,4.72,9.83,4.92,4.92,9.87,4.85,5.02,9.86,4.85,5.01,9.84,4.75,5.08,9.86,4.83,5.03,9.62,4.77,4.85,9.93,5.07,4.86,10.08,5.19,4.89,10.3,5.34,4.96,11.04,5.86,5.19,11.18,6.04,5.13,11.38,6.33,5.05,11.38,6.44,4.95,11.07,6.4,4.67,11.11,6.42,4.69,12.15,6.86,5.28,12.19,6.91,5.28,13.04,7.35,5.69,13.07,7.37,5.7,13.87,7.79,6.07,13.85,7.81,6.04,14.57,8.43,6.15,14.45,8.41,6.04,15.27,8.87,6.4,15.23,8.92,6.31,15.11,8.9,6.21,14.98,8.91,6.08,15.62,9.03,6.59,15.47,9.05,6.43,16.09,9.47,6.62,16.01,9.48,6.53,16.42,9.9,6.52,16.38,9.94,6.44,17.13,9.98,7.15,17.07,10.01,7.06,17.2,9.88,7.32,17.08,9.91,7.17,17.15,9.92,7.23,17.13,9.97,7.17,17.67,10.38,7.29,17.73,10.52,7.22,17.11,9.79,7.31,17.18,9.93,7.24
4,13421,小笠原村,7.51,4.08,3.43,7.61,3.91,3.7,8.41,4.31,4.1,8.42,4.32,4.11,8.44,4.17,4.27,8.45,3.97,4.48,8.59,4.05,4.54,8.75,4.23,4.52,9.43,4.67,4.76,9.21,4.56,4.65,9.42,4.47,4.95,9.35,4.5,4.85,9.28,4.55,4.72,9.83,4.92,4.92,9.87,4.85,5.02,9.86,4.85,5.01,9.84,4.75,5.08,9.86,4.83,5.03,9.62,4.77,4.85,9.93,5.07,4.86,10.08,5.19,4.89,10.3,5.34,4.96,11.04,5.86,5.19,11.18,6.04,5.13,11.38,6.33,5.05,11.38,6.44,4.95,11.07,6.4,4.67,11.11,6.42,4.69,12.15,6.86,5.28,12.19,6.91,5.28,13.04,7.35,5.69,13.07,7.37,5.7,13.87,7.79,6.07,13.85,7.81,6.04,14.57,8.43,6.15,14.45,8.41,6.04,15.27,8.87,6.4,15.23,8.92,6.31,15.11,8.9,6.21,14.98,8.91,6.08,15.62,9.03,6.59,15.47,9.05,6.43,16.09,9.47,6.62,16.01,9.48,6.53,16.42,9.9,6.52,16.38,9.94,6.44,17.13,9.98,7.15,17.07,10.01,7.06,17.2,9.88,7.32,17.08,9.91,7.17,17.15,9.92,7.23,17.13,9.97,7.17,17.67,10.38,7.29,17.73,10.52,7.22,17.11,9.79,7.31,17.18,9.93,7.24
,,,,,,,,,,,,,,,,,,,,,,,,,,,,,,,,,,,,,,,,,,,,,,,,,,,,,,,,,,,,,,,,,,,,,,,,,,,,,,,,,,,,,,,,,,,,,,,,,,,,,,,,,,,,,,,,,,,,,,,,,,,,,,,,,,,,,,,,,,,,,,,,,,,,,,,,,,,,,,,,,,,,,,,,,,
住民基本台帳による東京都の世帯と人口　令和8年1月,,,,,,,,,,,,,,,,,,,,,,,,,,,,,,,,,,,,,,,,,,,,,,,,,,,,,,,,,,,,,,,,,,,,,,,,,,,,,,,,,,,,,,,,,,,,,,,,,,,,,,,,,,,,,,,,,,,,,,,,,,,,,,,,,,,,,,,,,,,,,,,,,,,,,,,,,,,,,,,,,,,,,,,,,,
第９表　区市町村別年齢３区分別人口及び構成比（昭和60年～令和8年）/各年１月１日現在/各区市町村別総人口に占める老年人口（65歳以上）の割合(％),,,,,,,,,,,,,,,,,,,,,,,,,,,,,,,,,,,,,,,,,,,,,,,,,,,,,,,,,,,,,,,,,,,,,,,,,,,,,,,,,,,,,,,,,,,,,,,,,,,,,,,,,,,,,,,,,,,,,,,,,,,,,,,,,,,,,,,,,,,,,,,,,,,,,,,,,,,,,,,,,,,,,,,,,,
注１）表章地域について、表章年次の期間中に市長村合併があった地域については、合併前の年次についても最新年次時点における地域（合併後）で集計を行っている。（例；あきる野市、西東京市）,,,,,,,,,,,,,,,,,,,,,,,,,,,,,,,,,,,,,,,,,,,,,,,,,,,,,,,,,,,,,,,,,,,,,,,,,,,,,,,,,,,,,,,,,,,,,,,,,,,,,,,,,,,,,,,,,,,,,,,,,,,,,,,,,,,,,,,,,,,,,,,,,,,,,,,,,,,,,,,,,,,,,,,,,,
注２）法改正により平成24年７月から外国人が住民基本台帳法の適用対象となったため、平成25年以降の人口総数は、日本人と外国人の合計数である。,,,,,,,,,,,,,,,,,,,,,,,,,,,,,,,,,,,,,,,,,,,,,,,,,,,,,,,,,,,,,,,,,,,,,,,,,,,,,,,,,,,,,,,,,,,,,,,,,,,,,,,,,,,,,,,,,,,,,,,,,,,,,,,,,,,,,,,,,,,,,,,,,,,,,,,,,,,,,,,,,,,,,,,,,,
注３）小数点第３位を四捨五入しているので、男女の割合の計は必ずしも総数の割合に一致しない。,,,,,,,,,,,,,,,,,,,,,,,,,,,,,,,,,,,,,,,,,,,,,,,,,,,,,,,,,,,,,,,,,,,,,,,,,,,,,,,,,,,,,,,,,,,,,,,,,,,,,,,,,,,,,,,,,,,,,,,,,,,,,,,,,,,,,,,,,,,,,,,,,,,,,,,,,,,,,,,,,,,,,,,,,,
注４）平成25年より参考として日本人人口総数に占める日本人の老年人口の割合を掲載した。,,,,,,,,,,,,,,,,,,,,,,,,,,,,,,,,,,,,,,,,,,,,,,,,,,,,,,,,,,,,,,,,,,,,,,,,,,,,,,,,,,,,,,,,,,,,,,,,,,,,,,,,,,,,,,,,,,,,,,,,,,,,,,,,,,,,,,,,,,,,,,,,,,,,,,,,,,,,,,,,,,,,,,,,,,
地域階層（0:総数　1:区部・市部・町村部　2:郡部・島部　3:大島支庁・三宅支庁・八丈支庁・小笠原支庁　4:区市町村）,,,,,,,,,,,,,,,,,,,,,,,,,,,,,,,,,,,,,,,,,,,,,,,,,,,,,,,,,,,,,,,,,,,,,,,,,,,,,,,,,,,,,,,,,,,,,,,,,,,,,,,,,,,,,,,,,,,,,,,,,,,,,,,,,,,,,,,,,,,,,,,,,,,,,,,,,,,,,,,,,,,,,,,,,,
