地域,地域コード,地域,昭和60／総数(人),昭和60／男(人),昭和60／女(人),昭和61／総数(人),昭和61／男(人),昭和61／女(人),昭和62／総数(人),昭和62／男(人),昭和62／女(人),昭和63／総数(人),昭和63／男(人),昭和63／女(人),昭和64／総数(人),昭和64／男(人),昭和64／女(人),平成2／総数(人),平成2／男(人),平成2／女(人),平成3／総数(人),平成3／男(人),平成3／女(人),平成4／総数(人),平成4／男(人),平成4／女(人),平成5／総数(人),平成5／男(人),平成5／女(人),平成6／総数(人),平成6／男(人),平成6／女(人),平成7／総数(人),平成7／男(人),平成7／女(人),平成8／総数(人),平成8／男(人),平成8／女(人),平成9／総数(人),平成9／男(人),平成9／女(人),平成10／総数(人),平成10／男(人),平成10／女(人),平成11／総数(人),平成11／男(人),平成11／女(人),平成12／総数(人),平成12／男(人),平成12／女(人),平成13／総数(人),平成13／男(人),平成13／女(人),平成14／総数(人),平成14／男(人),平成14／女(人),平成15／総数(人),平成15／男(人),平成15／女(人),平成16／総数(人),平成16／男(人),平成16／女(人),平成17／総数(人),平成17／男(人),平成17／女(人),平成18／総数(人),平成18／男(人),平成18／女(人),平成19／総数(人),平成19／男(人),平成19／女(人),平成20／総数(人),平成20／男(人),平成20／女(人),平成21／総数(人),平成21／男(人),平成21／女(人),平成22／総数(人),平成22／男(人),平成22／女(人),平成23／総数(人),平成23／男(人),平成23／女(人),平成24／総数(人),平成24／男(人),平成24／女(人),平成25／人口総数／総数(人),平成25／人口総数／男(人),平成25／人口総数／女(人),平成25／日本人／総数(人),平成25／日本人／男(人),平成25／日本人／女(人),平成25／外国人／総数(人),平成25／外国人／男(人),平成25／外国人／女(人),平成26／人口総数／総数(人),平成26／人口総数／男(人),平成26／人口総数／女(人),平成26／日本人／総数(人),平成26／日本人／男(人),平成26／日本人／女(人),平成26／外国人／総数(人),平成26／外国人／男(人),平成26／外国人／女(人),平成27／人口総数／総数(人),平成27／人口総数／男(人),平成27／人口総数／女(人),平成27／日本人／総数(人),平成27／日本人／男(人),平成27／日本人／女(人),平成27／外国人／総数(人),平成27／外国人／男(人),平成27／外国人／女(人),平成28／人口総数／総数(人),平成28／人口総数／男(人),平成28／人口総数／女(人),平成28／日本人／総数(人),平成28／日本人／男(人),平成28／日本人／女(人),平成28／外国人／総数(人),平成28／外国人／男(人),平成28／外国人／女(人),平成29／人口総数／総数(人),平成29／人口総数／男(人),平成29／人口総数／女(人),平成29／日本人／総数(人),平成29／日本人／男(人),平成29／日本人／女(人),平成29／外国人／総数(人),平成29／外国人／男(人),平成29／外国人／女(人),平成30／人口総数／総数(人),平成30／人口総数／男(人),平成30／人口総数／女(人),平成30／日本人／総数(人),平成30／日本人／男(人),平成30／日本人／女(人),平成30／外国人／総数(人),平成30／外国人／男(人),平成30／外国人／女(人),平成31／人口総数／総数(人),平成31／人口総数／男(人),平成31／人口総数／女(人),平成31／日本人／総数(人),平成31／日本人／男(人),平成31／日本人／女(人),平成31／外国人／総数(人),平成31／外国人／男(人),平成31／外国人／女(人),令和2／人口総数／総数(人),令和2／人口総数／男(人),令和2／人口総数／女(人),令和2／日本人／総数(人),令和2／日本人／男(人),令和2／日本人／女(人),令和2／外国人／総数(人),令和2／外国人／男(人),令和2／外国人／女(人),令和3／人口総数／総数(人),令和3／人口総数／男(人),令和3／人口総数／女(人),令和3／日本人／総数(人),令和3／日本人／男(人),令和3／日本人／女(人),令和3／外国人／総数(人),令和3／外国人／男(人),令和3／外国人／女(人),令和4／人口総数／総数(人),令和4／人口総数／男(人),令和4／人口総数／女(人),令和4／日本人／総数(人),令和4／日本人／男(人),令和4／日本人／女(人),令和4／外国人／総数(人),令和4／外国人／男(人),令和4／外国人／女(人),令和5／人口総数／総数(人),令和5／人口総数／男(人),令和5／人口総数／女(人),令和5／日本人／総数(人),令和5／日本人／男(人),令和5／日本人／女(人),令和5／外国人／総数(人),令和5／外国人／男(人),令和5／外国人／女(人),令和6／人口総数／総数(人),令和6／人口総数／男(人),令和6／人口総数／女(人),令和6／日本人／総数(人),令和6／日本人／男(人),令和6／日本人／女(人),令和6／外国人／総数(人),令和6／外国人／男(人),令和6／外国人／女(人),令和7／人口総数／総数(人),令和7／人口総数／男(人),令和7／人口総数／女(人),令和7／日本人／総数(人),令和7／日本人／男(人),令和7／日本人／女(人),令和7／外国人／総数(人),令和7／外国人／男(人),令和7／外国人／女(人),令和8／人口総数／総数(人),令和8／人口総数／男(人),令和8／人口総数／女(人),令和8／日本人／総数(人),令和8／日本人／男(人),令和8／日本人／女(人),令和8／外国人／総数(人),令和8／外国人／男(人),令和8／外国人／女(人)
0,13000,総数,11612356,5837114,5775242,11682315,5873396,5808919,11740896,5905397,5835499,11740361,5908098,5832263,11718720,5897900,5820820,11698060,5883398,5814662,11684927,5872424,5812503,11683316,5865617,5817699,11666227,5850386,5815841,11627577,5824125,5803452,11598634,5803315,5795319,11587726,5791829,5795897,11602642,5793911,5808731,11641308,5808485,5832823,11694934,5832504,5862430,11750351,5857130,5893221,11823029,5892229,5930800,11907350,5932231,5975119,11996211,5973910,6022301,12074598,6008358,6066240,12161029,6047173,6113856,12247024,6087228,6159796,12339259,6130991,6208268,12433235,6175811,6257424,12517299,6216067,6301232,12591643,6249973,6341670,12646745,6269830,6376915,12686067,6283796,6402271,13130762,6488590,6642172,12740088,6306859,6433229,390674,181731,208943,13202041,6520891,6681150,12807631,6335735,6471896,394410,185156,209254,13297586,6565648,6731938,12880144,6366590,6513554,417442,199058,218384,13415349,6621602,6793747,12966307,6404647,6561660,449042,216955,232087,13530053,6675004,6855049,13043707,6438100,6605607,486346,236904,249442,13637348,6720970,6916378,13115848,6466115,6649733,521500,254855,266645,13740732,6764646,6976086,13189049,6495215,6693834,551683,269431,282252,13834925,6805301,7029624,13257596,6522813,6734783,577329,282488,294841,13843525,6805319,7038206,13297089,6537442,6759647,546436,267877,278559,13794933,6775557,7019376,13277052,6522919,6754133,517881,252638,265243,13841665,6797186,7044479,13260553,6509894,6750659,581112,287292,293820,13911902,6830918,7080984,13264486,6507674,6756812,647416,323244,324172,14002534,6875972,7126562,13281311,6513029,6768282,721223,362943,358280,14077552,6909535,7168017,13293851,6515334,6778517,783701,394201,389500
1,13100,区部,8223199,4112936,4110263,8243292,4123398,4119894,8251910,4129108,4122802,8205865,4107825,4098040,8150115,4079438,4070677,8091701,4045932,4045769,8045577,4018396,4027181,8012523,3995712,4016811,7969439,3968410,4001029,7913299,3936095,3977204,7871159,3911876,3959283,7846487,3896950,3949537,7846823,3894691,3952132,7863301,3900771,3962530,7892267,3913872,3978395,7921476,3927063,3994413,7967602,3951172,4016430,8023202,3978122,4045080,8081959,4006676,4075283,8129801,4028362,4101439,8183907,4053600,4130307,8247810,4084398,4163412,8318841,4119035,4199806,8387659,4152713,4234946,8451067,4184649,4266418,8502527,4208429,4294098,8541979,4223053,4318926,8575228,4236324,4338904,8951575,4412745,4538830,8624309,4258894,4365415,327266,153851,173415,9016342,4443965,4572377,8685756,4287211,4398545,330586,156754,173832,9102598,4485889,4616709,8751735,4316934,4434801,350863,168955,181908,9205712,4535834,4669878,8827070,4351204,4475866,378642,184630,194012,9302962,4581965,4720997,8892312,4380346,4511966,410650,201619,209031,9396595,4622881,4773714,8956636,4406488,4550148,439959,216393,223566,9486618,4662095,4824523,9021427,4433701,4587726,465191,228394,236797,9570609,4699401,4871208,9084642,4460630,4624012,485967,238771,247196,9572763,4698055,4874708,9115890,4473177,4642713,456873,224878,231995,9522872,4669453,4853419,9092428,4458427,4634001,430444,211026,219418,9569211,4692166,4877045,9083767,4450845,4632922,485444,241321,244123,9643024,4728534,4914490,9100160,4456338,4643822,542864,272196,270668,9730552,4772459,4958093,9125046,4466891,4658155,605506,305568,299938,9796723,4802251,4994472,9140778,4471909,4668869,655945,330342,325603
4,13101,千代田区,57299,28001,29298,55988,27396,28592,54164,26411,27753,51784,25242,26542,49738,24301,25437,48031,23449,24582,46602,22606,23996,44956,21776,23180,43551,20970,22581,41900,20096,21804,41118,19661,21457,40470,19272,21198,40411,19190,21221,39910,18854,21056,39567,18610,20957,39297,18394,20903,39340,18509,20831,39684,18796,20888,39784,18854,20930,41676,19908,21768,42968,20648,22320,43933,21164,22769,44954,21900,23054,45461,22240,23221,46060,22660,23400,47138,23279,23859,47887,23592,24295,48538,23948,24590,52284,26003,26281,49734,24593,25141,2550,1410,1140,54160,26976,27184,51703,25576,26127,2457,1400,1057,56873,28405,28468,54389,27009,27380,2484,1396,1088,58576,29255,29321,56022,27833,28189,2554,1422,1132,59788,29987,29801,57123,28521,28602,2665,1466,1199,61269,30697,30572,58456,29175,29281,2813,1522,1291,63635,31935,31700,60639,30288,30351,2996,1647,1349,65942,33108,32834,62714,31329,31385,3228,1779,1449,67216,33698,33518,64159,32041,32118,3057,1657,1400,67049,33485,33564,64235,32022,32213,2814,1463,1351,67911,34009,33902,64558,32212,32346,3353,1797,1556,68755,34412,34343,64897,32345,32552,3858,2067,1791,68835,34502,34333,64727,32311,32416,4108,2191,1917,69139,34548,34591,64795,32245,32550,4344,2303,2041
4,13102,中央区,88376,43029,45347,87150,42482,44668,85299,41629,43670,82984,40512,42472,80388,39300,41088,78203,38180,40023,75951,36860,39091,75419,36504,38915,74268,35797,38471,73370,35151,38219,72794,34758,38036,72275,34514,37761,72090,34370,37720,72387,34313,38074,73706,34850,38856,76325,36039,40286,79582,37599,41983,83124,39165,43959,86358,40657,45701,89532,42129,47403,93791,44417,49374,99078,47070,52008,102431,48781,53650,105230,50186,55044,110702,52918,57784,113871,54331,59540,116930,55580,61350,120297,57167,63130,128628,61249,67379,123681,58657,65024,4947,2592,2355,132610,63224,69386,127694,60691,67003,4916,2533,2383,138088,65759,72329,132935,63141,69794,5153,2618,2535,142995,68167,74828,137448,65270,72178,5547,2897,2650,149640,71448,78192,143464,68286,75178,6176,3162,3014,156823,74636,82187,149832,71146,78686,6991,3490,3501,162502,77241,85261,154851,73425,81426,7651,3816,3835,168361,80147,88214,159887,75891,83996,8474,4256,4218,170583,81287,89296,162292,77119,85173,8291,4168,4123,171419,81477,89942,163357,77482,85875,8062,3995,4067,174074,82760,91314,164750,78075,86675,9324,4685,4639,176835,84212,92623,166465,79054,87411,10370,5158,5212,187404,89617,97787,174851,83335,91516,12553,6282,6271,191015,91326,99689,177421,84467,92954,13594,6859,6735
4,13103,港区,197165,93900,103265,193536,92185,101351,188683,89945,98738,180858,86282,94576,173161,82515,90646,166846,79307,87539,161082,76439,84643,156522,74090,82432,152784,72065,80719,150791,71070,79721,150341,70887,79454,149716,70498,79218,152320,71459,80861,152630,71499,81131,154370,72154,82216,155394,72575,82819,159246,74261,84985,162691,75891,86800,164171,76550,87621,166954,77673,89281,170971,79610,91361,176781,82312,94469,185610,86615,98995,195066,91234,103832,198859,93056,105803,201543,93979,107564,205599,95828,109771,208397,97371,111026,231538,109445,122093,212685,99457,113228,18853,9988,8865,235337,111138,124199,217233,101568,115665,18104,9570,8534,240585,113643,126942,222165,103853,118312,18420,9790,8630,243977,114992,128985,225491,105157,120334,18486,9835,8651,249242,117353,131889,230250,107365,122885,18992,9988,9004,253639,119273,134366,234117,109060,125057,19522,10213,9309,257426,121326,136100,237369,110800,126569,20057,10526,9531,260379,122925,137454,240065,112247,127818,20314,10678,9636,259036,122111,136925,240318,112362,127956,18718,9749,8969,257183,120947,136236,240254,112215,128039,16929,8732,8197,261615,123068,138547,242276,113177,129099,19339,9891,9448,266306,125353,140953,245028,114470,130558,21278,10883,10395,267780,126062,141718,245166,114494,130672,22614,11568,11046,269877,127056,142821,245976,114829,131147,23901,12227,11674
4,13104,新宿区,325442,161102,164340,323245,160123,163122,319315,158193,161122,311056,154258,156798,304703,151134,153569,295437,146318,149119,287620,142241,145379,280215,138207,142008,274049,134744,139305,269249,132209,137040,266622,130883,135739,264095,129934,134161,262182,129464,132718,262928,129990,132938,263811,130485,133326,263417,130184,133233,264512,131210,133302,265592,131884,133708,268101,133316,134785,270542,134675,135867,273596,136248,137348,275771,137661,138110,277078,138473,138605,278350,139272,139078,281037,140609,140428,282144,141238,140906,283819,141928,141891,284518,142210,142308,321172,160131,161041,287598,143869,143729,33574,16262,17312,324082,161799,162283,289961,144882,145079,34121,16917,17204,327712,164077,163635,291696,145757,145939,36016,18320,17696,334193,167763,166430,295608,147799,147809,38585,19964,18621,338488,170255,168233,297253,148747,148506,41235,21508,19727,342297,171900,170397,299869,149890,149979,42428,22010,20418,346162,173743,172419,303094,151681,151413,43068,22062,21006,348452,174624,173828,305854,152937,152917,42598,21687,20911,345231,173164,172067,307404,153749,153655,37827,19415,18412,341222,170950,170272,307315,153558,153757,33907,17392,16515,346279,173881,172398,306000,152892,153108,40279,20989,19290,349226,175428,173798,305329,152484,152845,43897,22944,20953,352717,177370,175347,304620,152166,152454,48097,25204,22893,355125,178409,176716,303768,151910,151858,51357,26499,24858
4,13105,文京区,192459,93953,98506,191225,93303,97922,189881,92505,97376,186960,90828,96132,183482,89017,94465,179812,87241,92571,176644,85411,91233,174287,84043,90244,172270,82974,89296,170097,81785,88312,168050,80916,87134,166973,80442,86531,166025,79936,86089,165864,79898,85966,166847,80511,86336,168979,81702,87277,170275,82264,88011,172419,83287,89132,174183,84069,90114,175421,84566,90855,177843,85557,92286,180667,86878,93789,183491,88150,95341,185782,89144,96638,187909,90089,97820,189286,90440,98846,191194,91242,99952,192961,91997,100964,201257,95862,105395,194322,92505,101817,6935,3357,3578,204258,97291,106967,197171,93905,103266,7087,3386,3701,207413,98815,108598,199717,95057,104660,7696,3758,3938,210312,100127,110185,201979,96073,105906,8333,4054,4279,213969,101755,112214,204795,97283,107512,9174,4472,4702,217419,103433,113986,207532,98618,108914,9887,4815,5072,221489,105462,116027,210681,100225,110456,10808,5237,5571,226114,107615,118499,214479,102006,112473,11635,5609,6026,226574,107703,118871,216241,102794,113447,10333,4909,5424,226332,107576,118756,216586,102906,113680,9746,4670,5076,229653,109221,120432,217263,103123,114140,12390,6098,6292,232177,110561,121616,218141,103662,114479,14036,6899,7137,235345,112019,123326,219422,104081,115341,15923,7938,7985,236981,112768,124213,219887,104222,115665,17094,8546,8548
4,13106,台東区,178385,88348,90037,176521,87496,89025,174265,86515,87750,171708,85379,86329,168506,83839,84667,166100,82745,83355,164105,81959,82146,162025,81016,81009,160331,80135,80196,158281,79125,79156,156512,78312,78200,154305,77168,77137,153593,76963,76630,152344,76341,76003,151651,76107,75544,151889,76622,75267,152727,77233,75494,153857,78041,75816,155746,78971,76775,156940,79564,77376,158531,80449,78082,160171,81308,78863,161577,81915,79662,162744,82714,80030,165205,84330,80875,166984,85523,81461,168396,86397,81999,169999,87279,82720,185368,94711,90657,172865,88765,84100,12503,5946,6557,187792,96198,91594,174990,89986,85004,12802,6212,6590,189795,97242,92553,176547,90720,85827,13248,6522,6726,191749,98410,93339,177715,91369,86346,14034,7041,6993,193822,99346,94476,179222,92003,87219,14600,7343,7257,196134,100374,95760,181272,92915,88357,14862,7459,7403,199292,101917,97375,183859,94213,89646,15433,7704,7729,202431,103599,98832,186674,95641,91033,15757,7958,7799,203647,104181,99466,188859,96685,92174,14788,7496,7292,203709,103990,99719,189813,96994,92819,13896,6996,6900,207479,105761,101718,191453,97630,93823,16026,8131,7895,212388,108097,104291,193903,98687,95216,18485,9410,9075,216084,109947,106137,195752,99543,96209,20332,10404,9928,217512,110430,107082,196166,99584,96582,21346,10846,10500
4,13107,墨田区,231871,115902,115969,230564,115174,115390,228850,114388,114462,228141,113972,114169,225802,112941,112861,224187,112051,112136,223003,111331,111672,221197,110321,110876,219907,109543,110364,219097,109123,109974,217311,108359,108952,215416,107559,107857,215007,107339,107668,215094,107402,107692,215087,107384,107703,214978,107315,107663,217533,108668,108865,218743,109394,109349,219761,109907,109854,221882,111089,110793,224657,112473,112184,226372,113449,112923,230131,115463,114668,233241,116958,116283,235571,118364,117207,238356,119805,118551,240380,120792,119588,240691,121063,119628,252018,125910,126108,242805,122213,120592,9213,3697,5516,254627,127276,127351,245318,123489,121829,9309,3787,5522,258423,129057,129366,248558,125005,123553,9865,4052,5813,261723,130435,131288,251050,125935,125115,10673,4500,6173,265238,131814,133424,253743,126873,126870,11495,4941,6554,268898,133455,135443,256835,128261,128574,12063,5194,6869,271859,134678,137181,259214,129167,130047,12645,5511,7134,274896,136043,138853,261917,130378,131539,12979,5665,7314,275647,136334,139313,263216,130846,132370,12431,5488,6943,275724,136233,139491,263832,130976,132856,11892,5257,6635,279985,138030,141955,266227,131831,134396,13758,6199,7559,284555,140148,144407,268892,132882,136010,15663,7266,8397,287302,141451,145851,270322,133479,136843,16980,7972,9008,288833,142049,146784,271027,133700,137327,17806,8349,9457
4,13108,江東区,381243,194777,186466,384880,196368,188512,388056,197753,190303,387479,197678,189801,386621,197107,189514,382731,194639,188092,379361,192959,186402,376266,190804,185462,373925,189138,184787,369728,186811,182917,366056,184750,181306,361127,182179,178948,360007,181603,178404,363512,183072,180440,366512,184607,181905,369621,186223,183398,375389,189086,186303,382172,192483,189689,389070,195763,193307,397150,199477,197673,403677,202545,201132,415866,208180,207686,422993,211552,211441,428294,214210,214084,436795,218264,218531,446393,223072,223321,450950,225159,225791,455366,227049,228317,480271,238407,241864,459382,228914,230468,20889,9493,11396,487142,241805,245337,465908,232088,233820,21234,9717,11517,493952,245017,248935,471186,234482,236704,22766,10535,12231,501501,248540,252961,477172,237170,240002,24329,11370,12959,506511,250950,255561,480434,238630,241804,26077,12320,13757,513197,253839,259358,485299,240626,244673,27898,13213,14685,518479,256116,262363,489007,242191,246816,29472,13925,15547,521835,257141,264694,490814,242421,248393,31021,14720,16301,526301,259047,267254,495909,244549,251360,30392,14498,15894,525952,258679,267273,496677,244712,251965,29275,13967,15308,532882,261969,270913,499491,245768,253723,33391,16201,17190,539108,264566,274542,502102,246518,255584,37006,18048,18958,541685,265630,276055,502124,246308,255816,39561,19322,20239,543193,266318,276875,501806,246083,255723,41387,20235,21152
4,13109,品川区,348450,173338,175112,352209,175072,177137,351219,174564,176655,345422,171603,173819,341950,169829,172121,337784,167532,170252,333335,164922,168413,329678,162886,166792,326639,161277,165362,322489,159090,163399,319355,157555,161800,316843,156340,160503,315696,155869,159827,315965,155956,160009,317028,156589,160439,317516,156766,160750,319032,157579,161453,320872,158440,162432,323919,160035,163884,327124,161516,165608,331530,163539,167991,334470,164913,169557,337774,166398,171376,342472,168490,173982,345413,169944,175469,348590,171468,177122,351350,172627,178723,353502,173563,179939,366584,179793,186791,356018,174718,181300,10566,5075,5491,368761,180839,187922,358315,175789,182526,10446,5050,5396,372077,182430,189647,361414,177226,184188,10663,5204,5459,378123,185552,192571,367103,180195,186908,11020,5357,5663,382761,187822,194939,371019,182093,188926,11742,5729,6013,387622,190122,197500,375388,184182,191206,12234,5940,6294,394700,193644,201056,381658,187238,194420,13042,6406,6636,401704,197050,204654,387804,190220,197584,13900,6830,7070,406404,199164,207240,393062,192598,200464,13342,6566,6776,403699,197634,206065,391161,191491,199670,12538,6143,6395,404196,197659,206537,390476,190872,199604,13720,6787,6933,408280,199866,208414,392795,192060,200735,15485,7806,7679,412786,202245,210541,395776,193611,202165,17010,8634,8376,415644,203897,211747,397656,194684,202972,17988,9213,8775
4,13110,目黒区,263213,128672,134541,262955,128679,134276,261257,127694,133563,256141,125100,131041,250855,122363,128492,246723,119866,126857,244136,118154,125982,241505,116208,125297,238581,114291,124290,236393,113002,123391,235668,112541,123127,236198,112304,123894,236991,112604,124387,237559,112587,124972,238124,112683,125441,239637,113397,126240,241564,114170,127394,243721,114958,128763,245753,115722,130031,246253,116071,130182,246645,116102,130543,247989,116673,131316,251358,118399,132959,252073,118479,133594,252845,118656,134189,253022,118590,134432,254185,119252,134933,255038,119684,135354,264811,124863,139948,257862,121182,136680,6949,3681,3268,267379,126048,141331,260397,122359,138038,6982,3689,3293,269689,127275,142414,262303,123354,138949,7386,3921,3465,271469,128182,143287,263694,124060,139634,7775,4122,3653,273708,129444,144264,265614,125151,140463,8094,4293,3801,276784,130927,145857,268263,126408,141855,8521,4519,4002,279342,132206,147136,270240,127370,142870,9102,4836,4266,281474,133145,148329,271801,128003,143798,9673,5142,4531,281317,132949,148368,272122,128040,144082,9195,4909,4286,278276,131291,146985,269482,126627,142855,8794,4664,4130,278635,131372,147263,268917,126200,142717,9718,5172,4546,279520,131816,147704,268972,126265,142707,10548,5551,4997,281400,132760,148640,269921,126654,143267,11479,6106,5373,282607,133398,149209,270347,126915,143432,12260,6483,5777
4,13111,大田区,661084,337320,323764,661544,337659,323885,662072,338026,324046,658006,336307,321699,652826,333250,319576,651095,331805,319290,648125,329922,318203,645406,328212,317194,642839,326498,316341,639128,324059,315069,636374,322319,314055,634834,320869,313965,636268,321174,315094,637077,321506,315571,638938,322119,316819,639372,322075,317297,640583,322704,317879,644251,324635,319616,647316,326067,321249,651081,327885,323196,654934,329780,325154,660161,332243,327918,664660,334538,330122,668423,336559,331864,671891,338222,333669,674527,339558,334969,674920,339239,335681,676359,339892,336467,696734,349039,347695,678534,340674,337860,18200,8365,9835,701416,350868,350548,682871,342266,340605,18545,8602,9943,707455,353709,353746,688102,344687,343415,19353,9022,10331,712057,355676,356381,691853,346171,345682,20204,9505,10699,717295,358052,359243,695696,347768,347928,21599,10284,11315,723341,360500,362841,700481,349625,350856,22860,10875,11985,729534,362653,366881,705335,351202,354133,24199,11451,12748,734493,364571,369922,709206,352522,356684,25287,12049,13238,733672,363630,370042,709550,352190,357360,24122,11440,12682,728703,361634,367069,705601,350661,354940,23102,10973,12129,728425,361782,366643,703391,349762,353629,25034,12020,13014,733634,364637,368997,705237,350715,354522,28397,13922,14475,740519,368378,372141,708478,352452,356026,32041,15926,16115,745048,370248,374800,710532,353077,357455,34516,17171,17345
4,13112,世田谷区,783724,391489,392235,791453,395738,395715,794639,397389,397250,787938,393749,394189,781131,389557,391574,776385,386175,390210,774122,383454,390668,771473,379776,391697,768224,376745,391479,762630,372814,389816,762007,371443,390564,764875,371928,392947,767574,372370,395204,772352,373825,398527,775350,374622,400728,779974,376534,403440,784524,378478,406046,789395,380480,408915,795328,382790,412538,799938,384585,415353,804730,386326,418404,810983,389067,421916,820920,393601,427319,825782,395728,430054,830103,397405,432698,831654,397914,433740,835819,399203,436616,840522,401107,439415,860749,410829,449920,845922,403296,442626,14827,7533,7294,867552,413485,454067,852707,405927,446780,14845,7558,7287,874332,416360,457972,858639,408335,450304,15693,8025,7668,883289,420186,463103,866406,411522,454884,16883,8664,8219,892535,424219,468316,874339,414901,459438,18196,9318,8878,900107,427184,472923,880176,416973,463203,19931,10211,9720,908907,431026,477881,887528,420205,467323,21379,10821,10558,917486,434897,482589,894452,423263,471189,23034,11634,11400,920372,436042,484330,898208,424778,473430,22164,11264,10900,916208,433723,482485,895180,422962,472218,21028,10761,10267,915439,433385,482054,892345,421445,470900,23094,11940,11154,918141,434591,483550,892604,421347,471257,25537,13244,12293,923210,436905,486305,895008,422390,472618,28202,14515,13687,928666,439436,489230,897894,423674,474220,30772,15762,15010
4,13113,渋谷区,232531,111897,120634,234172,112849,121323,230307,111176,119131,223727,107970,115757,215034,103518,111516,207822,99861,107961,200564,96016,104548,194701,92876,101825,189761,90399,99362,186620,88790,97830,184880,87920,96960,183748,87342,96406,182882,86787,96095,184009,87520,96489,185572,88135,97437,187948,89242,98706,190691,90563,100128,192099,91287,100812,193359,91811,101548,194362,92456,101906,194891,92695,102196,196029,93287,102742,197214,93785,103429,196510,93322,103188,195913,93212,102701,195911,92850,103061,196910,93095,103815,199450,94569,104881,212061,101399,110662,202616,96342,106274,9445,5057,4388,214665,103024,111641,205785,98159,107626,8880,4865,4015,217008,104197,112811,207917,99203,108714,9091,4994,4097,219898,105551,114347,210391,100391,110000,9507,5160,4347,222278,106725,115553,212453,101373,111080,9825,5352,4473,224680,107892,116788,214439,102323,112116,10241,5569,4672,226594,108768,117826,215955,102961,112994,10639,5807,4832,229671,110178,119493,218405,104063,114342,11266,6115,5151,230506,110716,119790,219929,104921,115008,10577,5795,4782,229013,110012,119001,219234,104574,114660,9779,5438,4341,229412,109921,119491,218565,103912,114653,10847,6009,4838,230609,110568,120041,218674,104063,114611,11935,6505,5430,231402,111018,120384,218691,104126,114565,12711,6892,5819,230880,110615,120265,217600,103465,114135,13280,7150,6130
4,13114,中野区,326668,162459,164209,324797,161472,163325,324063,161463,162600,319665,159068,160597,314840,156321,158519,310707,153939,156768,307133,152081,155052,304974,150805,154169,303100,149620,153480,299642,147926,151716,296713,146305,150408,294810,145287,149523,294606,145190,149416,294254,145346,148908,294325,145513,148812,294594,146012,148582,294941,146183,148758,296377,147025,149352,297189,147475,149714,297493,147891,149602,298017,148288,149729,297626,148542,149084,298229,148964,149265,299380,149942,149438,300001,150544,149457,299562,150498,149064,298571,149971,148600,298780,150191,148589,311256,156298,154958,300646,151223,149423,10610,5075,5535,313665,157717,155948,302716,152374,150342,10949,5343,5606,316625,159469,157156,304342,153310,151032,12283,6159,6124,321734,162336,159398,307862,155300,152562,13872,7036,6836,325460,164177,161283,309767,156204,153563,15693,7973,7720,328683,165938,162745,310727,156714,154013,17956,9224,8732,331658,167378,164280,312332,157471,154861,19326,9907,9419,335234,169099,166135,315139,158812,156327,20095,10287,9808,334632,168755,165877,316823,159613,157210,17809,9142,8667,332017,167199,164818,316258,159117,157141,15759,8082,7677,333593,168181,165412,315321,158654,156667,18272,9527,8745,337377,170371,167006,316164,159205,156959,21213,11166,10047,341322,172721,168601,316690,159617,157073,24632,13104,11528,343794,174085,169709,316649,159583,157066,27145,14502,12643
4,13115,杉並区,522149,258209,263940,524433,259274,265159,525606,260147,265459,522632,258277,264355,519112,256283,262829,516019,254243,261776,513505,252070,261435,513426,251259,262167,511352,249471,261881,507233,246806,260427,503892,244844,259048,501316,243458,257858,501224,243251,257973,501561,243180,258381,502000,243282,258718,503156,243728,259428,505839,245344,260495,508748,246724,262024,510796,247618,263178,512470,248150,264320,513784,248652,265132,516705,249792,266913,519229,250759,268470,523470,252755,270715,526044,254021,272023,527158,254056,273102,527133,253754,273379,527675,253651,274024,540021,259702,280319,529532,254658,274874,10489,5044,5445,542956,260924,282032,532247,255732,276515,10709,5192,5517,547165,262952,284213,535744,257287,278457,11421,5665,5756,553288,265751,287537,540490,259371,281119,12798,6380,6418,558950,268520,290430,544407,261241,283166,14543,7279,7264,564489,270862,293627,548137,262713,285424,16352,8149,8203,569132,273057,296075,551410,264296,287114,17722,8761,8961,574118,275402,298716,555542,266197,289345,18576,9205,9371,573504,275174,298330,556769,266855,289914,16735,8319,8416,569703,273272,296431,554500,265725,288775,15203,7547,7656,570786,274060,296726,553865,265485,288380,16921,8575,8346,572843,275440,297403,553665,265669,287996,19178,9771,9407,577147,277810,299337,554858,266410,288448,22289,11400,10889,582636,280413,302223,557361,267619,289742,25275,12794,12481
4,13116,豊島区,268042,133139,134903,267354,132663,134691,265177,131854,133323,261778,130376,131402,256311,127553,128758,251969,125238,126731,249430,123962,125468,245923,121987,123936,242953,120628,122325,239178,118795,120383,236009,117244,118765,234465,116639,117826,232763,115909,116854,233865,116701,117164,233887,116940,116947,234638,117294,117344,235962,118406,117556,236357,118665,117692,237097,119080,118017,236041,118682,117359,235357,118187,117170,236657,119027,117630,240275,120849,119426,242557,121959,120598,243462,122699,120763,244637,123456,121181,246029,124171,121858,248299,125122,123177,268959,135133,133826,249894,126113,123781,19065,9020,10045,271643,136544,135099,252110,127168,124942,19533,9376,10157,275507,138907,136600,253891,128114,125777,21616,10793,10823,280639,141768,138871,256099,129162,126937,24540,12606,11934,284307,143392,140915,257247,129454,127793,27060,13938,13122,287111,144713,142398,258101,129756,128345,29010,14957,14053,289508,145334,144174,259285,130092,129193,30223,15242,14981,290246,145519,144727,260574,130612,129962,29672,14907,14765,287300,143937,143363,260842,130672,130170,26458,13265,13193,283342,141957,141385,259142,129697,129445,24200,12260,11940,288704,144719,143985,259771,129842,129929,28933,14877,14056,291650,146383,145267,258918,129425,129493,32732,16958,15774,294644,147717,146927,258284,128923,129361,36360,18794,17566,296129,148214,147915,257545,128542,129003,38584,19672,18912
4,13117,北区,366831,182134,184697,364763,181138,183625,363048,180308,182740,361050,179352,181698,357284,177479,179805,352415,174718,177697,348576,172869,175707,344014,170235,173779,340512,168482,172030,336199,166267,169932,331613,163970,167643,327963,162115,165848,325200,160568,164632,322150,159007,163143,320893,158624,162269,319484,157679,161805,317127,156625,160502,316522,156456,160066,315964,156352,159612,315594,156243,159351,316211,156511,159700,316693,156916,159777,315404,156357,159047,317289,157366,159923,319186,158655,160531,318711,158485,160226,317929,158020,159909,317227,157676,159551,333132,165115,168017,318884,158539,160345,14248,6576,7672,334723,166011,168712,320165,159254,160911,14558,6757,7801,338084,167889,170195,322079,160228,161851,16005,7661,8344,341252,169613,171639,323643,160967,162676,17609,8646,8963,345149,171577,173572,325597,161778,163819,19552,9799,9753,348030,173117,174913,327076,162435,164641,20954,10682,10272,351976,174910,177066,329355,163402,165953,22621,11508,11113,353908,175771,178137,330358,163850,166508,23550,11921,11629,353158,175250,177908,330887,164071,166816,22271,11179,11092,351278,174369,176909,329808,163673,166135,21470,10696,10774,353732,175784,177948,329425,163562,165863,24307,12222,12085,357701,177688,180013,330339,163827,166512,27362,13861,13501,362089,179986,182103,330618,163971,166647,31471,16015,15456,367432,182604,184828,332136,164739,167397,35296,17865,17431
4,13118,荒川区,184949,92992,91957,183222,92066,91156,182175,91616,90559,180909,91044,89865,179514,90294,89220,177895,89375,88520,177601,89429,88172,176484,88810,87674,175295,88142,87153,174116,87487,86629,172923,86832,86091,171469,86049,85420,170587,85597,84990,169394,84838,84556,169808,84993,84815,170108,85171,84937,172265,86217,86048,173246,86716,86530,175189,87717,87472,175647,87978,87669,175726,88119,87607,177547,88964,88583,178399,89447,88952,181205,90815,90390,184207,92234,91973,186906,93626,93280,188968,94623,94345,190164,95113,95051,206457,102815,103642,191144,95699,95445,15313,7116,8197,207635,103538,104097,192076,96115,95961,15559,7423,8136,209087,104226,104861,192899,96471,96428,16188,7755,8433,211271,105415,105856,194386,97184,97202,16885,8231,8654,213113,106324,106789,195282,97608,97674,17831,8716,9115,214644,106884,107760,196080,97839,98241,18564,9045,9519,215966,107283,108683,196835,97992,98843,19131,9291,9840,217146,107710,109436,197848,98435,99413,19298,9275,10023,216535,107487,109048,198271,98686,99585,18264,8801,9463,215543,106982,108561,197973,98558,99415,17570,8424,9146,216814,107662,109152,197680,98367,99313,19134,9295,9839,219268,108991,110277,198017,98488,99529,21251,10503,10748,222278,110539,111739,198739,98921,99818,23539,11618,11921,224784,111626,113158,199208,99036,100172,25576,12590,12986
4,13119,板橋区,492782,248054,244728,496159,249609,246550,500640,252278,248362,504160,254027,250133,504756,254393,250363,503623,253616,250007,504694,254147,250547,507204,255349,251855,505115,253648,251467,502399,252035,250364,497671,249419,248252,496596,248881,247715,496257,248363,247894,496348,248217,248131,497316,248629,248687,497336,248424,248912,499422,249734,249688,502739,251200,251539,506364,253376,252988,507845,253558,254287,506993,253175,253818,508240,253749,254491,511160,255164,255996,512873,256081,256792,515791,257776,258015,518116,258894,259222,517404,258074,259330,518350,258322,260028,537375,266465,270910,521141,259388,261753,16234,7077,9157,540040,267624,272416,523326,260279,263047,16714,7345,9369,544172,269267,274905,526150,261226,264924,18022,8041,9981,550758,272267,278491,530611,263120,267491,20147,9147,11000,557309,275327,281982,534642,264801,269841,22667,10526,12141,561713,276872,284841,536994,265349,271645,24719,11523,13196,566890,278662,288228,540131,266228,273903,26759,12434,14325,571357,280363,290994,542575,266931,275644,28782,13432,15350,570213,279679,290534,542959,266816,276143,27254,12863,14391,567214,277674,289540,541551,265632,275919,25663,12042,13621,568241,278023,290218,539869,264419,275450,28372,13604,14768,572927,280059,292868,540576,264374,276202,32351,15685,16666,578914,283229,295685,541433,264790,276643,37481,18439,19042,583528,285119,298409,542368,264933,277435,41160,20186,20974
4,13120,練馬区,574885,291388,283497,583031,294614,288417,594325,300039,294286,600655,303546,297109,606501,306491,300010,609645,307637,302008,612975,309084,303891,618402,311631,306771,621140,312543,308597,622415,312575,309840,624754,313408,311346,627662,314412,313250,631140,315654,315486,635827,317822,318005,641821,320505,321316,646729,322436,324293,651618,324905,326713,657377,327636,329741,662885,330328,332557,667512,332385,335127,672251,334398,337853,674123,334898,339225,678869,337029,341840,684107,339385,344722,689187,341481,347706,692450,342512,349938,693368,342158,351210,694886,342261,352625,709262,348260,361002,696522,342647,353875,12740,5613,7127,711212,349094,362118,698354,343353,355001,12858,5741,7117,714656,350294,364362,701104,344156,356948,13552,6138,7414,719109,352000,367109,704447,345341,359106,14662,6659,8003,723711,353685,370026,707289,346119,361170,16422,7566,8856,728479,355157,373322,710239,346719,363520,18240,8438,9802,732433,356279,376154,712780,347090,365690,19653,9189,10464,739435,358946,380489,717945,349021,368924,21490,9925,11565,740099,359039,381060,719971,349575,370396,20128,9464,10664,738358,357736,380622,719529,348931,370598,18829,8805,10024,738914,357649,381265,718101,347906,370195,20813,9743,11070,741540,358739,382801,718345,347707,370638,23195,11032,12163,745927,360504,385423,719396,347772,371624,26531,12732,13799,750559,362652,387907,720897,348372,372525,29662,14280,15382
4,13121,足立区,620003,313807,306196,621025,314515,306510,622909,315615,307294,625778,317237,308541,629178,319510,309668,629991,320323,309668,629313,319918,309395,630603,320568,310035,631059,321039,310020,627888,319484,308404,624178,317274,306904,622574,316201,306373,620557,315056,305501,619732,314548,305184,619002,314112,304890,618644,313734,304910,619364,314025,305339,620015,314128,305887,621585,314956,306629,622478,315306,307172,624429,316212,308217,624365,316069,308296,624914,316217,308697,630897,319184,311713,635080,321354,313726,641888,324941,316947,644448,325954,318494,645671,326090,319581,669143,335726,333417,646861,326185,320676,22282,9541,12741,670385,336147,334238,647869,326549,321320,22516,9598,12918,674111,338193,335918,650432,327920,322512,23679,10273,13406,678623,340322,338301,653082,329042,324040,25541,11280,14261,681281,341793,339488,653864,329467,324397,27417,12326,15091,685447,343808,341639,655721,330312,325409,29726,13496,16230,688512,345291,343221,656806,330683,326123,31706,14608,17098,691298,346517,344781,657258,330699,326559,34040,15818,18222,691002,346130,344872,657396,330529,326867,33606,15601,18005,689106,344922,344184,655968,329721,326247,33138,15201,17937,690114,345515,344599,654066,328476,325590,36048,17039,19009,693223,346947,346276,653892,328006,325886,39331,18941,20390,698276,349165,349111,654280,327667,326613,43996,21498,22498,703369,351463,351906,655079,327783,327296,48290,23680,24610
4,13122,葛飾区,414959,208827,206132,414891,209153,205738,416162,209408,206754,418193,210894,207299,421052,212369,208683,422475,213252,209223,423552,213968,209584,424893,214645,210248,424466,214234,210232,423827,213789,210038,422571,212884,209687,421907,212509,209398,420902,212090,208812,420271,211741,208530,421164,212203,208961,420334,211825,208509,419616,211529,208087,421118,212120,208998,422989,213069,209920,423340,213160,210180,424640,213713,210927,426897,214729,212168,428131,215436,212695,429267,215958,213309,430173,216359,213814,431796,217348,214448,435253,218958,216295,434508,218473,216035,447170,223939,223231,433451,217861,215590,13719,6078,7641,448186,224429,223757,434220,218142,216078,13966,6287,7679,449527,224918,224609,434558,218062,216496,14969,6856,8113,452789,226721,226068,436244,218971,217273,16545,7750,8795,456893,228658,228235,438125,219728,218397,18768,8930,9838,460423,230393,230030,439693,220353,219340,20730,10040,10690,462591,231272,231319,440742,220737,220005,21849,10535,11314,464550,232087,232463,441424,220890,220534,23126,11197,11929,463691,231646,232045,441328,220751,220577,22363,10895,11468,462083,230439,231644,440453,220026,220427,21630,10413,11217,464175,231362,232813,440250,219688,220562,23925,11674,12251,467000,232534,234466,440162,219365,220797,26838,13169,13669,469916,233991,235925,440252,219110,221142,29664,14881,14783,472558,235322,237236,440017,218883,221134,32541,16439,16102
4,13123,江戸川区,510689,260199,250490,518175,264370,253805,529798,270192,259606,538841,275124,263717,547370,280074,267296,555806,284422,271384,564148,288594,275554,572950,293704,279246,577318,296027,281291,580629,297806,282823,583747,299392,284355,586850,301050,285800,592541,303885,288656,598268,306608,291660,605488,310215,295273,612106,313692,298414,616450,315880,300570,622083,318711,303372,629052,322193,306859,632526,323415,309111,637735,325956,311779,640686,327507,313179,644040,329243,314797,647186,330732,316454,649633,331797,317836,651884,332566,319318,654537,333436,321101,654030,332526,321504,675325,341651,333674,652210,331396,320814,23115,10255,12860,676116,341966,334150,652620,331560,321060,23496,10406,13090,680262,343788,336474,654968,332331,322637,25294,11457,13837,686387,346805,339582,658274,333801,324473,28113,13004,15109,691514,349342,342172,660687,334952,325735,30827,14390,16437,695366,350905,344461,661909,335096,326813,33457,15809,17648,698031,351914,346117,662321,334744,327577,35710,17170,18540,700079,352944,347135,661907,334262,327645,38172,18682,19490,696123,350932,345191,659375,332937,326438,36748,17995,18753,689739,347272,342467,654519,330167,324352,35220,17105,18115,688153,346393,341760,649707,327547,322160,38446,18846,19600,689961,347127,342834,647043,325720,321323,42918,21407,21511,693570,348893,344677,645638,324760,320878,47932,24133,23799,697414,350255,347159,644643,323564,321079,52771,26691,26080
1,13200,市部,3299545,1678779,1620766,3348841,1704326,1644515,3398317,1730331,1667986,3443016,1753816,1689200,3476579,1771764,1704815,3513779,1790386,1723393,3546414,1806760,1739654,3577677,1822556,1755121,3603748,1834672,1769076,3620949,1840604,1780345,3634040,1844021,1790019,3647690,1847442,1800248,3662487,1851947,1810540,3685048,1860690,1824358,3709849,1871672,1838177,3736208,1883205,1853003,3762984,1894333,1868651,3792262,1907701,1884561,3822699,1921081,1901618,3854036,1934255,1919781,3887161,1948239,1938922,3910232,1957837,1952395,3931755,1967128,1964627,3957693,1978675,1979018,3978689,1987178,1991511,4001781,1997396,2004385,4017752,2002743,2015009,4024146,2003672,2020474,4092197,2032029,2060168,4029607,2004436,2025171,62590,27593,34997,4099405,2033400,2066005,4036448,2005330,2031118,62957,28070,34887,4109189,2036494,2072695,4043532,2006765,2036767,65657,29729,35928,4124234,2042658,2081576,4054848,2010793,2044055,69386,31865,37521,4142500,2050226,2092274,4067867,2015433,2052434,74633,34793,39840,4156737,2055543,2101194,4076373,2017618,2058755,80364,37925,42439,4171067,2060472,2110595,4085767,2020013,2065754,85300,40459,44841,4182282,2064285,2117997,4092190,2021197,2070993,90092,43088,47004,4189577,2066099,2123478,4101271,2023742,2077529,88306,42357,45949,4191666,2065343,2126323,4105528,2024364,2081164,86138,40979,45159,4192930,2064780,2128150,4098680,2019516,2079164,94250,45264,48986,4190134,2062443,2127691,4087157,2012212,2074945,102977,50231,52746,4194221,2064005,2130216,4080259,2007566,2072693,113962,56439,57523,4204167,2068341,2135826,4078339,2005522,2072817,125828,62819,63009
4,13201,八王子市,411642,210234,201408,419514,214008,205506,425714,217193,208521,433843,221739,212104,440031,224886,215145,448700,229669,219031,456600,234090,222510,464459,238500,225959,470847,241680,229167,476986,244653,232333,484070,247893,236177,489818,250261,239557,494040,251811,242229,500650,254579,246071,507984,258127,249857,514741,261360,253381,519965,263995,255970,523404,265435,257969,526068,266452,259616,529823,268159,261664,534978,270694,264284,537561,271803,265758,540671,273207,267464,543996,274692,269304,547811,276433,271378,551901,278177,273724,554413,279335,275078,555630,279760,275870,564500,283297,281203,555517,279376,276141,8983,3921,5062,563482,282578,280904,554462,278559,275903,9020,4019,5001,562572,281988,280584,553097,277690,275407,9475,4298,5177,562795,281998,280797,552735,277399,275336,10060,4599,5461,563228,282222,281006,552115,277014,275101,11113,5208,5905,563178,282095,281083,550959,276212,274747,12219,5883,6336,562460,281506,280954,549524,275237,274287,12936,6269,6667,562480,281111,281369,549270,274730,274540,13210,6381,6829,561828,280893,280935,548691,274517,274174,13137,6376,6761,561758,280789,280969,548937,274620,274317,12821,6169,6652,562145,280886,281259,547949,273990,273959,14196,6896,7300,560692,280146,280546,545227,272505,272722,15465,7641,7824,559083,279079,280004,542333,270702,271631,16750,8377,8373,558755,278890,279865,540043,269446,270597,18712,9444,9268
4,13202,立川市,145941,72981,72960,147772,74000,73772,150019,75179,74840,151179,75811,75368,152098,76353,75745,153041,76844,76197,153273,77000,76273,154168,77530,76638,154884,77854,77030,154922,77701,77221,155832,78068,77764,157228,78642,78586,157903,78963,78940,158858,79433,79425,160181,80243,79938,162549,81449,81100,163421,81788,81633,164639,82558,82081,165410,83017,82393,166829,83600,83229,168828,84438,84390,169768,84887,84881,171325,85685,85640,172547,86300,86247,173692,86925,86767,174458,87414,87044,174920,87475,87445,175188,87596,87592,178407,88931,89476,175113,87527,87586,3294,1404,1890,178194,88810,89384,174997,87456,87541,3197,1354,1843,179090,89119,89971,175792,87699,88093,3298,1420,1878,179796,89629,90167,176233,88040,88193,3563,1589,1974,181554,90484,91070,177695,88710,88985,3859,1774,2085,182658,90946,91712,178544,89058,89486,4114,1888,2226,183822,91460,92362,179448,89448,90000,4374,2012,2362,184090,91632,92458,179492,89479,90013,4598,2153,2445,184577,91794,92783,179927,89591,90336,4650,2203,2447,185124,91887,93237,180401,89696,90705,4723,2191,2532,185483,91867,93616,180359,89488,90871,5124,2379,2745,185825,91979,93846,180361,89426,90935,5464,2553,2911,186257,92181,94076,180179,89280,90899,6078,2901,3177,187440,92741,94699,180849,89503,91346,6591,3238,3353
4,13203,武蔵野市,135223,67715,67508,136344,68319,68025,136637,68332,68305,136291,68084,68207,135758,67725,68033,135923,67475,68448,135594,67206,68388,135519,67105,68414,133916,66226,67690,133008,65564,67444,131310,64522,66788,131021,64212,66809,130308,63850,66458,130720,63969,66751,131111,64078,67033,130747,63727,67020,131345,63907,67438,131466,63882,67584,131675,63965,67710,131287,63581,67706,132179,63982,68197,133722,64797,68925,134074,64853,69221,134253,64887,69366,134422,64960,69462,134862,65093,69769,135596,65215,70381,135809,65217,70592,138868,66667,72201,136688,65596,71092,2180,1071,1109,140527,67532,72995,138250,66368,71882,2277,1164,1113,142138,68282,73856,139658,66996,72662,2480,1286,1194,143262,68760,74502,140679,67463,73216,2583,1297,1286,143964,69047,74917,141147,67643,73504,2817,1404,1413,144902,69494,75408,141864,67957,73907,3038,1537,1501,146399,70120,76279,143159,68516,74643,3240,1604,1636,146871,70341,76530,143507,68670,74837,3364,1671,1693,147643,70626,77017,144420,69042,75378,3223,1584,1639,148025,70796,77229,144942,69253,75689,3083,1543,1540,147964,70860,77104,144660,69175,75485,3304,1685,1619,147809,70765,77044,144090,68868,75222,3719,1897,1822,148034,70910,77124,143838,68767,75071,4196,2143,2053,147958,70812,77146,143631,68626,75005,4327,2186,2141
4,13204,三鷹市,161409,83342,78067,161988,83610,78378,162562,83684,78878,162646,83679,78967,162377,83492,78885,161814,82956,78858,161370,82535,78835,162179,82712,79467,162040,82381,79659,161262,81586,79676,160535,81117,79418,160100,80733,79367,160661,80800,79861,161644,81145,80499,162144,81350,80794,163809,82063,81746,164761,82343,82418,166098,82869,83229,167874,83670,84204,169187,84220,84967,170327,84640,85687,171302,85021,86281,172030,85135,86895,174785,86440,88345,175716,86819,88897,176986,87462,89524,176471,87034,89437,176785,86999,89786,180144,88547,91597,177300,87219,90081,2844,1328,1516,180194,88473,91721,177400,87150,90250,2794,1323,1471,182092,89401,92691,179134,87988,91146,2958,1413,1545,182897,89608,93289,179884,88163,91721,3013,1445,1568,185101,90703,94398,181725,89089,92636,3376,1614,1762,186375,91357,95018,182740,89583,93157,3635,1774,1861,187199,91624,95575,183386,89746,93640,3813,1878,1935,188461,92234,96227,184518,90309,94209,3943,1925,2018,190126,92946,97180,186453,91123,95330,3673,1823,1850,190590,93133,97457,187074,91368,95706,3516,1765,1751,189916,92633,97283,185939,90659,95280,3977,1974,2003,189959,92506,97453,185627,90361,95266,4332,2145,2187,190497,92634,97863,185686,90272,95414,4811,2362,2449,191083,92873,98210,185864,90275,95589,5219,2598,2621
4,13205,青梅市,107081,53811,53270,109087,54981,54106,111350,56242,55108,114825,58096,56729,117745,59653,58092,120856,61386,59470,124191,63197,60994,126261,64321,61940,129447,66022,63425,131479,66993,64486,133854,68237,65617,135138,68902,66236,136409,69441,66968,137099,69694,67405,138036,70059,67977,138839,70423,68416,138698,70303,68395,139139,70476,68663,139201,70527,68674,139104,70417,68687,139521,70616,68905,139368,70413,68955,138894,70181,68713,138650,70075,68575,138265,69775,68490,138162,69748,68414,138412,69759,68653,138154,69569,68585,138739,69589,69150,137294,69076,68218,1445,513,932,137833,69049,68784,136412,68539,67873,1421,510,911,137052,68617,68435,135598,68079,67519,1454,538,916,136750,68617,68133,135184,67981,67203,1566,636,930,135986,68258,67728,134340,67593,66747,1646,665,981,135248,67954,67294,133473,67203,66270,1775,751,1024,134086,67393,66693,132209,66567,65642,1877,826,1051,133032,66794,66238,131077,65916,65161,1955,878,1077,132145,66357,65788,130159,65484,64675,1986,873,1113,131124,65846,65278,129087,64958,64129,2037,888,1149,130274,65420,64854,128071,64442,63629,2203,978,1225,129468,65036,64432,126916,63834,63082,2552,1202,1350,129105,65013,64092,126073,63533,62540,3032,1480,1552,128569,64688,63881,125109,62983,62126,3460,1705,1755
4,13206,府中市,195412,101648,93764,197777,103136,94641,200820,105000,95820,202236,105978,96258,203050,106547,96503,204323,107157,97166,205306,107697,97609,206625,108253,98372,208857,109277,99580,209846,109799,100047,210791,109982,100809,211650,110162,101488,213552,110816,102736,215389,111504,103885,217523,112480,105043,219073,113070,106003,220699,113589,107110,224866,115777,109089,227095,116838,110257,229793,118194,111599,233178,119511,113667,237030,121239,115791,238385,121823,116562,239928,122399,117529,241930,123141,118789,244834,124892,119942,246667,125754,120913,247454,125819,121635,251858,127358,124500,247752,125659,122093,4106,1699,2407,253288,128018,125270,249178,126305,122873,4110,1713,2397,254551,128467,126084,250274,126701,123573,4277,1766,2511,256748,129681,127067,252280,127792,124488,4468,1889,2579,258000,130160,127840,253324,128173,125151,4676,1987,2689,258654,130203,128451,253714,128072,125642,4940,2131,2809,260011,130582,129429,254709,128276,126433,5302,2306,2996,260232,130731,129501,254628,128260,126368,5604,2471,3133,260255,130653,129602,254943,128217,126726,5312,2436,2876,260253,130324,129929,255147,128018,127129,5106,2306,2800,259924,130035,129889,254259,127491,126768,5665,2544,3121,260078,130030,130048,254091,127295,126796,5987,2735,3252,260998,130361,130637,254421,127256,127165,6577,3105,3472,262162,130950,131212,255240,127699,127541,6922,3251,3671
4,13207,昭島市,96160,48660,47500,96672,48943,47729,97554,49514,48040,100824,51315,49509,102719,52323,50396,103592,52803,50789,104455,53285,51170,105010,53472,51538,105617,53913,51704,106265,54197,52068,106792,54391,52401,106911,54436,52475,106537,54173,52364,106216,53931,52285,106383,53946,52437,105539,53447,52092,105856,53551,52305,106037,53695,52342,108029,54702,53327,108702,54928,53774,108746,54906,53840,109840,55380,54460,110368,55648,54720,110743,55865,54878,110574,55774,54800,111025,56013,55012,111459,56154,55305,111549,56058,55491,113166,56664,56502,111156,55777,55379,2010,887,1123,112905,56429,56476,110857,55527,55330,2048,902,1146,112727,56329,56398,110535,55343,55192,2192,986,1206,112897,56363,56534,110570,55303,55267,2327,1060,1267,112789,56222,56567,110322,55086,55236,2467,1136,1331,113244,56424,56820,110638,55222,55416,2606,1202,1404,113215,56384,56831,110527,55161,55366,2688,1223,1465,113397,56435,56962,110613,55134,55479,2784,1301,1483,113552,56417,57135,110797,55164,55633,2755,1253,1502,113829,56574,57255,111093,55341,55752,2736,1233,1503,114259,56769,57490,111346,55427,55919,2913,1342,1571,114516,56910,57606,111302,55395,55907,3214,1515,1699,115632,57486,58146,112077,55778,56299,3555,1708,1847,116049,57705,58344,112115,55794,56321,3934,1911,2023
4,13208,調布市,184253,94914,89339,187244,96645,90599,189747,97977,91770,191410,98757,92653,191811,98830,92981,191709,98678,93031,192018,98584,93434,193038,98960,94078,193647,99115,94532,192868,98370,94498,191900,97697,94203,191980,97396,94584,193153,97732,95421,194825,98522,96303,195325,98689,96636,195968,98863,97105,198623,100122,98501,199984,100802,99182,202312,101920,100392,204497,102805,101692,208170,104351,103819,209344,104633,104711,210095,104796,105299,211904,105482,106422,214865,106730,108135,216739,107565,109174,217383,107641,109742,218279,107920,110359,223163,110046,113117,219613,108386,111227,3550,1660,1890,223691,109991,113700,220157,108342,111815,3534,1649,1885,224191,110158,114033,220558,108459,112099,3633,1699,1934,226413,111062,115351,222614,109284,113330,3799,1778,2021,229886,112761,117125,225849,110835,115014,4037,1926,2111,232473,113800,118673,228125,111682,116443,4348,2118,2230,235169,114909,120260,230540,112575,117965,4629,2334,2295,237054,115566,121488,232230,113140,119090,4824,2426,2398,237815,115800,122015,233265,113525,119740,4550,2275,2275,237939,115778,122161,233554,113617,119937,4385,2161,2224,238505,116003,122502,233672,113565,120107,4833,2438,2395,238774,116031,122743,233665,113453,120212,5109,2578,2531,239348,116306,123042,233814,113491,120323,5534,2815,2719,241074,117083,123991,234857,113913,120944,6217,3170,3047
4,13209,町田市,313698,157719,155979,321056,161452,159604,328371,165590,162781,335549,168901,166648,339648,171028,168620,343787,172992,170795,347434,174785,172649,350670,176365,174305,353745,177798,175947,356829,179122,177707,357303,179114,178189,357871,179000,178871,359096,179355,179741,361682,180482,181200,364365,181694,182671,369587,184307,185280,375905,187280,188625,382206,190110,192096,389921,193787,196134,397620,197328,200292,402075,199195,202880,404541,200312,204229,408238,202224,206014,411721,203735,207986,414406,204994,209412,417358,206328,211030,419525,207106,212419,420304,207290,213014,425762,209693,216069,421015,207567,213448,4747,2126,2621,426222,209757,216465,421442,207582,213860,4780,2175,2605,426648,209832,216816,421746,207578,214168,4902,2254,2648,426937,209797,217140,421793,207415,214378,5144,2382,2762,428572,210409,218163,423067,207807,215260,5505,2602,2903,428742,210268,218474,422890,207539,215351,5852,2729,3123,428685,209971,218714,422457,207071,215386,6228,2900,3328,428821,209938,218883,421959,206682,215277,6862,3256,3606,429152,209979,219173,422062,206529,215533,7090,3450,3640,430385,210497,219888,423126,207001,216125,7259,3496,3763,430831,210535,220296,422759,206586,216173,8072,3949,4123,430380,210105,220275,421481,205752,215729,8899,4353,4546,430170,209990,220180,420255,205093,215162,9915,4897,5018,430428,210063,220365,419482,204622,214860,10946,5441,5505
4,13210,小金井市,101193,52256,48937,101731,52549,49182,102432,52964,49468,101953,52847,49106,101886,52666,49220,102464,53057,49407,102778,52906,49872,104286,53464,50822,103983,53099,50884,104085,52885,51200,104870,53044,51826,105905,53493,52412,106640,53710,52930,106910,53790,53120,106749,53721,53028,107113,53818,53295,107818,54140,53678,107728,54125,53603,108440,54359,54081,108949,54420,54529,109480,54623,54857,109452,54609,54843,109713,54747,54966,110459,55094,55365,110851,55260,55591,111465,55481,55984,113209,56443,56766,113899,56843,57056,116050,57744,58306,113954,56746,57208,2096,998,1098,117001,58040,58961,115002,57119,57883,1999,921,1078,117427,58231,59196,115389,57245,58144,2038,986,1052,117978,58439,59539,115835,57377,58458,2143,1062,1081,119359,59073,60286,116980,57894,59086,2379,1179,1200,120268,59420,60848,117751,58177,59574,2517,1243,1274,121443,59955,61488,118651,58569,60082,2792,1386,1406,122306,60338,61968,119321,58845,60476,2985,1493,1492,123828,60957,62871,121013,59561,61452,2815,1396,1419,124617,61271,63346,121930,59953,61977,2687,1318,1369,124756,61376,63380,121782,59901,61881,2974,1475,1499,124614,61291,63323,121402,59678,61724,3212,1613,1599,125174,61595,63579,121535,59773,61762,3639,1822,1817,125970,62002,63968,121835,59925,61910,4135,2077,2058
4,13211,小平市,153118,78193,74925,154347,78788,75559,155320,79247,76073,154959,79023,75936,155973,79717,76256,157446,80485,76961,159182,81186,77996,161463,82301,79162,163603,83268,80335,164264,83382,80882,165177,83684,81493,167045,84418,82627,168408,85015,83393,168714,84821,83893,171021,85769,85252,171914,86063,85851,172782,86521,86261,174333,87157,87176,175599,87803,87796,175879,87984,87895,176486,88181,88305,176773,88236,88537,177532,88574,88958,178654,89109,89545,179269,89390,89879,179717,89353,90364,179728,89289,90439,180314,89449,90865,185677,91970,93707,181771,90136,91635,3906,1834,2072,186339,92041,94298,182378,90168,92210,3961,1873,2088,186958,92231,94727,182835,90265,92570,4123,1966,2157,188609,93107,95502,184313,91007,93306,4296,2100,2196,189885,93657,96228,185324,91473,93851,4561,2184,2377,191308,94397,96911,186310,91992,94318,4998,2405,2593,193596,95312,98284,188392,92861,95531,5204,2451,2753,194869,95860,99009,189418,93259,96159,5451,2601,2850,195543,96036,99507,190452,93596,96856,5091,2440,2651,195361,95754,99607,190523,93463,97060,4838,2291,2547,196924,96432,100492,191466,93864,97602,5458,2568,2890,196913,96365,100548,191141,93601,97540,5772,2764,3008,196799,96317,100482,190474,93269,97205,6325,3048,3277,197404,96539,100865,190527,93255,97272,6877,3284,3593
4,13212,日野市,152068,78533,73535,154447,79719,74728,157067,81204,75863,158392,82073,76319,159265,82597,76668,161320,83903,77417,162020,84243,77777,162965,84794,78171,163150,84842,78308,162966,84714,78252,163061,84457,78604,162720,84279,78441,163152,84482,78670,162713,84140,78573,163227,84415,78812,163518,84567,78951,163422,84244,79178,164414,84544,79870,165707,84960,80747,168150,86079,82071,169178,86316,82862,170516,86855,83661,171695,87350,84345,172657,87846,84811,173442,88070,85372,174169,88291,85878,175253,88696,86557,175904,88953,86951,178731,90089,88642,176324,89033,87291,2407,1056,1351,179571,90474,89097,177122,89348,87774,2449,1126,1323,180975,91094,89881,178414,89888,88526,2561,1206,1355,182765,91988,90777,180046,90679,89367,2719,1309,1410,183589,92273,91316,180784,90927,89857,2805,1346,1459,184667,92763,91904,181666,91298,90368,3001,1465,1536,185393,92983,92410,182254,91455,90799,3139,1528,1611,186346,93399,92947,183003,91759,91244,3343,1640,1703,187027,93655,93372,183660,91990,91670,3367,1665,1702,187304,93665,93639,184069,92057,92012,3235,1608,1627,187254,93632,93622,183744,91884,91860,3510,1748,1762,187494,93731,93763,183715,91821,91894,3779,1910,1869,188477,94173,94304,184302,92011,92291,4175,2162,2013,189194,94526,94668,184677,92194,92483,4517,2332,2185
4,13213,東村山市,121188,60859,60329,123601,62097,61504,127127,63653,63474,127989,64195,63794,130227,65381,64846,131660,65914,65746,133104,66630,66474,134040,67105,66935,134655,67562,67093,135148,67868,67280,134992,67752,67240,134595,67459,67136,134761,67467,67294,136865,68372,68493,138641,69298,69343,140184,69988,70196,141435,70552,70883,141645,70592,71053,142106,70682,71424,143512,71262,72250,144381,71632,72749,145049,71987,73062,145645,72223,73422,146459,72652,73807,148084,73400,74684,150026,74321,75705,150801,74624,76177,150988,74614,76374,152863,75250,77613,150770,74360,76410,2093,890,1203,152088,74736,77352,150000,73826,76174,2088,910,1178,151412,74325,77087,149157,73308,75849,2255,1017,1238,150858,73955,76903,148467,72870,75597,2391,1085,1306,150739,73814,76925,148215,72645,75570,2524,1169,1355,151018,73823,77195,148254,72498,75756,2764,1325,1439,150789,73621,77168,147963,72266,75697,2826,1355,1471,151255,73751,77504,148247,72335,75912,3008,1416,1592,151575,73841,77734,148576,72390,76186,2999,1451,1548,151695,73803,77892,148687,72391,76296,3008,1412,1596,151814,73931,77883,148522,72346,76176,3292,1585,1707,151751,73834,77917,148041,72051,75990,3710,1783,1927,151795,73872,77923,147593,71828,75765,4202,2044,2158,152136,73987,78149,147473,71689,75784,4663,2298,2365
4,13214,国分寺市,93168,48006,45162,94424,48630,45794,96292,49581,46711,97341,50147,47194,97956,50546,47410,98654,50867,47787,99246,51188,48058,100122,51680,48442,101102,52161,48941,102010,52449,49561,102758,52752,50006,103267,52830,50437,103736,53006,50730,104256,53272,50984,104426,53165,51261,105381,53555,51826,108124,54681,53443,109874,55330,54544,111121,55813,55308,111408,55806,55602,112321,56309,56012,113894,57054,56840,114270,57146,57124,114936,57431,57505,115895,57872,58023,116317,58057,58260,115704,57544,58160,115354,57294,58060,118035,58532,59503,116400,57779,58621,1635,753,882,118697,58819,59878,117022,58053,58969,1675,766,909,119379,59160,60219,117648,58359,59289,1731,801,930,119940,59333,60607,118102,58451,59651,1838,882,956,120656,59640,61016,118746,58694,60052,1910,946,964,121673,60003,61670,119585,58961,60624,2088,1042,1046,123689,60901,62788,121324,59755,61569,2365,1146,1219,125170,61484,63686,122598,60239,62359,2572,1245,1327,126862,62412,64450,124295,61192,63103,2567,1220,1347,127792,62913,64879,125266,61686,63580,2526,1227,1299,128238,63041,65197,125583,61756,63827,2655,1285,1370,128762,63157,65605,125976,61803,64173,2786,1354,1432,129500,63439,66061,126265,61870,64395,3235,1569,1666,130076,63812,66264,126473,62032,64441,3603,1780,1823
4,13215,国立市,64473,32657,31816,64795,32896,31899,65176,33238,31938,64968,33083,31885,64835,33027,31808,64811,33063,31748,65234,33221,32013,65781,33509,32272,65799,33474,32325,65606,33328,32278,65719,33395,32324,65766,33357,32409,66546,33718,32828,68119,34438,33681,69204,34815,34389,70397,35379,35018,71269,35824,35445,71785,35992,35793,71942,36040,35902,72302,36033,36269,72101,35834,36267,72229,35813,36416,72348,35816,36532,72744,36137,36607,72742,36034,36708,72955,36140,36815,72970,36157,36813,73100,36297,36803,74566,36862,37704,73280,36292,36988,1286,570,716,74385,36713,37672,73114,36142,36972,1271,571,700,74558,36719,37839,73244,36122,37122,1314,597,717,74971,36765,38206,73572,36117,37455,1399,648,751,75452,36938,38514,73943,36226,37717,1509,712,797,75723,37035,38688,74139,36287,37852,1584,748,836,76038,37161,38877,74332,36350,37982,1706,811,895,76280,37250,39030,74441,36377,38064,1839,873,966,76371,37167,39204,74610,36359,38251,1761,808,953,76317,37105,39212,74660,36343,38317,1657,762,895,76168,36955,39213,74328,36102,38226,1840,853,987,75889,36793,39096,73972,35872,38100,1917,921,996,76079,36854,39225,74064,35885,38179,2015,969,1046,76460,37156,39304,74277,36069,38208,2183,1087,1096
4,13218,福生市,51457,25763,25694,52017,26063,25954,52943,26527,26416,54189,27190,26999,55892,28165,27727,57141,28852,28289,58037,29406,28631,58940,29982,28958,59396,30217,29179,59891,30485,29406,60207,30601,29606,60383,30693,29690,60272,30577,29695,60484,30637,29847,60470,30654,29816,60288,30539,29749,60324,30580,29744,60394,30655,29739,60074,30426,29648,59431,30077,29354,59473,30086,29387,59278,29966,29312,58915,29776,29139,58640,29679,28961,58483,29558,28925,58122,29331,28791,57572,28982,28590,57009,28708,28301,59124,29741,29383,56724,28601,28123,2400,1140,1260,58821,29551,29270,56288,28332,27956,2533,1219,1314,58553,29385,29168,55841,28044,27797,2712,1341,1371,58613,29445,29168,55588,27923,27665,3025,1522,1503,58554,29336,29218,55195,27671,27524,3359,1665,1694,58384,29164,29220,54722,27365,27357,3662,1799,1863,58243,29132,29111,54427,27263,27164,3816,1869,1947,57617,28785,28832,53808,26930,26878,3809,1855,1954,57024,28509,28515,53403,26728,26675,3621,1781,1840,56274,28120,28154,52892,26457,26435,3382,1663,1719,56201,28169,28032,52625,26420,26205,3576,1749,1827,56512,28369,28143,52374,26296,26078,4138,2073,2065,56582,28555,28027,51976,26109,25867,4606,2446,2160,56896,28695,28201,51796,25974,25822,5100,2721,2379
4,13219,狛江市,70744,36241,34503,72300,37106,35194,72760,37317,35443,73257,37560,35697,72981,37389,35592,72534,37029,35505,72838,37070,35768,72983,37111,35872,73038,37091,35947,73253,37156,36097,72868,36833,36035,72926,36699,36227,72816,36613,36203,72682,36494,36188,73543,36917,36626,73665,36943,36722,73741,36979,36762,74263,37250,37013,75158,37606,37552,75239,37496,37743,75644,37726,37918,76308,37910,38398,76074,37736,38338,76149,37655,38494,75995,37454,38541,76255,37501,38754,76085,37359,38726,75978,37266,38712,77109,37762,39347,76200,37355,38845,909,407,502,77923,38096,39827,76948,37652,39296,975,444,531,79096,38594,40502,78078,38110,39968,1018,484,534,80008,38981,41027,78920,38461,40459,1088,520,568,80807,39299,41508,79639,38727,40912,1168,572,596,81788,39722,42066,80506,39094,41412,1282,628,654,82481,40005,42476,81169,39357,41812,1312,648,664,83257,40386,42871,81849,39690,42159,1408,696,712,83268,40343,42925,81909,39669,42240,1359,674,685,83022,40175,42847,81720,39514,42206,1302,661,641,82749,39917,42832,81387,39229,42158,1362,688,674,82102,39623,42479,80610,38841,41769,1492,782,710,82048,39625,42423,80398,38742,41656,1650,883,767,82258,39790,42468,80336,38770,41566,1922,1020,902
4,13220,東大和市,69484,35156,34328,70030,35355,34675,71325,35979,35346,73147,36809,36338,73669,37098,36571,74338,37442,36896,75030,37880,37150,75430,38041,37389,75752,38211,37541,76197,38339,37858,76494,38472,38022,76436,38414,38022,77025,38669,38356,76642,38465,38177,76029,38137,37892,76596,38409,38187,77381,38752,38629,78615,39353,39262,79644,39829,39815,79930,40009,39921,80120,40073,40047,80077,40013,40064,80809,40385,40424,82140,41002,41138,82184,40943,41241,82605,41141,41464,83283,41431,41852,83479,41455,42024,84841,41996,42845,83830,41636,42194,1011,360,651,85297,42201,43096,84251,41819,42432,1046,382,664,86162,42595,43567,85088,42190,42898,1074,405,669,86101,42539,43562,85014,42141,42873,1087,398,689,85945,42399,43546,84855,41987,42868,1090,412,678,85718,42253,43465,84588,41823,42765,1130,430,700,85565,42208,43357,84408,41752,42656,1157,456,701,85301,42006,43295,84116,41523,42593,1185,483,702,85317,41930,43387,84116,41435,42681,1201,495,706,85285,41846,43439,84077,41356,42721,1208,490,718,84870,41673,43197,83574,41134,42440,1296,539,757,85085,41786,43299,83692,41192,42500,1393,594,799,84996,41647,43349,83529,41022,42507,1467,625,842,84989,41575,43414,83438,40914,42524,1551,661,890
4,13221,清瀬市,63814,31506,32308,64099,31603,32496,64787,31933,32854,65818,32448,33370,65865,32504,33361,66245,32750,33495,66812,33090,33722,66849,33072,33777,66838,33068,33770,67027,33068,33959,67273,33147,34126,67310,33085,34225,67201,33024,34177,67025,32975,34050,67041,32893,34148,66913,32828,34085,66875,32788,34087,67769,33246,34523,68525,33532,34993,69462,33960,35502,72135,35267,36868,72597,35445,37152,72608,35391,37217,72427,35218,37209,72423,35200,37223,72734,35401,37333,72984,35484,37500,73158,35491,37667,74063,35821,38242,73096,35424,37672,967,397,570,74216,35906,38310,73223,35485,37738,993,421,572,74374,36022,38352,73297,35560,37737,1077,462,615,74403,35998,38405,73291,35515,37776,1112,483,629,74510,35981,38529,73374,35484,37890,1136,497,639,74845,36163,38682,73629,35632,37997,1216,531,685,74737,36092,38645,73475,35555,37920,1262,537,725,74636,36023,38613,73328,35419,37909,1308,604,704,74905,36145,38760,73570,35527,38043,1335,618,717,74948,36069,38879,73640,35477,38163,1308,592,716,74702,35957,38745,73323,35334,37989,1379,623,756,74596,35904,38692,73120,35229,37891,1476,675,801,75011,36070,38941,73303,35288,38015,1708,782,926,75682,36456,39226,73748,35544,38204,1934,912,1022
4,13222,東久留米市,109919,55585,54334,110634,55908,54726,111198,56209,54989,111625,56352,55273,111777,56434,55343,113402,57184,56218,114124,57444,56680,113762,57266,56496,113451,56983,56468,112958,56756,56202,113172,56705,56467,112386,56254,56132,112471,56121,56350,113004,56380,56624,113799,56800,56999,113533,56549,56984,113212,56368,56844,113752,56570,57182,113603,56492,57111,113974,56722,57252,114539,56943,57596,114554,56978,57576,114376,56853,57523,114418,56803,57615,114717,56915,57802,114807,56851,57956,114772,56760,58012,114414,56487,57927,115840,57053,58787,114248,56420,57828,1592,633,959,116417,57147,59270,114783,56497,58286,1634,650,984,116494,57190,59304,114794,56498,58296,1700,692,1008,117128,57362,59766,115324,56603,58721,1804,759,1045,116867,57162,59705,115045,56401,58644,1822,761,1061,116830,57093,59737,114875,56238,58637,1955,855,1100,116896,57066,59830,114804,56124,58680,2092,942,1150,116916,57002,59914,114695,55987,58708,2221,1015,1206,117007,56915,60092,114742,55870,58872,2265,1045,1220,117091,56926,60165,114849,55902,58947,2242,1024,1218,116839,56707,60132,114457,55653,58804,2382,1054,1328,116512,56487,60025,113889,55327,58562,2623,1160,1463,116325,56338,59987,113475,55053,58422,2850,1285,1565,116570,56433,60137,113305,54901,58404,3265,1532,1733
4,13223,武蔵村山市,60208,30993,29215,60924,31327,29597,61168,31477,29691,62125,31800,30325,63574,32537,31037,64936,33167,31769,65582,33531,32051,65848,33663,32185,66718,34077,32641,67154,34322,32832,67406,34448,32958,67032,34255,32777,66288,33862,32426,66511,33999,32512,66235,33744,32491,65991,33618,32373,65871,33394,32477,65933,33425,32508,65938,33293,32645,65845,33230,32615,66226,33444,32782,67363,34015,33348,67886,34236,33650,68602,34561,34041,69491,34967,34524,70075,35221,34854,70469,35429,35040,70770,35573,35197,72101,36092,36009,71030,35681,35349,1071,411,660,72169,36116,36053,71069,35696,35373,1100,420,680,72092,36044,36048,70933,35592,35341,1159,452,707,72243,36079,36164,70874,35537,35337,1369,542,827,72238,36039,36199,70811,35478,35333,1427,561,866,72489,36090,36399,70901,35470,35431,1588,620,968,72546,36177,36369,70906,35517,35389,1640,660,980,72382,36086,36296,70650,35372,35278,1732,714,1018,72023,35885,36138,70240,35158,35082,1783,727,1056,71872,35768,36104,70086,35016,35070,1786,752,1034,71296,35459,35837,69527,34707,34820,1769,752,1017,71018,35225,35793,69005,34381,34624,2013,844,1169,70696,35172,35524,68553,34210,34343,2143,962,1181,70564,35082,35482,68230,34018,34212,2334,1064,1270
4,13224,多摩市,115386,57883,57503,121310,60971,60339,126453,63743,62710,132850,67276,65574,136988,69667,67321,139543,70973,68570,141846,72224,69622,143401,73114,70287,144880,73738,71142,145677,74032,71645,145184,73521,71663,144529,73089,71440,143614,72497,71117,143314,72316,70998,142792,71969,70823,142176,71643,70533,141527,71259,70268,141039,70982,70057,141049,70869,70180,141505,70914,70591,141940,70962,70978,141492,70636,70856,142267,71050,71217,144823,72357,72466,145356,72443,72913,145682,72399,73283,145076,71948,73128,144295,71411,72884,145719,71808,73911,143681,70971,72710,2038,837,1201,147681,72710,74971,145659,71894,73765,2022,816,1206,147486,72444,75042,145439,71609,73830,2047,835,1212,147849,72508,75341,145694,71624,74070,2155,884,1271,148293,72654,75639,145891,71609,74282,2402,1045,1357,148724,72800,75924,146279,71738,74541,2445,1062,1383,148745,72927,75818,146097,71715,74382,2648,1212,1436,148823,72907,75916,145985,71577,74408,2838,1330,1508,148479,72598,75881,145724,71324,74400,2755,1274,1481,147528,72250,75278,144828,71003,73825,2700,1247,1453,148210,72525,75685,145152,71075,74077,3058,1450,1608,147776,72350,75426,144410,70707,73703,3366,1643,1723,148084,72420,75664,144415,70614,73801,3669,1806,1863,148248,72468,75780,144214,70435,73779,4034,2033,2001
4,13225,稲城市,49722,25564,24158,50296,25778,24518,51341,26261,25080,51984,26641,25343,53642,27513,26129,56502,29019,27483,58103,29947,28156,58774,30358,28416,60728,31534,29194,61656,32003,29653,61465,31790,29675,62172,32033,30139,63359,32564,30795,64007,32914,31093,64960,33379,31581,66842,34375,32467,68508,35156,33352,69735,35774,33961,71426,36666,34760,73520,37639,35881,74786,38230,36556,75726,38699,37027,78461,39983,38478,79664,40523,39141,81050,41218,39832,82029,41712,40317,83575,42399,41176,84274,42722,41552,85877,43458,42419,84795,42939,41856,1082,519,563,86169,43626,42543,85087,43107,41980,1082,519,563,86594,43768,42826,85479,43242,42237,1115,526,589,87461,44113,43348,86351,43586,42765,1110,527,583,89089,44921,44168,87906,44350,43556,1183,571,612,89915,45326,44589,88684,44720,43964,1231,606,625,90585,45589,44996,89264,44931,44333,1321,658,663,91540,46049,45491,90092,45312,44780,1448,737,711,92262,46364,45898,90811,45634,45177,1451,730,721,93007,46672,46335,91501,45927,45574,1506,745,761,93421,46760,46661,91775,45928,45847,1646,832,814,93781,46910,46871,91932,45940,45992,1849,970,879,93916,46914,47002,91866,45826,46040,2050,1088,962,94461,47101,47360,92238,45915,46323,2223,1186,1037
4,13227,羽村市,45953,23943,22010,47002,24495,22507,48124,25096,23028,48893,25364,23529,49817,25765,24052,50647,26197,24450,51510,26639,24871,52235,26999,25236,53185,27591,25594,53609,27795,25814,54188,28124,26064,54691,28389,26302,54634,28262,26372,54751,28224,26527,55297,28510,26787,55532,28507,27025,55329,28335,26994,55177,28240,26937,55089,28208,26881,55337,28330,27007,55213,28189,27024,55083,28122,26961,55674,28464,27210,55743,28440,27303,55820,28522,27298,55934,28542,27392,56050,28610,27440,56018,28599,27419,57237,29110,28127,55960,28553,27407,1277,557,720,56837,28837,28000,55642,28323,27319,1195,514,681,56604,28738,27866,55429,28230,27199,1175,508,667,56355,28611,27744,55205,28124,27081,1150,487,663,56244,28584,27660,55011,28029,26982,1233,555,678,55870,28363,27507,54555,27759,26796,1315,604,711,55607,28251,27356,54215,27609,26606,1392,642,750,55354,28111,27243,53910,27420,26490,1444,691,753,54725,27662,27063,53253,26994,26259,1472,668,804,54609,27607,27002,53207,26968,26239,1402,639,763,54504,27594,26910,52882,26813,26069,1622,781,841,54416,27558,26858,52600,26665,25935,1816,893,923,54126,27339,26787,52147,26388,25759,1979,951,1028,53955,27313,26642,51710,26172,25538,2245,1141,1104
4,13228,あきる野市,66517,33590,32927,67063,33899,33164,67664,34155,33509,68882,34787,34095,69969,35392,34577,71309,36140,35169,72711,36827,35884,73853,37469,36384,74808,37917,36891,75564,38251,37313,75979,38398,37581,76063,38384,37679,76629,38653,37976,76934,38751,38183,77157,38880,38277,77796,39056,38740,78486,39485,39001,78841,39650,39191,79417,39968,39449,79776,40140,39636,79996,40280,39716,80208,40321,39887,80181,40285,39896,80788,40531,40257,80875,40545,40330,81143,40705,40438,81249,40721,40528,81421,40808,40613,81952,41000,40952,81312,40745,40567,640,255,385,81912,40943,40969,81286,40693,40593,626,250,376,81697,40782,40915,81047,40521,40526,650,261,389,81483,40682,40801,80784,40387,40397,699,295,404,81403,40643,40760,80663,40313,40350,740,330,410,80985,40409,40576,80233,40056,40177,752,353,399,80851,40304,40547,80012,39888,40124,839,416,423,80667,40231,40436,79694,39729,39965,973,502,471,80221,39964,40257,79183,39429,39754,1038,535,503,80112,39892,40220,79070,39368,39702,1042,524,518,79807,39730,40077,78644,39120,39524,1163,610,553,79513,39584,39929,78166,38849,39317,1347,735,612,79244,39496,39748,77683,38613,39070,1561,883,678,78559,39058,39501,76902,38159,38743,1657,899,758
4,13229,西東京市,160314,81027,79287,162367,82048,80319,164366,83036,81330,165841,83861,81980,167026,84529,82497,167082,84384,82698,168016,84949,83067,169016,85410,83606,169662,85573,84089,170419,85786,84633,170840,85877,84963,172747,86567,86180,173276,86766,86510,175034,87443,87591,176206,87940,88266,177517,88659,88858,177607,88397,89210,179126,89212,89914,180276,89657,90619,182975,90922,92053,185140,91811,93329,187157,92693,94464,189221,93561,95660,189863,93762,96101,190331,93836,96495,191421,94257,97164,194126,95394,98732,194619,95474,99145,197805,96949,100856,194784,95582,99202,3021,1367,1654,197546,96807,100739,194419,95348,99071,3127,1459,1668,198267,96979,101288,195028,95449,99579,3239,1530,1709,198974,97238,101736,195496,95551,99945,3478,1687,1791,199790,97547,102243,195901,95575,100326,3889,1972,1917,201058,98178,102880,196749,95982,100767,4309,2196,2113,202817,98839,103978,198115,96449,101666,4702,2390,2312,205125,99835,105290,199741,97104,102637,5384,2731,2653,206047,100251,105796,200997,97694,103303,5050,2557,2493,205805,99883,105922,201162,97611,103551,4643,2272,2371,205876,99914,105962,200895,97427,103468,4981,2487,2494,205899,99968,105931,200352,97070,103282,5547,2898,2649,206245,100219,106026,200005,96893,103112,6240,3326,2914,207227,100543,106684,199970,96695,103275,7257,3848,3409
1,13550,町村部,89612,45399,44213,90182,45672,44510,90669,45958,44711,91480,46457,45023,92026,46698,45328,92580,47080,45500,92936,47268,45668,93116,47349,45767,93040,47304,45736,93329,47426,45903,93435,47418,46017,93549,47437,46112,93332,47273,46059,92959,47024,45935,92818,46960,45858,92667,46862,45805,92443,46724,45719,91886,46408,45478,91553,46153,45400,90761,45741,45020,89961,45334,44627,88982,44993,43989,88663,44828,43835,87883,44423,43460,87543,44240,43303,87335,44148,43187,87014,44034,42980,86693,43800,42893,86990,43816,43174,86172,43529,42643,818,287,531,86294,43526,42768,85427,43194,42233,867,332,535,85799,43265,42534,84877,42891,41986,922,374,548,85403,43110,42293,84389,42650,41739,1014,460,554,84591,42813,41778,83528,42321,41207,1063,492,571,84016,42546,41470,82839,42009,40830,1177,537,640,83047,42079,40968,81855,41501,40354,1192,578,614,82034,41615,40419,80764,40986,39778,1270,629,641,81185,41165,40020,79928,40523,39405,1257,642,615,80395,40761,39634,79096,40128,38968,1299,633,666,79524,40240,39284,78106,39533,38573,1418,707,711,78744,39941,38803,77169,39124,38045,1575,817,758,77761,39508,38253,76006,38572,37434,1755,936,819,76662,38943,37719,74734,37903,36831,1928,1040,888
2,13300,郡部,55617,28369,27248,56327,28761,27566,56949,29114,27835,58002,29648,28354,58758,29996,28762,59373,30345,29028,60008,30672,29336,60545,30941,29604,60753,31052,29701,61061,31178,29883,61221,31201,30020,61297,31219,30078,61238,31120,30118,61082,31003,30079,61035,30941,30094,61010,30870,30140,61003,30804,30199,60918,30779,30139,60905,30736,30169,60543,30548,29995,60133,30337,29796,59705,30160,29545,59585,30050,29535,59142,29808,29334,59035,29754,29281,59087,29772,29315,58994,29729,29265,58805,29566,29239,59187,29693,29494,58588,29458,29130,599,235,364,58956,29592,29364,58316,29320,28996,640,272,368,58760,29448,29312,58083,29148,28935,677,300,377,58646,29422,29224,57889,29055,28834,757,367,390,58284,29325,28959,57486,28930,28556,798,395,403,57968,29181,28787,57043,28734,28309,925,447,478,57341,28847,28494,56426,28380,28046,915,467,448,56695,28520,28175,55704,28003,27701,991,517,474,56259,28260,27999,55293,27748,27545,966,512,454,55843,28047,27796,54834,27540,27294,1009,507,502,55354,27758,27596,54246,27191,27055,1108,567,541,54951,27588,27363,53711,26935,26776,1240,653,587,54489,27392,27097,53130,26653,26477,1359,739,620,54035,27148,26887,52515,26313,26202,1520,835,685
4,13303,瑞穂町,26539,13574,12965,27290,13978,13312,27952,14345,13607,28963,14850,14113,29715,15273,14442,30427,15676,14751,31030,16001,15029,31635,16314,15321,31933,16450,15483,32253,16602,15651,32593,16758,15835,32676,16810,15866,32685,16787,15898,32774,16836,15938,32853,16872,15981,33071,16931,16140,33416,17064,16352,33669,17224,16445,33973,17338,16635,34025,17355,16670,33979,17348,16631,33976,17370,16606,33941,17332,16609,33857,17318,16539,33783,17264,16519,33786,17261,16525,33661,17214,16447,33531,17058,16473,33883,17181,16702,33393,16980,16413,490,201,289,33904,17204,16700,33377,16969,16408,527,235,292,33808,17135,16673,33254,16875,16379,554,260,294,33905,17251,16654,33268,16926,16342,637,325,312,33716,17178,16538,33041,16832,16209,675,346,329,33532,17111,16421,32764,16716,16048,768,395,373,33213,16922,16291,32431,16511,15920,782,411,371,32824,16707,16117,31989,16257,15732,835,450,385,32568,16526,16042,31780,16088,15692,788,438,350,32328,16400,15928,31501,15965,15536,827,435,392,32161,16301,15860,31276,15826,15450,885,475,410,32062,16278,15784,31063,15726,15337,999,552,447,32013,16290,15723,30921,15671,15250,1092,619,473,31968,16256,15712,30726,15537,15189,1242,719,523
4,13305,日の出町,15381,7820,7561,15520,7907,7613,15745,8025,7720,16019,8162,7857,16040,8133,7907,16066,8133,7933,16233,8213,8020,16317,8247,8070,16436,8322,8114,16490,8366,8124,16486,8350,8136,16527,8370,8157,16615,8378,8237,16519,8312,8207,16650,8337,8313,16568,8276,8292,16429,8196,8233,16327,8121,8206,16240,8102,8138,16058,8002,8056,15942,7928,8014,15774,7845,7929,15856,7879,7977,15782,7822,7960,15959,7931,8028,16224,8052,8172,16460,8163,8297,16649,8256,8393,16954,8381,8573,16877,8359,8518,77,22,55,16932,8357,8575,16855,8334,8521,77,23,54,17062,8388,8674,16981,8366,8615,81,22,59,17020,8344,8676,16940,8320,8620,80,24,56,17015,8378,8637,16929,8346,8583,86,32,54,16959,8330,8629,16847,8300,8547,112,30,82,16732,8224,8508,16650,8193,8457,82,31,51,16695,8230,8465,16579,8179,8400,116,51,65,16588,8177,8411,16468,8124,8344,120,53,67,16549,8166,8383,16428,8113,8315,121,53,68,16409,8084,8325,16257,8015,8242,152,69,83,16300,8036,8264,16140,7961,8179,160,75,85,16061,7920,8141,15888,7837,8051,173,83,90,15796,7766,8030,15621,7689,7932,175,77,98
4,13307,檜原村,4184,2168,2016,4088,2126,1962,3987,2077,1910,3911,2043,1868,3961,2046,1915,3911,2017,1894,3880,1997,1883,3836,1975,1861,3801,1950,1851,3756,1918,1838,3695,1876,1819,3630,1835,1795,3597,1821,1776,3561,1792,1769,3478,1749,1729,3446,1726,1720,3385,1685,1700,3306,1660,1646,3233,1615,1618,3161,1586,1575,3116,1560,1556,3043,1524,1519,2988,1496,1492,2885,1445,1440,2830,1409,1421,2771,1379,1392,2683,1330,1353,2597,1291,1306,2526,1262,1264,2515,1260,1255,11,2,9,2461,1230,1231,2448,1227,1221,13,3,10,2379,1193,1186,2366,1190,1176,13,3,10,2343,1166,1177,2329,1162,1167,14,4,10,2283,1148,1135,2273,1146,1127,10,2,8,2244,1118,1126,2234,1116,1118,10,2,8,2217,1100,1117,2210,1099,1111,7,1,6,2138,1051,1087,2132,1050,1082,6,1,5,2112,1048,1064,2106,1047,1059,6,1,5,2069,1030,1039,2062,1028,1034,7,2,5,2038,1010,1028,2028,1006,1022,10,4,6,1986,987,999,1975,983,992,11,4,7,1923,961,962,1912,956,956,11,5,6,1902,952,950,1887,945,942,15,7,8
4,13308,奥多摩町,9513,4807,4706,9429,4750,4679,9265,4667,4598,9109,4593,4516,9042,4544,4498,8969,4519,4450,8865,4461,4404,8757,4405,4352,8583,4330,4253,8562,4292,4270,8447,4217,4230,8464,4204,4260,8341,4134,4207,8228,4063,4165,8054,3983,4071,7925,3937,3988,7773,3859,3914,7616,3774,3842,7459,3681,3778,7299,3605,3694,7096,3501,3595,6912,3421,3491,6800,3343,3457,6618,3223,3395,6463,3150,3313,6306,3080,3226,6190,3022,3168,6028,2961,3067,5824,2869,2955,5803,2859,2944,21,10,11,5659,2801,2858,5636,2790,2846,23,11,12,5511,2732,2779,5482,2717,2765,29,15,14,5378,2661,2717,5352,2647,2705,26,14,12,5270,2621,2649,5243,2606,2637,27,15,12,5233,2622,2611,5198,2602,2596,35,20,15,5179,2601,2578,5135,2577,2558,44,24,20,5038,2532,2506,5004,2517,2487,34,15,19,4991,2509,2482,4939,2489,2450,52,20,32,4897,2451,2446,4843,2434,2409,54,17,37,4746,2363,2383,4685,2344,2341,61,19,42,4603,2287,2316,4533,2265,2268,70,22,48,4492,2221,2271,4409,2189,2220,83,32,51,4369,2174,2195,4281,2142,2139,88,32,56
2,13350,島部,33995,17030,16965,33855,16911,16944,33720,16844,16876,33478,16809,16669,33268,16702,16566,33207,16735,16472,32928,16596,16332,32571,16408,16163,32287,16252,16035,32268,16248,16020,32214,16217,15997,32252,16218,16034,32094,16153,15941,31877,16021,15856,31783,16019,15764,31657,15992,15665,31440,15920,15520,30968,15629,15339,30648,15417,15231,30218,15193,15025,29828,14997,14831,29277,14833,14444,29078,14778,14300,28741,14615,14126,28508,14486,14022,28248,14376,13872,28020,14305,13715,27888,14234,13654,27803,14123,13680,27584,14071,13513,219,52,167,27338,13934,13404,27111,13874,13237,227,60,167,27039,13817,13222,26794,13743,13051,245,74,171,26757,13688,13069,26500,13595,12905,257,93,164,26307,13488,12819,26042,13391,12651,265,97,168,26048,13365,12683,25796,13275,12521,252,90,162,25706,13232,12474,25429,13121,12308,277,111,166,25339,13095,12244,25060,12983,12077,279,112,167,24926,12905,12021,24635,12775,11860,291,130,161,24552,12714,11838,24262,12588,11674,290,126,164,24170,12482,11688,23860,12342,11518,310,140,170,23793,12353,11440,23458,12189,11269,335,164,171,23272,12116,11156,22876,11919,10957,396,197,199,22627,11795,10832,22219,11590,10629,408,205,203
3,13360,大島支庁,17160,8465,8695,17083,8407,8676,17001,8355,8646,16859,8325,8534,16776,8294,8482,16821,8370,8451,16635,8270,8365,16413,8140,8273,16257,8039,8218,16106,7969,8137,15956,7906,8050,15974,7916,8058,15844,7833,8011,15689,7740,7949,15600,7716,7884,15478,7675,7803,15350,7636,7714,15167,7537,7630,15116,7488,7628,14925,7386,7539,14830,7344,7486,14722,7284,7438,14593,7232,7361,14362,7119,7243,14289,7075,7214,14129,7005,7124,14018,6991,7027,13881,6927,6954,13707,6834,6873,13649,6803,6846,58,31,27,13515,6782,6733,13457,6748,6709,58,34,24,13386,6751,6635,13314,6705,6609,72,46,26,13237,6698,6539,13150,6635,6515,87,63,24,12961,6564,6397,12869,6497,6372,92,67,25,12819,6504,6315,12733,6441,6292,86,63,23,12659,6446,6213,12556,6370,6186,103,76,27,12473,6376,6097,12359,6292,6067,114,84,30,12241,6253,5988,12112,6154,5958,129,99,30,12018,6140,5878,11891,6049,5842,127,91,36,11775,6010,5765,11636,5910,5726,139,100,39,11524,5911,5613,11372,5798,5574,152,113,39,11265,5801,5464,11084,5668,5416,181,133,48,10938,5628,5310,10744,5490,5254,194,138,56
4,13361,大島町,10770,5279,5491,10700,5227,5473,10617,5186,5431,10462,5128,5334,10355,5098,5257,10392,5162,5230,10281,5090,5191,10165,5018,5147,10072,4974,5098,10019,4944,5075,9950,4943,5007,9999,4955,5044,9908,4916,4992,9777,4827,4950,9747,4812,4935,9656,4798,4858,9611,4790,4821,9455,4694,4761,9386,4635,4751,9274,4590,4684,9184,4538,4646,9046,4465,4581,9007,4450,4557,8898,4421,4477,8856,4397,4459,8763,4356,4407,8652,4339,4313,8587,4316,4271,8433,4238,4195,8384,4210,4174,49,28,21,8305,4203,4102,8256,4171,4085,49,32,17,8253,4209,4044,8191,4166,4025,62,43,19,8178,4186,3992,8103,4129,3974,75,57,18,8015,4115,3900,7937,4055,3882,78,60,18,7880,4036,3844,7808,3979,3829,72,57,15,7716,3971,3745,7628,3901,3727,88,70,18,7544,3898,3646,7453,3825,3628,91,73,18,7411,3835,3576,7309,3749,3560,102,86,16,7262,3751,3511,7164,3674,3490,98,77,21,7150,3692,3458,7038,3603,3435,112,89,23,6982,3635,3347,6858,3535,3323,124,100,24,6813,3556,3257,6665,3438,3227,148,118,30,6589,3446,3143,6439,3332,3107,150,114,36
4,13362,利島村,299,155,144,304,157,147,313,160,153,319,164,155,319,165,154,322,170,152,307,165,142,294,157,137,298,160,138,298,162,136,303,163,140,296,158,138,296,152,144,307,159,148,311,160,151,303,159,144,297,157,140,305,156,149,304,159,145,302,158,144,305,160,145,303,156,147,294,155,139,293,151,142,297,160,137,297,162,135,319,174,145,318,173,145,316,167,149,316,167,149,-,-,-,306,166,140,306,166,140,-,-,-,307,165,142,307,165,142,-,-,-,314,170,144,313,169,144,1,1,-,315,168,147,314,167,147,1,1,-,321,175,146,320,175,145,1,-,1,323,175,148,322,175,147,1,-,1,322,182,140,318,179,139,4,3,1,310,179,131,305,176,129,5,3,2,332,184,148,326,181,145,6,3,3,317,174,143,312,172,140,5,2,3,314,170,144,307,166,141,7,4,3,300,161,139,294,158,136,6,3,3,303,158,145,292,151,141,11,7,4
4,13363,新島村,3774,1872,1902,3727,1844,1883,3704,1814,1890,3698,1822,1876,3670,1792,1878,3641,1790,1851,3603,1785,1818,3547,1741,1806,3475,1690,1785,3392,1657,1735,3309,1602,1707,3290,1601,1689,3275,1593,1682,3263,1589,1674,3230,1581,1649,3228,1563,1665,3184,1545,1639,3155,1536,1619,3201,1560,1641,3161,1529,1632,3164,1534,1630,3198,1549,1649,3165,1545,1620,3121,1509,1612,3085,1479,1606,3068,1480,1588,3059,1476,1583,3004,1444,1560,2979,1434,1545,2974,1432,1542,5,2,3,2933,1410,1523,2928,1408,1520,5,2,3,2888,1383,1505,2881,1381,1500,7,2,5,2818,1355,1463,2809,1351,1458,9,4,5,2753,1326,1427,2743,1321,1422,10,5,5,2724,1326,1398,2714,1321,1393,10,5,5,2722,1325,1397,2711,1320,1391,11,5,6,2688,1308,1380,2675,1304,1371,13,4,9,2633,1275,1358,2619,1272,1347,14,3,11,2547,1238,1309,2532,1234,1298,15,4,11,2495,1207,1288,2481,1205,1276,14,2,12,2453,1195,1258,2440,1193,1247,13,2,11,2415,1186,1229,2398,1182,1216,17,4,13,2336,1146,1190,2316,1140,1176,20,6,14
4,13364,神津島村,2317,1159,1158,2352,1179,1173,2367,1195,1172,2380,1211,1169,2432,1239,1193,2466,1248,1218,2444,1230,1214,2407,1224,1183,2412,1215,1197,2397,1206,1191,2394,1198,1196,2389,1202,1187,2365,1172,1193,2342,1165,1177,2312,1163,1149,2291,1155,1136,2258,1144,1114,2252,1151,1101,2225,1134,1091,2188,1109,1079,2177,1112,1065,2175,1114,1061,2127,1082,1045,2050,1038,1012,2051,1039,1012,2001,1007,994,1988,1002,986,1972,994,978,1979,995,984,1975,994,981,4,1,3,1971,1003,968,1967,1003,964,4,-,4,1938,994,944,1935,993,942,3,1,2,1927,987,940,1925,986,939,2,1,1,1878,955,923,1875,954,921,3,1,2,1894,967,927,1891,966,925,3,1,2,1898,975,923,1895,974,921,3,1,2,1919,988,931,1913,984,929,6,4,2,1887,964,923,1879,957,922,8,7,1,1877,967,910,1869,960,909,8,7,1,1813,937,876,1805,930,875,8,7,1,1775,911,864,1767,904,863,8,7,1,1737,898,839,1727,890,837,10,8,2,1710,878,832,1697,867,830,13,11,2
3,13380,三宅支庁,4590,2284,2306,4565,2276,2289,4531,2254,2277,4488,2260,2228,4454,2225,2229,4424,2193,2231,4388,2170,2218,4303,2130,2173,4243,2093,2150,4279,2114,2165,4305,2112,2193,4272,2099,2173,4220,2088,2132,4217,2105,2112,4134,2065,2069,4104,2057,2047,4093,2049,2044,3902,1937,1965,3728,1841,1887,3597,1769,1828,3464,1692,1772,3163,1657,1506,3165,1683,1482,3176,1707,1469,3146,1701,1445,3124,1686,1438,3115,1689,1426,3091,1683,1408,3099,1667,1432,3064,1663,1401,35,4,31,3053,1647,1406,3010,1640,1370,43,7,36,3012,1626,1386,2961,1615,1346,51,11,40,2933,1584,1349,2883,1571,1312,50,13,37,2886,1570,1316,2843,1560,1283,43,10,33,2862,1542,1320,2823,1534,1289,39,8,31,2798,1523,1275,2763,1515,1248,35,8,27,2743,1501,1242,2710,1494,1216,33,7,26,2690,1487,1203,2657,1480,1177,33,7,26,2661,1477,1184,2629,1467,1162,32,10,22,2593,1428,1165,2561,1418,1143,32,10,22,2545,1404,1141,2514,1396,1118,31,8,23,2513,1391,1122,2470,1377,1093,43,14,29,2421,1350,1071,2373,1331,1042,48,19,29
4,13381,三宅村,4352,2163,2189,4316,2146,2170,4280,2128,2152,4234,2128,2106,4209,2099,2110,4171,2064,2107,4122,2039,2083,4037,1998,2039,3994,1968,2026,4027,1985,2042,4054,1984,2070,4022,1971,2051,3966,1957,2009,3955,1965,1990,3872,1929,1943,3845,1927,1918,3811,1907,1904,3620,1801,1819,3451,1704,1747,3313,1623,1690,3189,1553,1636,2884,1513,1371,2900,1542,1358,2897,1556,1341,2848,1537,1311,2815,1516,1299,2799,1521,1278,2775,1511,1264,2782,1494,1288,2748,1490,1258,34,4,30,2738,1476,1262,2696,1469,1227,42,7,35,2714,1461,1253,2664,1450,1214,50,11,39,2619,1409,1210,2570,1396,1174,49,13,36,2583,1404,1179,2541,1394,1147,42,10,32,2538,1367,1171,2500,1359,1141,38,8,30,2481,1356,1125,2447,1348,1099,34,8,26,2425,1331,1094,2393,1324,1069,32,7,25,2383,1319,1064,2351,1312,1039,32,7,25,2362,1314,1048,2331,1304,1027,31,10,21,2301,1273,1028,2270,1263,1007,31,10,21,2254,1247,1007,2224,1239,985,30,8,22,2211,1228,983,2170,1215,955,41,13,28,2133,1194,939,2089,1176,913,44,18,26
4,13382,御蔵島村,238,121,117,249,130,119,251,126,125,254,132,122,245,126,119,253,129,124,266,131,135,266,132,134,249,125,124,252,129,123,251,128,123,250,128,122,254,131,123,262,140,122,262,136,126,259,130,129,282,142,140,282,136,146,277,137,140,284,146,138,275,139,136,279,144,135,265,141,124,279,151,128,298,164,134,309,170,139,316,168,148,316,172,144,317,173,144,316,173,143,1,-,1,315,171,144,314,171,143,1,-,1,298,165,133,297,165,132,1,-,1,314,175,139,313,175,138,1,-,1,303,166,137,302,166,136,1,-,1,324,175,149,323,175,148,1,-,1,317,167,150,316,167,149,1,-,1,318,170,148,317,170,147,1,-,1,307,168,139,306,168,138,1,-,1,299,163,136,298,163,135,1,-,1,292,155,137,291,155,136,1,-,1,291,157,134,290,157,133,1,-,1,302,163,139,300,162,138,2,1,1,288,156,132,284,155,129,4,1,3
3,13400,八丈支庁,10408,5174,5234,10341,5131,5210,10310,5128,5182,10231,5095,5136,10094,5035,5059,9997,5004,4993,9879,4961,4918,9752,4887,4865,9644,4844,4800,9647,4836,4811,9649,4836,4813,9696,4841,4855,9723,4867,4856,9652,4824,4828,9637,4835,4802,9641,4857,4784,9578,4846,4732,9495,4783,4712,9412,4751,4661,9310,4711,4599,9182,4654,4528,9033,4573,4460,8929,4522,4407,8787,4447,4340,8639,4368,4271,8509,4302,4207,8403,4232,4171,8378,4196,4182,8404,4176,4228,8296,4167,4129,108,9,99,8186,4057,4129,8081,4049,4032,105,8,97,8088,4019,4069,7985,4011,3974,103,8,95,8000,3968,4032,7900,3960,3940,100,8,92,7866,3907,3959,7762,3898,3864,104,9,95,7726,3850,3876,7624,3843,3781,102,7,95,7624,3812,3812,7512,3799,3713,112,13,99,7494,3769,3725,7386,3759,3627,108,10,98,7389,3713,3676,7290,3706,3584,99,7,92,7298,3656,3642,7194,3646,3548,104,10,94,7221,3616,3605,7110,3599,3511,111,17,94,7124,3584,3540,7004,3562,3442,120,22,98,6998,3512,3486,6869,3486,3383,129,26,103,6807,3427,3380,6686,3406,3280,121,21,100
4,13401,八丈町,10190,5046,5144,10130,5008,5122,10107,5003,5104,10034,4979,5055,9888,4911,4977,9797,4881,4916,9677,4836,4841,9546,4759,4787,9442,4718,4724,9442,4712,4730,9446,4712,4734,9484,4716,4768,9507,4738,4769,9448,4700,4748,9440,4711,4729,9436,4732,4704,9371,4722,4649,9290,4660,4630,9212,4632,4580,9108,4586,4522,8989,4536,4453,8835,4452,4383,8737,4405,4332,8594,4329,4265,8458,4259,4199,8335,4196,4139,8226,4126,4100,8201,4095,4106,8229,4077,4152,8123,4068,4055,106,9,97,8016,3959,4057,7913,3951,3962,103,8,95,7921,3926,3995,7820,3918,3902,101,8,93,7834,3872,3962,7735,3864,3871,99,8,91,7706,3816,3890,7602,3807,3795,104,9,95,7560,3763,3797,7458,3756,3702,102,7,95,7465,3720,3745,7353,3707,3646,112,13,99,7326,3671,3655,7218,3661,3557,108,10,98,7224,3618,3606,7125,3611,3514,99,7,92,7128,3558,3570,7024,3548,3476,104,10,94,7053,3519,3534,6942,3502,3440,111,17,94,6968,3496,3472,6848,3474,3374,120,22,98,6838,3419,3419,6709,3393,3316,129,26,103,6652,3334,3318,6531,3313,3218,121,21,100
4,13402,青ヶ島村,218,128,90,211,123,88,203,125,78,197,116,81,206,124,82,200,123,77,202,125,77,206,128,78,202,126,76,205,124,81,203,124,79,212,125,87,216,129,87,204,124,80,197,124,73,205,125,80,207,124,83,205,123,82,200,119,81,202,125,77,193,118,75,198,121,77,192,117,75,193,118,75,181,109,72,174,106,68,177,106,71,177,101,76,175,99,76,173,99,74,2,-,2,170,98,72,168,98,70,2,-,2,167,93,74,165,93,72,2,-,2,166,96,70,165,96,69,1,-,1,160,91,69,160,91,69,-,-,-,166,87,79,166,87,79,-,-,-,159,92,67,159,92,67,-,-,-,168,98,70,168,98,70,-,-,-,165,95,70,165,95,70,-,-,-,170,98,72,170,98,72,-,-,-,168,97,71,168,97,71,-,-,-,156,88,68,156,88,68,-,-,-,160,93,67,160,93,67,-,-,-,155,93,62,155,93,62,-,-,-
3,13420,小笠原支庁,1837,1107,730,1866,1097,769,1878,1107,771,1900,1129,771,1944,1148,796,1965,1168,797,2026,1195,831,2103,1251,852,2143,1276,867,2236,1329,907,2304,1363,941,2310,1362,948,2307,1365,942,2319,1352,967,2412,1403,1009,2434,1403,1031,2419,1389,1030,2404,1372,1032,2392,1337,1055,2386,1327,1059,2352,1307,1045,2359,1319,1040,2391,1341,1050,2416,1342,1074,2434,1342,1092,2486,1383,1103,2484,1393,1091,2538,1428,1110,2593,1446,1147,2575,1438,1137,18,8,10,2584,1448,1136,2563,1437,1126,21,11,10,2553,1421,1132,2534,1412,1122,19,9,10,2587,1438,1149,2567,1429,1138,20,9,11,2594,1447,1147,2568,1436,1132,26,11,15,2641,1469,1172,2616,1457,1159,25,12,13,2625,1451,1174,2598,1437,1161,27,14,13,2629,1449,1180,2605,1438,1167,24,11,13,2606,1452,1154,2576,1435,1141,30,17,13,2575,1441,1134,2548,1426,1122,27,15,12,2581,1428,1153,2553,1415,1138,28,13,15,2600,1454,1146,2568,1433,1135,32,21,11,2496,1412,1084,2453,1388,1065,43,24,19,2461,1390,1071,2416,1363,1053,45,27,18
4,13421,小笠原村,1837,1107,730,1866,1097,769,1878,1107,771,1900,1129,771,1944,1148,796,1965,1168,797,2026,1195,831,2103,1251,852,2143,1276,867,2236,1329,907,2304,1363,941,2310,1362,948,2307,1365,942,2319,1352,967,2412,1403,1009,2434,1403,1031,2419,1389,1030,2404,1372,1032,2392,1337,1055,2386,1327,1059,2352,1307,1045,2359,1319,1040,2391,1341,1050,2416,1342,1074,2434,1342,1092,2486,1383,1103,2484,1393,1091,2538,1428,1110,2593,1446,1147,2575,1438,1137,18,8,10,2584,1448,1136,2563,1437,1126,21,11,10,2553,1421,1132,2534,1412,1122,19,9,10,2587,1438,1149,2567,1429,1138,20,9,11,2594,1447,1147,2568,1436,1132,26,11,15,2641,1469,1172,2616,1457,1159,25,12,13,2625,1451,1174,2598,1437,1161,27,14,13,2629,1449,1180,2605,1438,1167,24,11,13,2606,1452,1154,2576,1435,1141,30,17,13,2575,1441,1134,2548,1426,1122,27,15,12,2581,1428,1153,2553,1415,1138,28,13,15,2600,1454,1146,2568,1433,1135,32,21,11,2496,1412,1084,2453,1388,1065,43,24,19,2461,1390,1071,2416,1363,1053,45,27,18
,,,,,,,,,,,,,,,,,,,,,,,,,,,,,,,,,,,,,,,,,,,,,,,,,,,,,,,,,,,,,,,,,,,,,,,,,,,,,,,,,,,,,,,,,,,,,,,,,,,,,,,,,,,,,,,,,,,,,,,,,,,,,,,,,,,,,,,,,,,,,,,,,,,,,,,,,,,,,,,,,,,,,,,,,,,,,,,,,,,,,,,,,,,,,,,,,,,,,,,,,,,,,,,,,,,,
住民基本台帳による東京都の世帯と人口　令和8年1月,,,,,,,,,,,,,,,,,,,,,,,,,,,,,,,,,,,,,,,,,,,,,,,,,,,,,,,,,,,,,,,,,,,,,,,,,,,,,,,,,,,,,,,,,,,,,,,,,,,,,,,,,,,,,,,,,,,,,,,,,,,,,,,,,,,,,,,,,,,,,,,,,,,,,,,,,,,,,,,,,,,,,,,,,,,,,,,,,,,,,,,,,,,,,,,,,,,,,,,,,,,,,,,,,,,,
時系列 第２表 区市町村別男女別人口（昭和60年～令和8年）,,,,,,,,,,,,,,,,,,,,,,,,,,,,,,,,,,,,,,,,,,,,,,,,,,,,,,,,,,,,,,,,,,,,,,,,,,,,,,,,,,,,,,,,,,,,,,,,,,,,,,,,,,,,,,,,,,,,,,,,,,,,,,,,,,,,,,,,,,,,,,,,,,,,,,,,,,,,,,,,,,,,,,,,,,,,,,,,,,,,,,,,,,,,,,,,,,,,,,,,,,,,,,,,,,,,
注1) 法改正により平成24年７月から外国人が住民基本台帳法の適用対象となったため、平成25年以降の人口総数は、日本人と外国人の合計数である。,,,,,,,,,,,,,,,,,,,,,,,,,,,,,,,,,,,,,,,,,,,,,,,,,,,,,,,,,,,,,,,,,,,,,,,,,,,,,,,,,,,,,,,,,,,,,,,,,,,,,,,,,,,,,,,,,,,,,,,,,,,,,,,,,,,,,,,,,,,,,,,,,,,,,,,,,,,,,,,,,,,,,,,,,,,,,,,,,,,,,,,,,,,,,,,,,,,,,,,,,,,,,,,,,,,,
注2) 表章地域について、表章年次の期間中に市長村合併があった地域については、合併前の年次についても最新年次時点における地域（合併後）で集計を行っている。（例；あきる野市、西東京市）,,,,,,,,,,,,,,,,,,,,,,,,,,,,,,,,,,,,,,,,,,,,,,,,,,,,,,,,,,,,,,,,,,,,,,,,,,,,,,,,,,,,,,,,,,,,,,,,,,,,,,,,,,,,,,,,,,,,,,,,,,,,,,,,,,,,,,,,,,,,,,,,,,,,,,,,,,,,,,,,,,,,,,,,,,,,,,,,,,,,,,,,,,,,,,,,,,,,,,,,,,,,,,,,,,,,
注3) 各年１月１日現在,,,,,,,,,,,,,,,,,,,,,,,,,,,,,,,,,,,,,,,,,,,,,,,,,,,,,,,,,,,,,,,,,,,,,,,,,,,,,,,,,,,,,,,,,,,,,,,,,,,,,,,,,,,,,,,,,,,,,,,,,,,,,,,,,,,,,,,,,,,,,,,,,,,,,,,,,,,,,,,,,,,,,,,,,,,,,,,,,,,,,,,,,,,,,,,,,,,,,,,,,,,,,,,,,,,,
地域階層（0:総数　1:区部・市部・町村部　2:郡部・島部　3:大島支庁・三宅支庁・八丈支庁・小笠原支庁　4:区市町村）,,,,,,,,,,,,,,,,,,,,,,,,,,,,,,,,,,,,,,,,,,,,,,,,,,,,,,,,,,,,,,,,,,,,,,,,,,,,,,,,,,,,,,,,,,,,,,,,,,,,,,,,,,,,,,,,,,,,,,,,,,,,,,,,,,,,,,,,,,,,,,,,,,,,,,,,,,,,,,,,,,,,,,,,,,,,,,,,,,,,,,,,,,,,,,,,,,,,,,,,,,,,,,,,,,,,
