地域階層,地域コード,地域,年齢階層,年齢,総数／計(人),総数／男(人),総数／女(人),日本人／計(人),日本人／男(人),日本人／女(人),外国人／計(人),外国人／男(人),外国人／女(人)
0,13000,総数,0,総数,14077552,6909535,7168017,13293851,6515334,6778517,783701,394201,389500
0,13000,総数,1,0～4,445472,228167,217305,424220,217055,207165,21252,11112,10140
0,13000,総数,1,5～9,512664,262051,250613,490767,250898,239869,21897,11153,10744
0,13000,総数,1,10～14,546090,279358,266732,524994,268405,256589,21096,10953,10143
0,13000,総数,1,15～19,571356,292604,278752,536003,273888,262115,35353,18716,16637
0,13000,総数,1,20～24,812164,408344,403820,698840,347753,351087,113324,60591,52733
0,13000,総数,1,25～29,1056360,532833,523527,925093,463701,461392,131267,69132,62135
0,13000,総数,1,30～34,982817,497256,485561,875966,441562,434404,106851,55694,51157
0,13000,総数,1,35～39,924532,467969,456563,839769,424426,415343,84763,43543,41220
0,13000,総数,1,40～44,980663,499488,481175,916037,467296,448741,64626,32192,32434
0,13000,総数,1,45～49,1040775,527980,512795,992144,504452,487692,48631,23528,25103
0,13000,総数,1,50～54,1154016,580229,573787,1115308,562606,552702,38708,17623,21085
0,13000,総数,1,55～59,1033095,525274,507821,1000060,511353,488707,33035,13921,19114
0,13000,総数,1,60～64,858511,436987,421524,833227,426454,406773,25284,10533,14751
0,13000,総数,1,65～69,662025,329444,332581,646473,323054,323419,15552,6390,9162
0,13000,総数,1,70～74,631039,302575,328464,621240,298468,322772,9799,4107,5692
0,13000,総数,1,75～79,724243,327315,396928,718325,324665,393660,5918,2650,3268
0,13000,総数,1,80～84,526284,212946,313338,522968,211580,311388,3316,1366,1950
0,13000,総数,1,85～89,361498,129480,232018,359563,128798,230765,1935,682,1253
0,13000,総数,1,90～94,191969,56760,135209,191150,56531,134619,819,229,590
0,13000,総数,1,95～99,53672,11407,42265,53447,11339,42108,225,68,157
0,13000,総数,1,100以上,8307,1068,7239,8257,1050,7207,50,18,32
0,13000,総数,1,不詳者,-,-,-,-,-,-,-,-,-
1,13100,区部,0,総数,9796723,4802251,4994472,9140778,4471909,4668869,655945,330342,325603
1,13100,区部,1,0～4,313992,160834,153158,296382,151601,144781,17610,9233,8377
1,13100,区部,1,5～9,347724,177101,170623,329270,167736,161534,18454,9365,9089
1,13100,区部,1,10～14,364457,186155,178302,346439,176813,169626,18018,9342,8676
1,13100,区部,1,15～19,374435,191629,182806,343882,175375,168507,30553,16254,14299
1,13100,区部,1,20～24,573873,286357,287516,480757,236733,244024,93116,49624,43492
1,13100,区部,1,25～29,818993,411657,407336,708668,354101,354567,110325,57556,52769
1,13100,区部,1,30～34,750184,377891,372293,659417,331107,328310,90767,46784,43983
1,13100,区部,1,35～39,680215,342885,337330,608140,306056,302084,72075,36829,35246
1,13100,区部,1,40～44,706857,359457,347400,651999,331944,320055,54858,27513,27345
1,13100,区部,1,45～49,735794,371885,363909,695036,351782,343254,40758,20103,20655
1,13100,区部,1,50～54,798138,399702,398436,766234,384801,381433,31904,14901,17003
1,13100,区部,1,55～59,704480,356872,347608,677771,345240,332531,26709,11632,15077
1,13100,区部,1,60～64,577852,293768,284084,557475,285122,272353,20377,8646,11731
1,13100,区部,1,65～69,438366,218354,220012,425728,213112,212616,12638,5242,7396
1,13100,区部,1,70～74,408452,196668,211784,400470,193368,207102,7982,3300,4682
1,13100,区部,1,75～79,467306,211645,255661,462565,209523,253042,4741,2122,2619
1,13100,区部,1,80～84,335987,134602,201385,333336,133498,199838,2651,1104,1547
1,13100,区部,1,85～89,232541,80973,151568,231015,80433,150582,1526,540,986
1,13100,区部,1,90～94,126004,35874,90130,125340,35688,89652,664,186,478
1,13100,区部,1,95～99,35469,7242,28227,35289,7190,28099,180,52,128
1,13100,区部,1,100以上,5604,700,4904,5565,686,4879,39,14,25
1,13100,区部,1,不詳者,-,-,-,-,-,-,-,-,-
4,13101,千代田区,0,総数,69139,34548,34591,64795,32245,32550,4344,2303,2041
4,13101,千代田区,1,0～4,2573,1291,1282,2518,1264,1254,55,27,28
4,13101,千代田区,1,5～9,3079,1536,1543,2952,1476,1476,127,60,67
4,13101,千代田区,1,10～14,3284,1691,1593,3134,1608,1526,150,83,67
4,13101,千代田区,1,15～19,2743,1384,1359,2555,1283,1272,188,101,87
4,13101,千代田区,1,20～24,3432,1626,1806,2973,1370,1603,459,256,203
4,13101,千代田区,1,25～29,5749,3174,2575,5084,2807,2277,665,367,298
4,13101,千代田区,1,30～34,5532,2964,2568,5016,2671,2345,516,293,223
4,13101,千代田区,1,35～39,5315,2745,2570,4827,2510,2317,488,235,253
4,13101,千代田区,1,40～44,5928,3102,2826,5515,2874,2641,413,228,185
4,13101,千代田区,1,45～49,5919,3017,2902,5570,2848,2722,349,169,180
4,13101,千代田区,1,50～54,5803,2926,2877,5502,2786,2716,301,140,161
4,13101,千代田区,1,55～59,4572,2266,2306,4350,2140,2210,222,126,96
4,13101,千代田区,1,60～64,3639,1831,1808,3452,1733,1719,187,98,89
4,13101,千代田区,1,65～69,2588,1307,1281,2493,1258,1235,95,49,46
4,13101,千代田区,1,70～74,2275,1103,1172,2216,1069,1147,59,34,25
4,13101,千代田区,1,75～79,2561,1134,1427,2531,1117,1414,30,17,13
4,13101,千代田区,1,80～84,1856,779,1077,1837,769,1068,19,10,9
4,13101,千代田区,1,85～89,1228,408,820,1214,402,812,14,6,8
4,13101,千代田区,1,90～94,755,206,549,749,203,546,6,3,3
4,13101,千代田区,1,95～99,260,51,209,260,51,209,-,-,-
4,13101,千代田区,1,100以上,48,7,41,47,6,41,1,1,-
4,13101,千代田区,1,不詳者,-,-,-,-,-,-,-,-,-
4,13102,中央区,0,総数,191015,91326,99689,177421,84467,92954,13594,6859,6735
4,13102,中央区,1,0～4,9027,4584,4443,8580,4353,4227,447,231,216
4,13102,中央区,1,5～9,8941,4489,4452,8417,4223,4194,524,266,258
4,13102,中央区,1,10～14,8124,4143,3981,7618,3859,3759,506,284,222
4,13102,中央区,1,15～19,5981,2997,2984,5602,2811,2791,379,186,193
4,13102,中央区,1,20～24,6948,3384,3564,6264,3038,3226,684,346,338
4,13102,中央区,1,25～29,14062,6945,7117,12781,6302,6479,1281,643,638
4,13102,中央区,1,30～34,17077,8208,8869,15253,7291,7962,1824,917,907
4,13102,中央区,1,35～39,16658,7917,8741,14606,6922,7684,2052,995,1057
4,13102,中央区,1,40～44,17598,8518,9080,15891,7648,8243,1707,870,837
4,13102,中央区,1,45～49,17459,8284,9175,16233,7671,8562,1226,613,613
4,13102,中央区,1,50～54,17341,8303,9038,16438,7840,8598,903,463,440
4,13102,中央区,1,55～59,13974,6759,7215,13230,6382,6848,744,377,367
4,13102,中央区,1,60～64,10625,5267,5358,10022,4960,5062,603,307,296
4,13102,中央区,1,65～69,6629,3276,3353,6276,3092,3184,353,184,169
4,13102,中央区,1,70～74,5404,2517,2887,5222,2427,2795,182,90,92
4,13102,中央区,1,75～79,6129,2696,3433,6032,2642,3390,97,54,43
4,13102,中央区,1,80～84,4202,1612,2590,4162,1592,2570,40,20,20
4,13102,中央区,1,85～89,2732,875,1857,2704,867,1837,28,8,20
4,13102,中央区,1,90～94,1589,453,1136,1579,451,1128,10,2,8
4,13102,中央区,1,95～99,443,89,354,440,87,353,3,2,1
4,13102,中央区,1,100以上,72,10,62,71,9,62,1,1,-
4,13102,中央区,1,不詳者,-,-,-,-,-,-,-,-,-
4,13103,港区,0,総数,269877,127056,142821,245976,114829,131147,23901,12227,11674
4,13103,港区,1,0～4,11515,5860,5655,10676,5419,5257,839,441,398
4,13103,港区,1,5～9,12663,6380,6283,11569,5858,5711,1094,522,572
4,13103,港区,1,10～14,11858,5995,5863,10867,5497,5370,991,498,493
4,13103,港区,1,15～19,9660,4941,4719,8878,4519,4359,782,422,360
4,13103,港区,1,20～24,11194,5506,5688,9937,4883,5054,1257,623,634
4,13103,港区,1,25～29,18009,8850,9159,16151,7920,8231,1858,930,928
4,13103,港区,1,30～34,20580,9794,10786,17988,8533,9455,2592,1261,1331
4,13103,港区,1,35～39,20957,9654,11303,17944,8171,9773,3013,1483,1530
4,13103,港区,1,40～44,22703,10619,12084,19770,9160,10610,2933,1459,1474
4,13103,港区,1,45～49,23212,11053,12159,20895,9859,11036,2317,1194,1123
4,13103,港区,1,50～54,23838,11058,12780,21899,9977,11922,1939,1081,858
4,13103,港区,1,55～59,20596,9952,10644,18976,9018,9958,1620,934,686
4,13103,港区,1,60～64,16164,7883,8281,15039,7284,7755,1125,599,526
4,13103,港区,1,65～69,11371,5477,5894,10698,5125,5573,673,352,321
4,13103,港区,1,70～74,9283,4179,5104,8881,3979,4902,402,200,202
4,13103,港区,1,75～79,10538,4558,5980,10296,4435,5861,242,123,119
4,13103,港区,1,80～84,7078,2722,4356,6966,2673,4293,112,49,63
4,13103,港区,1,85～89,4831,1633,3198,4753,1597,3156,78,36,42
4,13103,港区,1,90～94,2824,756,2068,2798,740,2058,26,16,10
4,13103,港区,1,95～99,851,161,690,845,158,687,6,3,3
4,13103,港区,1,100以上,152,25,127,150,24,126,2,1,1
4,13103,港区,1,不詳者,-,-,-,-,-,-,-,-,-
4,13104,新宿区,0,総数,355125,178409,176716,303768,151910,151858,51357,26499,24858
4,13104,新宿区,1,0～4,9196,4813,4383,8323,4341,3982,873,472,401
4,13104,新宿区,1,5～9,10019,5047,4972,9045,4563,4482,974,484,490
4,13104,新宿区,1,10～14,10094,5165,4929,9003,4592,4411,1091,573,518
4,13104,新宿区,1,15～19,13337,6848,6489,9132,4660,4472,4205,2188,2017
4,13104,新宿区,1,20～24,27776,13777,13999,17248,8267,8981,10528,5510,5018
4,13104,新宿区,1,25～29,37298,19488,17810,27980,14546,13434,9318,4942,4376
4,13104,新宿区,1,30～34,31348,16743,14605,25336,13520,11816,6012,3223,2789
4,13104,新宿区,1,35～39,27045,14482,12563,22651,12091,10560,4394,2391,2003
4,13104,新宿区,1,40～44,26376,14229,12147,22923,12386,10537,3453,1843,1610
4,13104,新宿区,1,45～49,26346,13824,12522,23637,12423,11214,2709,1401,1308
4,13104,新宿区,1,50～54,27413,13906,13507,24998,12698,12300,2415,1208,1207
4,13104,新宿区,1,55～59,23288,11746,11542,21426,10882,10544,1862,864,998
4,13104,新宿区,1,60～64,18978,9496,9482,17548,8867,8681,1430,629,801
4,13104,新宿区,1,65～69,14681,7269,7412,13691,6903,6788,990,366,624
4,13104,新宿区,1,70～74,13131,6402,6729,12602,6215,6387,529,187,342
4,13104,新宿区,1,75～79,15165,7002,8163,14858,6880,7978,307,122,185
4,13104,新宿区,1,80～84,10642,4245,6397,10503,4193,6310,139,52,87
4,13104,新宿区,1,85～89,7429,2569,4860,7345,2542,4803,84,27,57
4,13104,新宿区,1,90～94,4142,1124,3018,4109,1114,2995,33,10,23
4,13104,新宿区,1,95～99,1223,211,1012,1216,208,1008,7,3,4
4,13104,新宿区,1,100以上,198,23,175,194,19,175,4,4,-
4,13104,新宿区,1,不詳者,-,-,-,-,-,-,-,-,-
4,13105,文京区,0,総数,236981,112768,124213,219887,104222,115665,17094,8546,8548
4,13105,文京区,1,0～4,8651,4301,4350,8351,4151,4200,300,150,150
4,13105,文京区,1,5～9,10420,5370,5050,9933,5111,4822,487,259,228
4,13105,文京区,1,10～14,10344,5275,5069,9799,4971,4828,545,304,241
4,13105,文京区,1,15～19,9434,4705,4729,8637,4297,4340,797,408,389
4,13105,文京区,1,20～24,14700,7536,7164,11689,5939,5750,3011,1597,1414
4,13105,文京区,1,25～29,19503,9749,9754,15855,7849,8006,3648,1900,1748
4,13105,文京区,1,30～34,17988,8786,9202,15738,7688,8050,2250,1098,1152
4,13105,文京区,1,35～39,17008,8200,8808,15347,7406,7941,1661,794,867
4,13105,文京区,1,40～44,18395,8890,9505,17094,8307,8787,1301,583,718
4,13105,文京区,1,45～49,18746,8912,9834,17788,8468,9320,958,444,514
4,13105,文京区,1,50～54,18560,8795,9765,17958,8495,9463,602,300,302
4,13105,文京区,1,55～59,15941,7461,8480,15431,7221,8210,510,240,270
4,13105,文京区,1,60～64,13337,6392,6945,12932,6194,6738,405,198,207
4,13105,文京区,1,65～69,9942,4660,5282,9690,4547,5143,252,113,139
4,13105,文京区,1,70～74,8818,4128,4690,8645,4048,4597,173,80,93
4,13105,文京区,1,75～79,9857,4313,5544,9758,4264,5494,99,49,50
4,13105,文京区,1,80～84,6754,2708,4046,6719,2692,4027,35,16,19
4,13105,文京区,1,85～89,4739,1581,3158,4709,1574,3135,30,7,23
4,13105,文京区,1,90～94,2832,814,2018,2814,809,2005,18,5,13
4,13105,文京区,1,95～99,881,179,702,871,178,693,10,1,9
4,13105,文京区,1,100以上,131,13,118,129,13,116,2,-,2
4,13105,文京区,1,不詳者,-,-,-,-,-,-,-,-,-
4,13106,台東区,0,総数,217512,110430,107082,196166,99584,96582,21346,10846,10500
4,13106,台東区,1,0～4,5990,3014,2976,5651,2835,2816,339,179,160
4,13106,台東区,1,5～9,5628,2874,2754,5275,2688,2587,353,186,167
4,13106,台東区,1,10～14,5894,2958,2936,5522,2765,2757,372,193,179
4,13106,台東区,1,15～19,6135,3201,2934,5225,2706,2519,910,495,415
4,13106,台東区,1,20～24,10853,5464,5389,8082,3969,4113,2771,1495,1276
4,13106,台東区,1,25～29,21884,11100,10784,18060,9124,8936,3824,1976,1848
4,13106,台東区,1,30～34,21392,11240,10152,18131,9536,8595,3261,1704,1557
4,13106,台東区,1,35～39,16977,9037,7940,14510,7734,6776,2467,1303,1164
4,13106,台東区,1,40～44,16766,9017,7749,14999,8125,6874,1767,892,875
4,13106,台東区,1,45～49,16780,8811,7969,15402,8148,7254,1378,663,715
4,13106,台東区,1,50～54,17689,9195,8494,16534,8654,7880,1155,541,614
4,13106,台東区,1,55～59,15306,8006,7300,14348,7568,6780,958,438,520
4,13106,台東区,1,60～64,11962,6310,5652,11219,5988,5231,743,322,421
4,13106,台東区,1,65～69,9280,4868,4412,8830,4677,4153,450,191,259
4,13106,台東区,1,70～74,8850,4497,4353,8575,4365,4210,275,132,143
4,13106,台東区,1,75～79,10329,5094,5235,10185,5021,5164,144,73,71
4,13106,台東区,1,80～84,7253,2981,4272,7157,2943,4214,96,38,58
4,13106,台東区,1,85～89,5004,1811,3193,4953,1795,3158,51,16,35
4,13106,台東区,1,90～94,2696,787,1909,2672,780,1892,24,7,17
4,13106,台東区,1,95～99,724,149,575,717,148,569,7,1,6
4,13106,台東区,1,100以上,120,16,104,119,15,104,1,1,-
4,13106,台東区,1,不詳者,-,-,-,-,-,-,-,-,-
4,13107,墨田区,0,総数,288833,142049,146784,271027,133700,137327,17806,8349,9457
4,13107,墨田区,1,0～4,9020,4554,4466,8697,4387,4310,323,167,156
4,13107,墨田区,1,5～9,9027,4598,4429,8634,4389,4245,393,209,184
4,13107,墨田区,1,10～14,9040,4607,4433,8655,4422,4233,385,185,200
4,13107,墨田区,1,15～19,9396,4883,4513,8633,4446,4187,763,437,326
4,13107,墨田区,1,20～24,15232,7583,7649,13008,6380,6628,2224,1203,1021
4,13107,墨田区,1,25～29,30057,14975,15082,26980,13431,13549,3077,1544,1533
4,13107,墨田区,1,30～34,27311,13646,13665,24589,12327,12262,2722,1319,1403
4,13107,墨田区,1,35～39,21668,10860,10808,19637,9883,9754,2031,977,1054
4,13107,墨田区,1,40～44,20839,10646,10193,19439,10011,9428,1400,635,765
4,13107,墨田区,1,45～49,21067,10751,10316,19879,10242,9637,1188,509,679
4,13107,墨田区,1,50～54,22559,11432,11127,21569,11059,10510,990,373,617
4,13107,墨田区,1,55～59,19181,9829,9352,18328,9542,8786,853,287,566
4,13107,墨田区,1,60～64,15418,7922,7496,14747,7693,7054,671,229,442
4,13107,墨田区,1,65～69,11931,5957,5974,11611,5854,5757,320,103,217
4,13107,墨田区,1,70～74,12161,5899,6262,11943,5823,6120,218,76,142
4,13107,墨田区,1,75～79,13690,6352,7338,13564,6302,7262,126,50,76
4,13107,墨田区,1,80～84,9928,3920,6008,9852,3889,5963,76,31,45
4,13107,墨田区,1,85～89,6905,2484,4421,6877,2472,4405,28,12,16
4,13107,墨田区,1,90～94,3417,944,2473,3405,942,2463,12,2,10
4,13107,墨田区,1,95～99,856,185,671,850,184,666,6,1,5
4,13107,墨田区,1,100以上,130,22,108,130,22,108,-,-,-
4,13107,墨田区,1,不詳者,-,-,-,-,-,-,-,-,-
4,13108,江東区,0,総数,543193,266318,276875,501806,246083,255723,41387,20235,21152
4,13108,江東区,1,0～4,19203,9891,9312,17671,9093,8578,1532,798,734
4,13108,江東区,1,5～9,21866,11130,10736,20066,10249,9817,1800,881,919
4,13108,江東区,1,10～14,22334,11457,10877,20646,10591,10055,1688,866,822
4,13108,江東区,1,15～19,21592,10977,10615,20005,10145,9860,1587,832,755
4,13108,江東区,1,20～24,27634,13992,13642,24329,12227,12102,3305,1765,1540
4,13108,江東区,1,25～29,41016,20736,20280,35452,17851,17601,5564,2885,2679
4,13108,江東区,1,30～34,38620,19052,19568,33079,16380,16699,5541,2672,2869
4,13108,江東区,1,35～39,37631,18742,18889,32260,16018,16242,5371,2724,2647
4,13108,江東区,1,40～44,40973,20682,20291,36746,18577,18169,4227,2105,2122
4,13108,江東区,1,45～49,42446,21361,21085,39450,19854,19596,2996,1507,1489
4,13108,江東区,1,50～54,47223,23697,23526,44880,22670,22210,2343,1027,1316
4,13108,江東区,1,55～59,39971,20564,19407,38095,19805,18290,1876,759,1117
4,13108,江東区,1,60～64,30090,15358,14732,28662,14791,13871,1428,567,861
4,13108,江東区,1,65～69,23117,11287,11830,22223,10928,11295,894,359,535
4,13108,江東区,1,70～74,23370,10970,12400,22826,10754,12072,544,216,328
4,13108,江東区,1,75～79,27304,12297,15007,26980,12154,14826,324,143,181
4,13108,江東区,1,80～84,18878,7648,11230,18692,7577,11115,186,71,115
4,13108,江東区,1,85～89,12379,4447,7932,12265,4400,7865,114,47,67
4,13108,江東区,1,90～94,5968,1757,4211,5915,1747,4168,53,10,43
4,13108,江東区,1,95～99,1367,256,1111,1353,255,1098,14,1,13
4,13108,江東区,1,100以上,211,17,194,211,17,194,-,-,-
4,13108,江東区,1,不詳者,-,-,-,-,-,-,-,-,-
4,13109,品川区,0,総数,415644,203897,211747,397656,194684,202972,17988,9213,8775
4,13109,品川区,1,0～4,14745,7588,7157,14316,7357,6959,429,231,198
4,13109,品川区,1,5～9,16139,8137,8002,15719,7916,7803,420,221,199
4,13109,品川区,1,10～14,15740,8057,7683,15269,7811,7458,471,246,225
4,13109,品川区,1,15～19,14091,7203,6888,13575,6941,6634,516,262,254
4,13109,品川区,1,20～24,20856,10465,10391,19136,9475,9661,1720,990,730
4,13109,品川区,1,25～29,36881,18973,17908,33987,17428,16559,2894,1545,1349
4,13109,品川区,1,30～34,34011,17212,16799,31303,15785,15518,2708,1427,1281
4,13109,品川区,1,35～39,31557,15842,15715,29425,14755,14670,2132,1087,1045
4,13109,品川区,1,40～44,33315,16792,16523,31475,15867,15608,1840,925,915
4,13109,品川区,1,45～49,32814,16496,16318,31552,15816,15736,1262,680,582
4,13109,品川区,1,50～54,33922,16844,17078,32892,16363,16529,1030,481,549
4,13109,品川区,1,55～59,28686,14484,14202,27821,14072,13749,865,412,453
4,13109,品川区,1,60～64,22354,11351,11003,21703,11063,10640,651,288,363
4,13109,品川区,1,65～69,16898,8194,8704,16474,8024,8450,424,170,254
4,13109,品川区,1,70～74,16229,7601,8628,15943,7485,8458,286,116,170
4,13109,品川区,1,75～79,19045,8646,10399,18874,8569,10305,171,77,94
4,13109,品川区,1,80～84,13070,5237,7833,12980,5200,7780,90,37,53
4,13109,品川区,1,85～89,8784,3116,5668,8734,3105,5629,50,11,39
4,13109,品川区,1,90～94,4883,1341,3542,4864,1337,3527,19,4,15
4,13109,品川区,1,95～99,1360,282,1078,1352,279,1073,8,3,5
4,13109,品川区,1,100以上,264,36,228,262,36,226,2,-,2
4,13109,品川区,1,不詳者,-,-,-,-,-,-,-,-,-
4,13110,目黒区,0,総数,282607,133398,149209,270347,126915,143432,12260,6483,5777
4,13110,目黒区,1,0～4,9196,4750,4446,8911,4598,4313,285,152,133
4,13110,目黒区,1,5～9,10143,5242,4901,9855,5101,4754,288,141,147
4,13110,目黒区,1,10～14,10621,5449,5172,10362,5331,5031,259,118,141
4,13110,目黒区,1,15～19,10048,5169,4879,9769,5018,4751,279,151,128
4,13110,目黒区,1,20～24,13995,6810,7185,12946,6242,6704,1049,568,481
4,13110,目黒区,1,25～29,23897,11803,12094,22017,10812,11205,1880,991,889
4,13110,目黒区,1,30～34,22729,11036,11693,20814,10066,10748,1915,970,945
4,13110,目黒区,1,35～39,20619,9861,10758,18953,9004,9949,1666,857,809
4,13110,目黒区,1,40～44,22005,10467,11538,20803,9820,10983,1202,647,555
4,13110,目黒区,1,45～49,23216,11126,12090,22301,10594,11707,915,532,383
4,13110,目黒区,1,50～54,23534,10872,12662,22798,10459,12339,736,413,323
4,13110,目黒区,1,55～59,20259,9596,10663,19666,9241,10425,593,355,238
4,13110,目黒区,1,60～64,16789,8094,8695,16334,7844,8490,455,250,205
4,13110,目黒区,1,65～69,12277,5919,6358,11967,5759,6208,310,160,150
4,13110,目黒区,1,70～74,10540,4827,5713,10362,4754,5608,178,73,105
4,13110,目黒区,1,75～79,12351,5368,6983,12230,5309,6921,121,59,62
4,13110,目黒区,1,80～84,8996,3573,5423,8940,3553,5387,56,20,36
4,13110,目黒区,1,85～89,6271,2146,4125,6222,2129,4093,49,17,32
4,13110,目黒区,1,90～94,3705,1033,2672,3693,1029,2664,12,4,8
4,13110,目黒区,1,95～99,1190,228,962,1180,225,955,10,3,7
4,13110,目黒区,1,100以上,226,29,197,224,27,197,2,2,-
4,13110,目黒区,1,不詳者,-,-,-,-,-,-,-,-,-
4,13111,大田区,0,総数,745048,370248,374800,710532,353077,357455,34516,17171,17345
4,13111,大田区,1,0～4,22520,11582,10938,21504,11048,10456,1016,534,482
4,13111,大田区,1,5～9,24437,12583,11854,23543,12114,11429,894,469,425
4,13111,大田区,1,10～14,26368,13392,12976,25448,12887,12561,920,505,415
4,13111,大田区,1,15～19,27225,13816,13409,26248,13311,12937,977,505,472
4,13111,大田区,1,20～24,46114,22734,23380,42535,20860,21675,3579,1874,1705
4,13111,大田区,1,25～29,67734,34540,33194,61325,31186,30139,6409,3354,3055
4,13111,大田区,1,30～34,55633,28762,26871,50173,25776,24397,5460,2986,2474
4,13111,大田区,1,35～39,47960,24719,23241,44114,22709,21405,3846,2010,1836
4,13111,大田区,1,40～44,50637,26116,24521,47756,24754,23002,2881,1362,1519
4,13111,大田区,1,45～49,52809,27074,25735,50611,26040,24571,2198,1034,1164
4,13111,大田区,1,50～54,60582,30961,29621,58810,30211,28599,1772,750,1022
4,13111,大田区,1,55～59,54520,28338,26182,52915,27722,25193,1605,616,989
4,13111,大田区,1,60～64,44291,23107,21184,43118,22655,20463,1173,452,721
4,13111,大田区,1,65～69,34556,17491,17065,33878,17223,16655,678,268,410
4,13111,大田区,1,70～74,33059,16210,16849,32595,16027,16568,464,183,281
4,13111,大田区,1,75～79,38408,17646,20762,38101,17514,20587,307,132,175
4,13111,大田区,1,80～84,27487,11452,16035,27315,11377,15938,172,75,97
4,13111,大田区,1,85～89,18071,6448,11623,17966,6410,11556,105,38,67
4,13111,大田区,1,90～94,9474,2679,6795,9421,2659,6762,53,20,33
4,13111,大田区,1,95～99,2703,543,2160,2696,539,2157,7,4,3
4,13111,大田区,1,100以上,460,55,405,460,55,405,-,-,-
4,13111,大田区,1,不詳者,-,-,-,-,-,-,-,-,-
4,13112,世田谷区,0,総数,928666,439436,489230,897894,423674,474220,30772,15762,15010
4,13112,世田谷区,1,0～4,29643,15217,14426,28998,14865,14133,645,352,293
4,13112,世田谷区,1,5～9,34343,17567,16776,33716,17263,16453,627,304,323
4,13112,世田谷区,1,10～14,38093,19395,18698,37445,19063,18382,648,332,316
4,13112,世田谷区,1,15～19,38850,20004,18846,37625,19339,18286,1225,665,560
4,13112,世田谷区,1,20～24,52378,26215,26163,48225,24068,24157,4153,2147,2006
4,13112,世田谷区,1,25～29,70128,33652,36476,65122,31116,34006,5006,2536,2470
4,13112,世田谷区,1,30～34,64159,30707,33452,59670,28510,31160,4489,2197,2292
4,13112,世田谷区,1,35～39,60213,28499,31714,56549,26662,29887,3664,1837,1827
4,13112,世田谷区,1,40～44,66337,31633,34704,63631,30203,33428,2706,1430,1276
4,13112,世田谷区,1,45～49,74020,35120,38900,71925,34043,37882,2095,1077,1018
4,13112,世田谷区,1,50～54,78270,36878,41392,76703,36020,40683,1567,858,709
4,13112,世田谷区,1,55～59,70523,34037,36486,69200,33319,35881,1323,718,605
4,13112,世田谷区,1,60～64,59400,29312,30088,58403,28782,29621,997,530,467
4,13112,世田谷区,1,65～69,44241,21414,22827,43600,21066,22534,641,348,293
4,13112,世田谷区,1,70～74,37261,17337,19924,36862,17161,19701,399,176,223
4,13112,世田谷区,1,75～79,42105,18617,23488,41837,18497,23340,268,120,148
4,13112,世田谷区,1,80～84,30056,11894,18162,29898,11820,18078,158,74,84
4,13112,世田谷区,1,85～89,21252,7387,13865,21163,7352,13811,89,35,54
4,13112,世田谷区,1,90～94,12731,3623,9108,12684,3606,9078,47,17,30
4,13112,世田谷区,1,95～99,3996,837,3159,3976,830,3146,20,7,13
4,13112,世田谷区,1,100以上,667,91,576,662,89,573,5,2,3
4,13112,世田谷区,1,不詳者,-,-,-,-,-,-,-,-,-
4,13113,渋谷区,0,総数,230880,110615,120265,217600,103465,114135,13280,7150,6130
4,13113,渋谷区,1,0～4,7361,3711,3650,7126,3601,3525,235,110,125
4,13113,渋谷区,1,5～9,7936,3944,3992,7618,3797,3821,318,147,171
4,13113,渋谷区,1,10～14,7865,3955,3910,7557,3815,3742,308,140,168
4,13113,渋谷区,1,15～19,7253,3588,3665,6810,3352,3458,443,236,207
4,13113,渋谷区,1,20～24,10859,5219,5640,9541,4573,4968,1318,646,672
4,13113,渋谷区,1,25～29,18940,9498,9442,17057,8526,8531,1883,972,911
4,13113,渋谷区,1,30～34,19513,9902,9611,17609,8887,8722,1904,1015,889
4,13113,渋谷区,1,35～39,18335,9102,9233,16658,8183,8475,1677,919,758
4,13113,渋谷区,1,40～44,19667,9830,9837,18312,9036,9276,1355,794,561
4,13113,渋谷区,1,45～49,20124,9979,10145,19086,9368,9718,1038,611,427
4,13113,渋谷区,1,50～54,19386,9238,10148,18535,8735,9800,851,503,348
4,13113,渋谷区,1,55～59,16841,8074,8767,16155,7679,8476,686,395,291
4,13113,渋谷区,1,60～64,13479,6563,6916,12978,6281,6697,501,282,219
4,13113,渋谷区,1,65～69,9942,4730,5212,9620,4573,5047,322,157,165
4,13113,渋谷区,1,70～74,8391,3928,4463,8214,3833,4381,177,95,82
4,13113,渋谷区,1,75～79,9597,4184,5413,9474,4118,5356,123,66,57
4,13113,渋谷区,1,80～84,6676,2627,4049,6597,2590,4007,79,37,42
4,13113,渋谷区,1,85～89,4834,1605,3229,4801,1589,3212,33,16,17
4,13113,渋谷区,1,90～94,2788,751,2037,2767,745,2022,21,6,15
4,13113,渋谷区,1,95～99,943,166,777,936,163,773,7,3,4
4,13113,渋谷区,1,100以上,150,21,129,149,21,128,1,-,1
4,13113,渋谷区,1,不詳者,-,-,-,-,-,-,-,-,-
4,13114,中野区,0,総数,343794,174085,169709,316649,159583,157066,27145,14502,12643
4,13114,中野区,1,0～4,9557,4921,4636,9065,4653,4412,492,268,224
4,13114,中野区,1,5～9,10038,5172,4866,9614,4952,4662,424,220,204
4,13114,中野区,1,10～14,10156,5188,4968,9763,4966,4797,393,222,171
4,13114,中野区,1,15～19,11326,5851,5475,9386,4763,4623,1940,1088,852
4,13114,中野区,1,20～24,23254,11887,11367,17208,8546,8662,6046,3341,2705
4,13114,中野区,1,25～29,35029,18162,16867,29239,15075,14164,5790,3087,2703
4,13114,中野区,1,30～34,30898,16258,14640,27116,14232,12884,3782,2026,1756
4,13114,中野区,1,35～39,26993,14586,12407,24396,13176,11220,2597,1410,1187
4,13114,中野区,1,40～44,26387,14433,11954,24661,13509,11152,1726,924,802
4,13114,中野区,1,45～49,25675,13818,11857,24600,13250,11350,1075,568,507
4,13114,中野区,1,50～54,26329,13797,12532,25460,13350,12110,869,447,422
4,13114,中野区,1,55～59,22695,11951,10744,21991,11604,10387,704,347,357
4,13114,中野区,1,60～64,18721,9569,9152,18181,9343,8838,540,226,314
4,13114,中野区,1,65～69,14319,7190,7129,13988,7052,6936,331,138,193
4,13114,中野区,1,70～74,13250,6296,6954,13059,6208,6851,191,88,103
4,13114,中野区,1,75～79,14944,6721,8223,14825,6665,8160,119,56,63
4,13114,中野区,1,80～84,10718,4249,6469,10651,4218,6433,67,31,36
4,13114,中野区,1,85～89,7447,2481,4966,7411,2472,4939,36,9,27
4,13114,中野区,1,90～94,4418,1229,3189,4403,1225,3178,15,4,11
4,13114,中野区,1,95～99,1404,297,1107,1401,296,1105,3,1,2
4,13114,中野区,1,100以上,236,29,207,231,28,203,5,1,4
4,13114,中野区,1,不詳者,-,-,-,-,-,-,-,-,-
4,13115,杉並区,0,総数,582636,280413,302223,557361,267619,289742,25275,12794,12481
4,13115,杉並区,1,0～4,17987,9198,8789,17527,8960,8567,460,238,222
4,13115,杉並区,1,5～9,20333,10286,10047,19903,10063,9840,430,223,207
4,13115,杉並区,1,10～14,20606,10516,10090,20189,10296,9893,417,220,197
4,13115,杉並区,1,15～19,21390,10897,10493,20083,10194,9889,1307,703,604
4,13115,杉並区,1,20～24,34858,16894,17964,29855,14437,15418,5003,2457,2546
4,13115,杉並区,1,25～29,50001,24598,25403,44552,21865,22687,5449,2733,2716
4,13115,杉並区,1,30～34,45053,22126,22927,41427,20277,21150,3626,1849,1777
4,13115,杉並区,1,35～39,41010,20413,20597,38447,19088,19359,2563,1325,1238
4,13115,杉並区,1,40～44,42837,21650,21187,41106,20741,20365,1731,909,822
4,13115,杉並区,1,45～49,44311,21995,22316,43075,21330,21745,1236,665,571
4,13115,杉並区,1,50～54,46101,22377,23724,45264,21943,23321,837,434,403
4,13115,杉並区,1,55～59,41274,20334,20940,40599,19998,20601,675,336,339
4,13115,杉並区,1,60～64,35150,17525,17625,34571,17245,17326,579,280,299
4,13115,杉並区,1,65～69,26982,13136,13846,26617,12975,13642,365,161,204
4,13115,杉並区,1,70～74,23816,11280,12536,23549,11164,12385,267,116,151
4,13115,杉並区,1,75～79,26862,11949,14913,26710,11867,14843,152,82,70
4,13115,杉並区,1,80～84,19215,7624,11591,19127,7592,11535,88,32,56
4,13115,杉並区,1,85～89,13388,4654,8734,13341,4636,8705,47,18,29
4,13115,杉並区,1,90～94,8218,2340,5878,8183,2329,5854,35,11,24
4,13115,杉並区,1,95～99,2778,569,2209,2771,567,2204,7,2,5
4,13115,杉並区,1,100以上,466,52,414,465,52,413,1,-,1
4,13115,杉並区,1,不詳者,-,-,-,-,-,-,-,-,-
4,13116,豊島区　,0,総数,296129,148214,147915,257545,128542,129003,38584,19672,18912
4,13116,豊島区　,1,0～4,8302,4301,4001,7623,3934,3689,679,367,312
4,13116,豊島区　,1,5～9,8678,4401,4277,8113,4105,4008,565,296,269
4,13116,豊島区　,1,10～14,8758,4428,4330,8245,4165,4080,513,263,250
4,13116,豊島区　,1,15～19,10392,5265,5127,8101,4046,4055,2291,1219,1072
4,13116,豊島区　,1,20～24,22339,11276,11063,13645,6665,6980,8694,4611,4083
4,13116,豊島区　,1,25～29,30575,15633,14942,21821,11060,10761,8754,4573,4181
4,13116,豊島区　,1,30～34,26516,13652,12864,20640,10730,9910,5876,2922,2954
4,13116,豊島区　,1,35～39,23189,12004,11185,19571,10167,9404,3618,1837,1781
4,13116,豊島区　,1,40～44,21816,11688,10128,19683,10589,9094,2133,1099,1034
4,13116,豊島区　,1,45～49,22144,11745,10399,20623,10999,9624,1521,746,775
4,13116,豊島区　,1,50～54,22312,11439,10873,21122,10892,10230,1190,547,643
4,13116,豊島区　,1,55～59,19284,9960,9324,18348,9543,8805,936,417,519
4,13116,豊島区　,1,60～64,15843,8181,7662,15055,7837,7218,788,344,444
4,13116,豊島区　,1,65～69,12261,6133,6128,11827,5939,5888,434,194,240
4,13116,豊島区　,1,70～74,11384,5581,5803,11057,5445,5612,327,136,191
4,13116,豊島区　,1,75～79,12927,5901,7026,12790,5837,6953,137,64,73
4,13116,豊島区　,1,80～84,8864,3584,5280,8800,3561,5239,64,23,41
4,13116,豊島区　,1,85～89,6003,1971,4032,5962,1960,4002,41,11,30
4,13116,豊島区　,1,90～94,3323,866,2457,3304,864,2440,19,2,17
4,13116,豊島区　,1,95～99,1019,182,837,1016,181,835,3,1,2
4,13116,豊島区　,1,100以上,200,23,177,199,23,176,1,-,1
4,13116,豊島区　,1,不詳者,-,-,-,-,-,-,-,-,-
4,13117,北区,0,総数,367432,182604,184828,332136,164739,167397,35296,17865,17431
4,13117,北区,1,0～4,11772,6042,5730,10636,5468,5168,1136,574,562
4,13117,北区,1,5～9,12823,6512,6311,11876,6036,5840,947,476,471
4,13117,北区,1,10～14,12545,6413,6132,11665,5964,5701,880,449,431
4,13117,北区,1,15～19,12806,6500,6306,11176,5643,5533,1630,857,773
4,13117,北区,1,20～24,22943,11766,11177,16688,8337,8351,6255,3429,2826
4,13117,北区,1,25～29,32266,16578,15688,25597,13135,12462,6669,3443,3226
4,13117,北区,1,30～34,29699,15314,14385,24575,12663,11912,5124,2651,2473
4,13117,北区,1,35～39,26333,13624,12709,22553,11712,10841,3780,1912,1868
4,13117,北区,1,40～44,26212,13775,12437,23526,12452,11074,2686,1323,1363
4,13117,北区,1,45～49,26029,13656,12373,24210,12732,11478,1819,924,895
4,13117,北区,1,50～54,27636,14390,13246,26349,13783,12566,1287,607,680
4,13117,北区,1,55～59,23294,12055,11239,22189,11613,10576,1105,442,663
4,13117,北区,1,60～64,19532,10054,9478,18734,9743,8991,798,311,487
4,13117,北区,1,65～69,16044,8026,8018,15548,7845,7703,496,181,315
4,13117,北区,1,70～74,16641,8190,8451,16344,8073,8271,297,117,180
4,13117,北区,1,75～79,19655,8879,10776,19452,8793,10659,203,86,117
4,13117,北区,1,80～84,14323,5729,8594,14221,5681,8540,102,48,54
4,13117,北区,1,85～89,9838,3333,6505,9781,3305,6476,57,28,29
4,13117,北区,1,90～94,5316,1462,3854,5296,1456,3840,20,6,14
4,13117,北区,1,95～99,1514,275,1239,1511,274,1237,3,1,2
4,13117,北区,1,100以上,211,31,180,209,31,178,2,-,2
4,13117,北区,1,不詳者,-,-,-,-,-,-,-,-,-
4,13118,荒川区,0,総数,224784,111626,113158,199208,99036,100172,25576,12590,12986
4,13118,荒川区,1,0～4,7205,3634,3571,6580,3307,3273,625,327,298
4,13118,荒川区,1,5～9,7656,3934,3722,7064,3631,3433,592,303,289
4,13118,荒川区,1,10～14,8220,4174,4046,7616,3844,3772,604,330,274
4,13118,荒川区,1,15～19,8978,4607,4371,7666,3900,3766,1312,707,605
4,13118,荒川区,1,20～24,14245,7315,6930,9952,5029,4923,4293,2286,2007
4,13118,荒川区,1,25～29,19317,9787,9530,15164,7706,7458,4153,2081,2072
4,13118,荒川区,1,30～34,17594,9013,8581,14269,7322,6947,3325,1691,1634
4,13118,荒川区,1,35～39,15572,8057,7515,13082,6818,6264,2490,1239,1251
4,13118,荒川区,1,40～44,15678,8115,7563,13831,7232,6599,1847,883,964
4,13118,荒川区,1,45～49,16400,8398,8002,14999,7727,7272,1401,671,730
4,13118,荒川区,1,50～54,17859,9074,8785,16605,8520,8085,1254,554,700
4,13118,荒川区,1,55～59,14911,7668,7243,13822,7186,6636,1089,482,607
4,13118,荒川区,1,60～64,12601,6424,6177,11722,6052,5670,879,372,507
4,13118,荒川区,1,65～69,9997,5043,4954,9366,4794,4572,631,249,382
4,13118,荒川区,1,70～74,10017,4849,5168,9571,4671,4900,446,178,268
4,13118,荒川区,1,75～79,11531,5482,6049,11270,5376,5894,261,106,155
4,13118,荒川区,1,80～84,7895,3236,4659,7691,3156,4535,204,80,124
4,13118,荒川区,1,85～89,5455,1883,3572,5347,1845,3502,108,38,70
4,13118,荒川区,1,90～94,2832,778,2054,2790,769,2021,42,9,33
4,13118,荒川区,1,95～99,733,143,590,717,140,577,16,3,13
4,13118,荒川区,1,100以上,88,12,76,84,11,73,4,1,3
4,13118,荒川区,1,不詳者,-,-,-,-,-,-,-,-,-
4,13119,板橋区,0,総数,583528,285119,298409,542368,264933,277435,41160,20186,20974
4,13119,板橋区,1,0～4,16749,8467,8282,15639,7914,7725,1110,553,557
4,13119,板橋区,1,5～9,19169,9711,9458,18158,9203,8955,1011,508,503
4,13119,板橋区,1,10～14,20946,10891,10055,19997,10402,9595,949,489,460
4,13119,板橋区,1,15～19,22084,11335,10749,20271,10385,9886,1813,950,863
4,13119,板橋区,1,20～24,37899,18424,19475,30964,14773,16191,6935,3651,3284
4,13119,板橋区,1,25～29,51317,24721,26596,43137,20558,22579,8180,4163,4017
4,13119,板橋区,1,30～34,44281,21919,22362,38194,18836,19358,6087,3083,3004
4,13119,板橋区,1,35～39,38613,19295,19318,34525,17270,17255,4088,2025,2063
4,13119,板橋区,1,40～44,39682,20355,19327,36705,18906,17799,2977,1449,1528
4,13119,板橋区,1,45～49,41748,21475,20273,39510,20428,19082,2238,1047,1191
4,13119,板橋区,1,50～54,45663,23353,22310,44034,22653,21381,1629,700,929
4,13119,板橋区,1,55～59,39788,20511,19277,38415,20014,18401,1373,497,876
4,13119,板橋区,1,60～64,34080,17426,16654,32905,16966,15939,1175,460,715
4,13119,板橋区,1,65～69,26942,13550,13392,26234,13304,12930,708,246,462
4,13119,板橋区,1,70～74,26959,13099,13860,26518,12915,13603,441,184,257
4,13119,板橋区,1,75～79,30705,14062,16643,30484,13972,16512,221,90,131
4,13119,板橋区,1,80～84,21625,8762,12863,21496,8702,12794,129,60,69
4,13119,板橋区,1,85～89,14679,5054,9625,14618,5033,9585,61,21,40
4,13119,板橋区,1,90～94,7982,2210,5772,7954,2202,5752,28,8,20
4,13119,板橋区,1,95～99,2267,461,1806,2261,459,1802,6,2,4
4,13119,板橋区,1,100以上,350,38,312,349,38,311,1,-,1
4,13119,板橋区,1,不詳者,-,-,-,-,-,-,-,-,-
4,13120,練馬区,0,総数,750559,362652,387907,720897,348372,372525,29662,14280,15382
4,13120,練馬区,1,0～4,25450,13070,12380,24770,12693,12077,680,377,303
4,13120,練馬区,1,5～9,28252,14433,13819,27498,14033,13465,754,400,354
4,13120,練馬区,1,10～14,29887,15369,14518,29094,14963,14131,793,406,387
4,13120,練馬区,1,15～19,31870,16436,15434,30429,15663,14766,1441,773,668
4,13120,練馬区,1,20～24,44023,21443,22580,39391,19104,20287,4632,2339,2293
4,13120,練馬区,1,25～29,54594,25988,28606,49252,23406,25846,5342,2582,2760
4,13120,練馬区,1,30～34,52789,25366,27423,48810,23391,25419,3979,1975,2004
4,13120,練馬区,1,35～39,50289,24733,25556,47246,23278,23968,3043,1455,1588
4,13120,練馬区,1,40～44,51757,25935,25822,49483,24864,24619,2274,1071,1203
4,13120,練馬区,1,45～49,53511,26939,26572,51758,26097,25661,1753,842,911
4,13120,練馬区,1,50～54,59438,29643,29795,58024,29029,28995,1414,614,800
4,13120,練馬区,1,55～59,55798,28127,27671,54561,27616,26945,1237,511,726
4,13120,練馬区,1,60～64,47923,24196,23727,47000,23829,23171,923,367,556
4,13120,練馬区,1,65～69,36501,18173,18328,35963,17963,18000,538,210,328
4,13120,練馬区,1,70～74,32075,15536,16539,31722,15382,16340,353,154,199
4,13120,練馬区,1,75～79,35477,15938,19539,35233,15821,19412,244,117,127
4,13120,練馬区,1,80～84,26346,10351,15995,26215,10302,15913,131,49,82
4,13120,練馬区,1,85～89,19680,6888,12792,19603,6866,12737,77,22,55
4,13120,練馬区,1,90～94,11104,3266,7838,11058,3255,7803,46,11,35
4,13120,練馬区,1,95～99,3347,766,2581,3339,761,2578,8,5,3
4,13120,練馬区,1,100以上,448,56,392,448,56,392,-,-,-
4,13120,練馬区,1,不詳者,-,-,-,-,-,-,-,-,-
4,13121,足立区,0,総数,703369,351463,351906,655079,327783,327296,48290,23680,24610
4,13121,足立区,1,0～4,20637,10582,10055,19016,9739,9277,1621,843,778
4,13121,足立区,1,5～9,23230,11821,11409,21480,10918,10562,1750,903,847
4,13121,足立区,1,10～14,26560,13564,12996,24838,12701,12137,1722,863,859
4,13121,足立区,1,15～19,28820,14849,13971,26971,13874,13097,1849,975,874
4,13121,足立区,1,20～24,41051,20674,20377,36027,17859,18168,5024,2815,2209
4,13121,足立区,1,25～29,53960,28074,25886,47215,24340,22875,6745,3734,3011
4,13121,足立区,1,30～34,48563,25347,23216,42052,21870,20182,6511,3477,3034
4,13121,足立区,1,35～39,42805,22390,20415,37469,19610,17859,5336,2780,2556
4,13121,足立区,1,40～44,44179,23007,21172,39951,21021,18930,4228,1986,2242
4,13121,足立区,1,45～49,48877,25298,23579,45601,23861,21740,3276,1437,1839
4,13121,足立区,1,50～54,58828,30899,27929,56163,29796,26367,2665,1103,1562
4,13121,足立区,1,55～59,53715,28159,25556,51262,27325,23937,2453,834,1619
4,13121,足立区,1,60～64,43879,22904,20975,42005,22230,19775,1874,674,1200
4,13121,足立区,1,65～69,33405,17194,16211,32153,16707,15446,1252,487,765
4,13121,足立区,1,70～74,33095,16294,16801,32241,15971,16270,854,323,531
4,13121,足立区,1,75～79,38626,17619,21007,38089,17384,20705,537,235,302
4,13121,足立区,1,80～84,30013,12033,17980,29697,11899,17798,316,134,182
4,13121,足立区,1,85～89,20924,7361,13563,20726,7295,13431,198,66,132
4,13121,足立区,1,90～94,9862,2927,6935,9797,2917,6880,65,10,55
4,13121,足立区,1,95～99,2059,430,1629,2047,429,1618,12,1,11
4,13121,足立区,1,100以上,281,37,244,279,37,242,2,-,2
4,13121,足立区,1,不詳者,-,-,-,-,-,-,-,-,-
4,13122,葛飾区,0,総数,472558,235322,237236,440017,218883,221134,32541,16439,16102
4,13122,葛飾区,1,0～4,14828,7724,7104,13631,7072,6559,1197,652,545
4,13122,葛飾区,1,5～9,16743,8600,8143,15502,7971,7531,1241,629,612
4,13122,葛飾区,1,10～14,18137,9303,8834,16991,8691,8300,1146,612,534
4,13122,葛飾区,1,15～19,19309,9939,9370,17822,9138,8684,1487,801,686
4,13122,葛飾区,1,20～24,28089,14325,13764,24018,12020,11998,4071,2305,1766
4,13122,葛飾区,1,25～29,34884,17834,17050,30210,15265,14945,4674,2569,2105
4,13122,葛飾区,1,30～34,31226,15972,15254,26910,13686,13224,4316,2286,2030
4,13122,葛飾区,1,35～39,29440,15333,14107,25637,13375,12262,3803,1958,1845
4,13122,葛飾区,1,40～44,30568,15791,14777,27654,14351,13303,2914,1440,1474
4,13122,葛飾区,1,45～49,32661,17124,15537,30465,16075,14390,2196,1049,1147
4,13122,葛飾区,1,50～54,38366,19857,18509,36790,19188,17602,1576,669,907
4,13122,葛飾区,1,55～59,34927,18159,16768,33569,17662,15907,1358,497,861
4,13122,葛飾区,1,60～64,30048,15515,14533,28994,15138,13856,1054,377,677
4,13122,葛飾区,1,65～69,23630,12008,11622,23030,11764,11266,600,244,356
4,13122,葛飾区,1,70～74,22922,11347,11575,22513,11182,11331,409,165,244
4,13122,葛飾区,1,75～79,25572,11834,13738,25326,11733,13593,246,101,145
4,13122,葛飾区,1,80～84,18829,7551,11278,18690,7500,11190,139,51,88
4,13122,葛飾区,1,85～89,13398,4644,8754,13323,4621,8702,75,23,52
4,13122,葛飾区,1,90～94,7010,2029,4981,6981,2019,4962,29,10,19
4,13122,葛飾区,1,95～99,1737,407,1330,1728,406,1322,9,1,8
4,13122,葛飾区,1,100以上,234,26,208,233,26,207,1,-,1
4,13122,葛飾区,1,不詳者,-,-,-,-,-,-,-,-,-
4,13123,江戸川区,0,総数,697414,350255,347159,644643,323564,321079,52771,26691,26080
4,13123,江戸川区,1,0～4,22865,11739,11126,20573,10549,10024,2292,1190,1102
4,13123,江戸川区,1,5～9,26161,13334,12827,23720,12076,11644,2441,1258,1183
4,13123,江戸川区,1,10～14,28983,14770,14213,26716,13609,13107,2267,1161,1106
4,13123,江戸川区,1,15～19,31715,16234,15481,29283,14941,14342,2432,1293,1139
4,13123,江戸川区,1,20～24,43201,22042,21159,37096,18672,18424,6105,3370,2735
4,13123,江戸川区,1,25～29,51892,26799,25093,44630,22793,21837,7262,4006,3256
4,13123,江戸川区,1,30～34,47672,24872,22800,40725,21130,19595,6947,3742,3205
4,13123,江戸川区,1,35～39,44028,22790,21238,37733,19514,18219,6295,3276,3019
4,13123,江戸川区,1,40～44,46202,24167,22035,41045,21511,19534,5157,2656,2501
4,13123,江戸川区,1,45～49,49480,25629,23851,45866,23909,21957,3614,1720,1894
4,13123,江戸川区,1,50～54,59486,30768,28718,56907,29680,27227,2579,1088,1491
4,13123,江戸川区,1,55～59,55136,28836,26300,53074,28088,24986,2062,748,1314
4,13123,江戸川区,1,60～64,43549,23088,20461,42151,22604,19547,1398,484,914
4,13123,江戸川区,1,65～69,30832,16052,14780,29951,15740,14211,881,312,569
4,13123,江戸川区,1,70～74,29521,14598,14923,29010,14417,14593,511,181,330
4,13123,江戸川区,1,75～79,33928,15353,18575,33666,15253,18413,262,100,162
4,13123,江戸川区,1,80～84,25283,10085,15198,25130,10019,15111,153,66,87
4,13123,江戸川区,1,85～89,17270,6194,11076,17197,6166,11031,73,28,45
4,13123,江戸川区,1,90～94,8135,2499,5636,8104,2490,5614,31,9,22
4,13123,江戸川区,1,95～99,1814,375,1439,1806,372,1434,8,3,5
4,13123,江戸川区,1,100以上,261,31,230,260,31,229,1,-,1
4,13123,江戸川区,1,不詳者,-,-,-,-,-,-,-,-,-
1,13200,市部,0,総数,4204167,2068341,2135826,4078339,2005522,2072817,125828,62819,63009
1,13200,市部,1,0～4,129622,66360,63262,126021,64501,61520,3601,1859,1742
1,13200,市部,1,5～9,162293,83551,78742,158886,81782,77104,3407,1769,1638
1,13200,市部,1,10～14,178403,91563,86840,175356,89972,85384,3047,1591,1456
1,13200,市部,1,15～19,193591,99191,94400,188853,96759,92094,4738,2432,2306
1,13200,市部,1,20～24,235265,120360,114905,215335,109570,105765,19930,10790,9140
1,13200,市部,1,25～29,234348,119496,114852,213712,108132,105580,20636,11364,9272
1,13200,市部,1,30～34,229497,117625,111872,213669,108882,104787,15828,8743,7085
1,13200,市部,1,35～39,240588,123131,117457,228060,116510,111550,12528,6621,5907
1,13200,市部,1,40～44,269413,137696,131717,259773,133077,126696,9640,4619,5021
1,13200,市部,1,45～49,299986,153394,146592,292236,150027,142209,7750,3367,4383
1,13200,市部,1,50～54,349801,177222,172579,343123,174537,168586,6678,2685,3993
1,13200,市部,1,55～59,323218,165437,157781,317032,163204,153828,6186,2233,3953
1,13200,市部,1,60～64,275837,140639,135198,271040,138794,132246,4797,1845,2952
1,13200,市部,1,65～69,218976,108674,110302,216133,107552,108581,2843,1122,1721
1,13200,市部,1,70～74,216918,103079,113839,215127,102283,112844,1791,796,995
1,13200,市部,1,75～79,250200,112421,137779,249045,111903,137142,1155,518,637
1,13200,市部,1,80～84,185613,76242,109371,184953,75981,108972,660,261,399
1,13200,市部,1,85～89,126014,47413,78601,125609,47272,78337,405,141,264
1,13200,市部,1,90～94,64295,20418,43877,64143,20375,43768,152,43,109
1,13200,市部,1,95～99,17679,4070,13609,17634,4054,13580,45,16,29
1,13200,市部,1,100以上,2610,359,2251,2599,355,2244,11,4,7
1,13200,市部,1,不詳者,-,-,-,-,-,-,-,-,-
4,13201,八王子市,0,総数,558755,278890,279865,540043,269446,270597,18712,9444,9268
4,13201,八王子市,1,0～4,14458,7415,7043,14024,7198,6826,434,217,217
4,13201,八王子市,1,5～9,18801,9777,9024,18371,9549,8822,430,228,202
4,13201,八王子市,1,10～14,22470,11578,10892,22035,11341,10694,435,237,198
4,13201,八王子市,1,15～19,27477,14225,13252,26724,13843,12881,753,382,371
4,13201,八王子市,1,20～24,36164,19199,16965,32079,16912,15167,4085,2287,1798
4,13201,八王子市,1,25～29,29873,15801,14072,26640,13974,12666,3233,1827,1406
4,13201,八王子市,1,30～34,27238,14654,12584,25203,13495,11708,2035,1159,876
4,13201,八王子市,1,35～39,28586,15009,13577,27016,14146,12870,1570,863,707
4,13201,八王子市,1,40～44,32740,17036,15704,31478,16466,15012,1262,570,692
4,13201,八王子市,1,45～49,38450,19859,18591,37427,19465,17962,1023,394,629
4,13201,八王子市,1,50～54,46111,23694,22417,45103,23329,21774,1008,365,643
4,13201,八王子市,1,55～59,42604,22064,20540,41688,21725,19963,916,339,577
4,13201,八王子市,1,60～64,36742,18781,17961,36100,18551,17549,642,230,412
4,13201,八王子市,1,65～69,30594,15231,15363,30237,15096,15141,357,135,222
4,13201,八王子市,1,70～74,32364,15345,17019,32117,15237,16880,247,108,139
4,13201,八王子市,1,75～79,37656,17176,20480,37522,17120,20402,134,56,78
4,13201,八王子市,1,80～84,27540,11712,15828,27470,11685,15785,70,27,43
4,13201,八王子市,1,85～89,17858,7086,10772,17809,7075,10734,49,11,38
4,13201,八王子市,1,90～94,8442,2706,5736,8422,2700,5722,20,6,14
4,13201,八王子市,1,95～99,2220,490,1730,2212,487,1725,8,3,5
4,13201,八王子市,1,100以上,367,52,315,366,52,314,1,-,1
4,13201,八王子市,1,不詳者,-,-,-,-,-,-,-,-,-
4,13202,立川市,0,総数,187440,92741,94699,180849,89503,91346,6591,3238,3353
4,13202,立川市,1,0～4,6010,3051,2959,5839,2959,2880,171,92,79
4,13202,立川市,1,5～9,7149,3622,3527,6989,3530,3459,160,92,68
4,13202,立川市,1,10～14,7634,3935,3699,7488,3858,3630,146,77,69
4,13202,立川市,1,15～19,7896,4006,3890,7710,3906,3804,186,100,86
4,13202,立川市,1,20～24,10429,5151,5278,9547,4679,4868,882,472,410
4,13202,立川市,1,25～29,12000,6209,5791,10860,5605,5255,1140,604,536
4,13202,立川市,1,30～34,11750,6194,5556,10815,5688,5127,935,506,429
4,13202,立川市,1,35～39,11571,6010,5561,10892,5644,5248,679,366,313
4,13202,立川市,1,40～44,12153,6333,5820,11665,6109,5556,488,224,264
4,13202,立川市,1,45～49,13398,7013,6385,12993,6850,6143,405,163,242
4,13202,立川市,1,50～54,15425,7951,7474,15053,7812,7241,372,139,233
4,13202,立川市,1,55～59,13956,7208,6748,13621,7089,6532,335,119,216
4,13202,立川市,1,60～64,11582,6003,5579,11358,5916,5442,224,87,137
4,13202,立川市,1,65～69,9011,4503,4508,8838,4426,4412,173,77,96
4,13202,立川市,1,70～74,9309,4420,4889,9185,4368,4817,124,52,72
4,13202,立川市,1,75～79,10979,4919,6060,10895,4884,6011,84,35,49
4,13202,立川市,1,80～84,8166,3294,4872,8116,3275,4841,50,19,31
4,13202,立川市,1,85～89,5531,1937,3594,5507,1927,3580,24,10,14
4,13202,立川市,1,90～94,2678,814,1864,2670,812,1858,8,2,6
4,13202,立川市,1,95～99,719,156,563,715,154,561,4,2,2
4,13202,立川市,1,100以上,94,12,82,93,12,81,1,-,1
4,13202,立川市,1,不詳者,-,-,-,-,-,-,-,-,-
4,13203,武蔵野市,0,総数,147958,70812,77146,143631,68626,75005,4327,2186,2141
4,13203,武蔵野市,1,0～4,4753,2371,2382,4649,2309,2340,104,62,42
4,13203,武蔵野市,1,5～9,5816,3053,2763,5684,2980,2704,132,73,59
4,13203,武蔵野市,1,10～14,6256,3224,3032,6137,3166,2971,119,58,61
4,13203,武蔵野市,1,15～19,6036,3088,2948,5917,3024,2893,119,64,55
4,13203,武蔵野市,1,20～24,7981,3869,4112,7393,3581,3812,588,288,300
4,13203,武蔵野市,1,25～29,9783,4859,4924,9071,4489,4582,712,370,342
4,13203,武蔵野市,1,30～34,9700,4928,4772,9140,4643,4497,560,285,275
4,13203,武蔵野市,1,35～39,9684,4833,4851,9189,4603,4586,495,230,265
4,13203,武蔵野市,1,40～44,10741,5300,5441,10324,5099,5225,417,201,216
4,13203,武蔵野市,1,45～49,11352,5524,5828,11031,5366,5665,321,158,163
4,13203,武蔵野市,1,50～54,12043,5786,6257,11825,5675,6150,218,111,107
4,13203,武蔵野市,1,55～59,10570,5124,5446,10378,5027,5351,192,97,95
4,13203,武蔵野市,1,60～64,9232,4488,4744,9097,4421,4676,135,67,68
4,13203,武蔵野市,1,65～69,7445,3586,3859,7362,3540,3822,83,46,37
4,13203,武蔵野市,1,70～74,6626,3052,3574,6572,3022,3550,54,30,24
4,13203,武蔵野市,1,75～79,7579,3375,4204,7540,3346,4194,39,29,10
4,13203,武蔵野市,1,80～84,5354,2139,3215,5330,2127,3203,24,12,12
4,13203,武蔵野市,1,85～89,3733,1343,2390,3727,1341,2386,6,2,4
4,13203,武蔵野市,1,90～94,2366,694,1672,2362,694,1668,4,-,4
4,13203,武蔵野市,1,95～99,764,152,612,761,150,611,3,2,1
4,13203,武蔵野市,1,100以上,144,24,120,142,23,119,2,1,1
4,13203,武蔵野市,1,不詳者,-,-,-,-,-,-,-,-,-
4,13204,三鷹市,0,総数,191083,92873,98210,185864,90275,95589,5219,2598,2621
4,13204,三鷹市,1,0～4,6142,3155,2987,6028,3089,2939,114,66,48
4,13204,三鷹市,1,5～9,7874,4036,3838,7761,3980,3781,113,56,57
4,13204,三鷹市,1,10～14,8631,4433,4198,8504,4367,4137,127,66,61
4,13204,三鷹市,1,15～19,8692,4370,4322,8481,4268,4213,211,102,109
4,13204,三鷹市,1,20～24,10761,5314,5447,9941,4922,5019,820,392,428
4,13204,三鷹市,1,25～29,11687,5849,5838,10856,5427,5429,831,422,409
4,13204,三鷹市,1,30～34,11152,5621,5531,10502,5286,5216,650,335,315
4,13204,三鷹市,1,35～39,11888,5964,5924,11297,5656,5641,591,308,283
4,13204,三鷹市,1,40～44,13754,6906,6848,13344,6691,6653,410,215,195
4,13204,三鷹市,1,45～49,14865,7354,7511,14517,7182,7335,348,172,176
4,13204,三鷹市,1,50～54,15921,7949,7972,15660,7823,7837,261,126,135
4,13204,三鷹市,1,55～59,14572,7215,7357,14356,7120,7236,216,95,121
4,13204,三鷹市,1,60～64,12471,6416,6055,12258,6316,5942,213,100,113
4,13204,三鷹市,1,65～69,9293,4559,4734,9175,4505,4670,118,54,64
4,13204,三鷹市,1,70～74,8282,3942,4340,8197,3904,4293,85,38,47
4,13204,三鷹市,1,75～79,9555,4222,5333,9504,4196,5308,51,26,25
4,13204,三鷹市,1,80～84,6855,2803,4052,6823,2790,4033,32,13,19
4,13204,三鷹市,1,85～89,4850,1699,3151,4832,1691,3141,18,8,10
4,13204,三鷹市,1,90～94,2766,830,1936,2759,828,1931,7,2,5
4,13204,三鷹市,1,95～99,914,219,695,913,218,695,1,1,-
4,13204,三鷹市,1,100以上,158,17,141,156,16,140,2,1,1
4,13204,三鷹市,1,不詳者,-,-,-,-,-,-,-,-,-
4,13205,青梅市,0,総数,128569,64688,63881,125109,62983,62126,3460,1705,1755
4,13205,青梅市,1,0～4,2936,1510,1426,2835,1453,1382,101,57,44
4,13205,青梅市,1,5～9,3910,2001,1909,3835,1963,1872,75,38,37
4,13205,青梅市,1,10～14,4676,2421,2255,4602,2378,2224,74,43,31
4,13205,青梅市,1,15～19,5654,2867,2787,5494,2781,2713,160,86,74
4,13205,青梅市,1,20～24,6171,3303,2868,5632,2994,2638,539,309,230
4,13205,青梅市,1,25～29,5896,3212,2684,5271,2845,2426,625,367,258
4,13205,青梅市,1,30～34,5773,3146,2627,5335,2904,2431,438,242,196
4,13205,青梅市,1,35～39,6256,3378,2878,5969,3223,2746,287,155,132
4,13205,青梅市,1,40～44,7032,3687,3345,6812,3587,3225,220,100,120
4,13205,青梅市,1,45～49,8226,4311,3915,8063,4252,3811,163,59,104
4,13205,青梅市,1,50～54,10736,5688,5048,10550,5633,4917,186,55,131
4,13205,青梅市,1,55～59,10004,5245,4759,9806,5191,4615,198,54,144
4,13205,青梅市,1,60～64,9271,4780,4491,9106,4723,4383,165,57,108
4,13205,青梅市,1,65～69,8218,4220,3998,8111,4182,3929,107,38,69
4,13205,青梅市,1,70～74,9141,4532,4609,9096,4516,4580,45,16,29
4,13205,青梅市,1,75～79,10051,4602,5449,10011,4588,5423,40,14,26
4,13205,青梅市,1,80～84,7384,3231,4153,7363,3224,4139,21,7,14
4,13205,青梅市,1,85～89,4394,1742,2652,4382,1737,2645,12,5,7
4,13205,青梅市,1,90～94,2139,679,1460,2135,676,1459,4,3,1
4,13205,青梅市,1,95～99,613,125,488,613,125,488,-,-,-
4,13205,青梅市,1,100以上,88,8,80,88,8,80,-,-,-
4,13205,青梅市,1,不詳者,-,-,-,-,-,-,-,-,-
4,13206,府中市,0,総数,262162,130950,131212,255240,127699,127541,6922,3251,3671
4,13206,府中市,1,0～4,8355,4193,4162,8169,4101,4068,186,92,94
4,13206,府中市,1,5～9,10227,5293,4934,10046,5196,4850,181,97,84
4,13206,府中市,1,10～14,11842,6023,5819,11671,5926,5745,171,97,74
4,13206,府中市,1,15～19,12553,6491,6062,12336,6372,5964,217,119,98
4,13206,府中市,1,20～24,15398,8029,7369,14255,7494,6761,1143,535,608
4,13206,府中市,1,25～29,15713,8137,7576,14574,7526,7048,1139,611,528
4,13206,府中市,1,30～34,15163,7762,7401,14289,7280,7009,874,482,392
4,13206,府中市,1,35～39,15483,8049,7434,14854,7714,7140,629,335,294
4,13206,府中市,1,40～44,17761,9074,8687,17245,8862,8383,516,212,304
4,13206,府中市,1,45～49,19502,10131,9371,19029,9943,9086,473,188,285
4,13206,府中市,1,50～54,22560,11592,10968,22183,11458,10725,377,134,243
4,13206,府中市,1,55～59,20822,10834,9988,20453,10725,9728,369,109,260
4,13206,府中市,1,60～64,17163,8908,8255,16889,8814,8075,274,94,180
4,13206,府中市,1,65～69,12964,6612,6352,12780,6544,6236,184,68,116
4,13206,府中市,1,70～74,11918,5752,6166,11842,5715,6127,76,37,39
4,13206,府中市,1,75～79,13612,6247,7365,13562,6226,7336,50,21,29
4,13206,府中市,1,80～84,9761,3943,5818,9728,3931,5797,33,12,21
4,13206,府中市,1,85～89,6660,2497,4163,6643,2492,4151,17,5,12
4,13206,府中市,1,90～94,3575,1119,2456,3565,1117,2448,10,2,8
4,13206,府中市,1,95～99,983,240,743,980,239,741,3,1,2
4,13206,府中市,1,100以上,147,24,123,147,24,123,-,-,-
4,13206,府中市,1,不詳者,-,-,-,-,-,-,-,-,-
4,13207,昭島市,0,総数,116049,57705,58344,112115,55794,56321,3934,1911,2023
4,13207,昭島市,1,0～4,3964,2046,1918,3837,1980,1857,127,66,61
4,13207,昭島市,1,5～9,4659,2409,2250,4568,2359,2209,91,50,41
4,13207,昭島市,1,10～14,4952,2481,2471,4863,2433,2430,89,48,41
4,13207,昭島市,1,15～19,5005,2558,2447,4877,2485,2392,128,73,55
4,13207,昭島市,1,20～24,5740,2975,2765,5226,2696,2530,514,279,235
4,13207,昭島市,1,25～29,6473,3440,3033,5857,3099,2758,616,341,275
4,13207,昭島市,1,30～34,6839,3528,3311,6344,3283,3061,495,245,250
4,13207,昭島市,1,35～39,7138,3722,3416,6720,3501,3219,418,221,197
4,13207,昭島市,1,40～44,7586,3921,3665,7298,3783,3515,288,138,150
4,13207,昭島市,1,45～49,8322,4425,3897,8101,4329,3772,221,96,125
4,13207,昭島市,1,50～54,9226,4672,4554,8992,4586,4406,234,86,148
4,13207,昭島市,1,55～59,8344,4370,3974,8117,4290,3827,227,80,147
4,13207,昭島市,1,60～64,7240,3691,3549,7075,3626,3449,165,65,100
4,13207,昭島市,1,65～69,6221,3015,3206,6103,2969,3134,118,46,72
4,13207,昭島市,1,70～74,6665,3181,3484,6589,3154,3435,76,27,49
4,13207,昭島市,1,75～79,7342,3386,3956,7294,3361,3933,48,25,23
4,13207,昭島市,1,80～84,5027,2099,2928,4984,2084,2900,43,15,28
4,13207,昭島市,1,85～89,3243,1213,2030,3217,1207,2010,26,6,20
4,13207,昭島市,1,90～94,1579,472,1107,1570,468,1102,9,4,5
4,13207,昭島市,1,95～99,418,90,328,418,90,328,-,-,-
4,13207,昭島市,1,100以上,66,11,55,65,11,54,1,-,1
4,13207,昭島市,1,不詳者,-,-,-,-,-,-,-,-,-
4,13208,調布市,0,総数,241074,117083,123991,234857,113913,120944,6217,3170,3047
4,13208,調布市,1,0～4,7941,4097,3844,7795,4025,3770,146,72,74
4,13208,調布市,1,5～9,9792,4966,4826,9672,4904,4768,120,62,58
4,13208,調布市,1,10～14,10215,5147,5068,10109,5095,5014,106,52,54
4,13208,調布市,1,15～19,10513,5395,5118,10331,5304,5027,182,91,91
4,13208,調布市,1,20～24,13665,6961,6704,12753,6411,6342,912,550,362
4,13208,調布市,1,25～29,15632,7682,7950,14624,7129,7495,1008,553,455
4,13208,調布市,1,30～34,14748,7297,7451,13929,6841,7088,819,456,363
4,13208,調布市,1,35～39,14991,7408,7583,14336,7069,7267,655,339,316
4,13208,調布市,1,40～44,17084,8588,8496,16606,8354,8252,478,234,244
4,13208,調布市,1,45～49,18503,9264,9239,18108,9087,9021,395,177,218
4,13208,調布市,1,50～54,20780,10364,10416,20421,10204,10217,359,160,199
4,13208,調布市,1,55～59,18656,9348,9308,18338,9222,9116,318,126,192
4,13208,調布市,1,60～64,15634,7899,7735,15398,7801,7597,236,98,138
4,13208,調布市,1,65～69,11187,5547,5640,11027,5494,5533,160,53,107
4,13208,調布市,1,70～74,10443,4899,5544,10311,4831,5480,132,68,64
4,13208,調布市,1,75～79,11889,5316,6573,11806,5279,6527,83,37,46
4,13208,調布市,1,80～84,8611,3400,5211,8571,3383,5188,40,17,23
4,13208,調布市,1,85～89,6157,2175,3982,6116,2156,3960,41,19,22
4,13208,調布市,1,90～94,3514,1083,2431,3490,1078,2412,24,5,19
4,13208,調布市,1,95～99,1011,235,776,1008,234,774,3,1,2
4,13208,調布市,1,100以上,108,12,96,108,12,96,-,-,-
4,13208,調布市,1,不詳者,-,-,-,-,-,-,-,-,-
4,13209,町田市,0,総数,430428,210063,220365,419482,204622,214860,10946,5441,5505
4,13209,町田市,1,0～4,13081,6753,6328,12646,6528,6118,435,225,210
4,13209,町田市,1,5～9,16438,8377,8061,16008,8162,7846,430,215,215
4,13209,町田市,1,10～14,18476,9602,8874,18178,9443,8735,298,159,139
4,13209,町田市,1,15～19,21159,10744,10415,20846,10595,10251,313,149,164
4,13209,町田市,1,20～24,23586,12067,11519,22186,11336,10850,1400,731,669
4,13209,町田市,1,25～29,21257,10805,10452,19575,9919,9656,1682,886,796
4,13209,町田市,1,30～34,20705,10583,10122,19206,9758,9448,1499,825,674
4,13209,町田市,1,35～39,22082,11240,10842,20935,10651,10284,1147,589,558
4,13209,町田市,1,40～44,25768,13083,12685,24871,12637,12234,897,446,451
4,13209,町田市,1,45～49,30110,15161,14949,29405,14837,14568,705,324,381
4,13209,町田市,1,50～54,37350,18758,18592,36747,18492,18255,603,266,337
4,13209,町田市,1,55～59,34553,17736,16817,34021,17531,16490,532,205,327
4,13209,町田市,1,60～64,27927,14135,13792,27503,13963,13540,424,172,252
4,13209,町田市,1,65～69,22445,10967,11478,22210,10871,11339,235,96,139
4,13209,町田市,1,70～74,22665,10654,12011,22535,10598,11937,130,56,74
4,13209,町田市,1,75～79,27374,12032,15342,27264,11979,15285,110,53,57
4,13209,町田市,1,80～84,21615,8798,12817,21558,8768,12790,57,30,27
4,13209,町田市,1,85～89,14739,5740,8999,14709,5734,8975,30,6,24
4,13209,町田市,1,90～94,6974,2324,4650,6959,2318,4641,15,6,9
4,13209,町田市,1,95～99,1846,462,1384,1844,461,1383,2,1,1
4,13209,町田市,1,100以上,278,42,236,276,41,235,2,1,1
4,13209,町田市,1,不詳者,-,-,-,-,-,-,-,-,-
4,13210,小金井市,0,総数,125970,62002,63968,121835,59925,61910,4135,2077,2058
4,13210,小金井市,1,0～4,4632,2378,2254,4490,2294,2196,142,84,58
4,13210,小金井市,1,5～9,5494,2789,2705,5371,2738,2633,123,51,72
4,13210,小金井市,1,10～14,5524,2891,2633,5400,2829,2571,124,62,62
4,13210,小金井市,1,15～19,5288,2748,2540,5118,2669,2449,170,79,91
4,13210,小金井市,1,20～24,7599,3931,3668,6950,3603,3347,649,328,321
4,13210,小金井市,1,25～29,8104,4058,4046,7385,3666,3719,719,392,327
4,13210,小金井市,1,30～34,8349,4057,4292,7784,3764,4020,565,293,272
4,13210,小金井市,1,35～39,8553,4236,4317,8104,4018,4086,449,218,231
4,13210,小金井市,1,40～44,8906,4513,4393,8596,4359,4237,310,154,156
4,13210,小金井市,1,45～49,9286,4732,4554,9014,4599,4415,272,133,139
4,13210,小金井市,1,50～54,9522,4776,4746,9321,4678,4643,201,98,103
4,13210,小金井市,1,55～59,8997,4512,4485,8844,4454,4390,153,58,95
4,13210,小金井市,1,60～64,8167,4145,4022,8043,4090,3953,124,55,69
4,13210,小金井市,1,65～69,6350,3276,3074,6287,3243,3044,63,33,30
4,13210,小金井市,1,70～74,5643,2764,2879,5611,2747,2864,32,17,15
4,13210,小金井市,1,75～79,6073,2825,3248,6058,2815,3243,15,10,5
4,13210,小金井市,1,80～84,4099,1661,2438,4082,1654,2428,17,7,10
4,13210,小金井市,1,85～89,2997,1071,1926,2992,1068,1924,5,3,2
4,13210,小金井市,1,90～94,1736,517,1219,1735,516,1219,1,1,-
4,13210,小金井市,1,95～99,575,113,462,574,112,462,1,1,-
4,13210,小金井市,1,100以上,76,9,67,76,9,67,-,-,-
4,13210,小金井市,1,不詳者,-,-,-,-,-,-,-,-,-
4,13211,小平市,0,総数,197404,96539,100865,190527,93255,97272,6877,3284,3593
4,13211,小平市,1,0～4,6751,3465,3286,6579,3380,3199,172,85,87
4,13211,小平市,1,5～9,8572,4431,4141,8388,4333,4055,184,98,86
4,13211,小平市,1,10～14,9085,4689,4396,8945,4622,4323,140,67,73
4,13211,小平市,1,15～19,9343,4745,4598,8958,4574,4384,385,171,214
4,13211,小平市,1,20～24,11460,5636,5824,9960,4948,5012,1500,688,812
4,13211,小平市,1,25～29,10650,5384,5266,9535,4803,4732,1115,581,534
4,13211,小平市,1,30～34,11073,5559,5514,10270,5123,5147,803,436,367
4,13211,小平市,1,35～39,11788,5972,5816,11110,5629,5481,678,343,335
4,13211,小平市,1,40～44,13229,6776,6453,12788,6572,6216,441,204,237
4,13211,小平市,1,45～49,14063,7206,6857,13717,7055,6662,346,151,195
4,13211,小平市,1,50～54,15919,8020,7899,15606,7880,7726,313,140,173
4,13211,小平市,1,55～59,14759,7452,7307,14498,7354,7144,261,98,163
4,13211,小平市,1,60～64,13214,6614,6600,12998,6526,6472,216,88,128
4,13211,小平市,1,65～69,10338,5119,5219,10213,5065,5148,125,54,71
4,13211,小平市,1,70～74,9362,4499,4863,9281,4457,4824,81,42,39
4,13211,小平市,1,75～79,10496,4733,5763,10435,4706,5729,61,27,34
4,13211,小平市,1,80～84,7638,3085,4553,7614,3080,4534,24,5,19
4,13211,小平市,1,85～89,5541,1979,3562,5519,1974,3545,22,5,17
4,13211,小平市,1,90～94,3101,960,2141,3095,959,2136,6,1,5
4,13211,小平市,1,95～99,888,197,691,884,197,687,4,-,4
4,13211,小平市,1,100以上,134,18,116,134,18,116,-,-,-
4,13211,小平市,1,不詳者,-,-,-,-,-,-,-,-,-
4,13212,日野市,0,総数,189194,94526,94668,184677,92194,92483,4517,2332,2185
4,13212,日野市,1,0～4,6232,3274,2958,6115,3217,2898,117,57,60
4,13212,日野市,1,5～9,7516,3964,3552,7407,3908,3499,109,56,53
4,13212,日野市,1,10～14,8180,4152,4028,8087,4104,3983,93,48,45
4,13212,日野市,1,15～19,8682,4450,4232,8509,4365,4144,173,85,88
4,13212,日野市,1,20～24,10637,5567,5070,9885,5138,4747,752,429,323
4,13212,日野市,1,25～29,11107,5771,5336,10296,5288,5008,811,483,328
4,13212,日野市,1,30～34,11019,5723,5296,10420,5381,5039,599,342,257
4,13212,日野市,1,35～39,11211,5825,5386,10781,5596,5185,430,229,201
4,13212,日野市,1,40～44,12311,6437,5874,11987,6264,5723,324,173,151
4,13212,日野市,1,45～49,13503,6958,6545,13208,6835,6373,295,123,172
4,13212,日野市,1,50～54,15808,8138,7670,15555,8042,7513,253,96,157
4,13212,日野市,1,55～59,14501,7694,6807,14301,7628,6673,200,66,134
4,13212,日野市,1,60～64,11737,6116,5621,11588,6056,5532,149,60,89
4,13212,日野市,1,65～69,8789,4449,4340,8708,4421,4287,81,28,53
4,13212,日野市,1,70～74,9136,4276,4860,9079,4247,4832,57,29,28
4,13212,日野市,1,75～79,10857,4808,6049,10815,4793,6022,42,15,27
4,13212,日野市,1,80～84,8509,3488,5021,8487,3479,5008,22,9,13
4,13212,日野市,1,85～89,5756,2276,3480,5748,2272,3476,8,4,4
4,13212,日野市,1,90～94,2853,951,1902,2851,951,1900,2,-,2
4,13212,日野市,1,95～99,757,192,565,757,192,565,-,-,-
4,13212,日野市,1,100以上,93,17,76,93,17,76,-,-,-
4,13212,日野市,1,不詳者,-,-,-,-,-,-,-,-,-
4,13213,東村山市,0,総数,152136,73987,78149,147473,71689,75784,4663,2298,2365
4,13213,東村山市,1,0～4,4773,2506,2267,4631,2442,2189,142,64,78
4,13213,東村山市,1,5～9,5738,2913,2825,5578,2830,2748,160,83,77
4,13213,東村山市,1,10～14,6175,3198,2977,6035,3121,2914,140,77,63
4,13213,東村山市,1,15～19,6970,3602,3368,6754,3510,3244,216,92,124
4,13213,東村山市,1,20～24,7752,3871,3881,7079,3474,3605,673,397,276
4,13213,東村山市,1,25～29,7693,3847,3846,7050,3489,3561,643,358,285
4,13213,東村山市,1,30～34,7888,3943,3945,7325,3626,3699,563,317,246
4,13213,東村山市,1,35～39,8598,4317,4281,8112,4071,4041,486,246,240
4,13213,東村山市,1,40～44,9420,4838,4582,9004,4638,4366,416,200,216
4,13213,東村山市,1,45～49,10380,5295,5085,10073,5172,4901,307,123,184
4,13213,東村山市,1,50～54,12768,6451,6317,12492,6337,6155,276,114,162
4,13213,東村山市,1,55～59,11994,6043,5951,11755,5965,5790,239,78,161
4,13213,東村山市,1,60～64,10585,5353,5232,10406,5290,5116,179,63,116
4,13213,東村山市,1,65～69,8478,4174,4304,8386,4141,4245,92,33,59
4,13213,東村山市,1,70～74,8273,3950,4323,8223,3927,4296,50,23,27
4,13213,東村山市,1,75～79,9236,4102,5134,9203,4085,5118,33,17,16
4,13213,東村山市,1,80～84,6973,2799,4174,6949,2792,4157,24,7,17
4,13213,東村山市,1,85～89,5014,1808,3206,4997,1803,3194,17,5,12
4,13213,東村山市,1,90～94,2638,796,1842,2634,795,1839,4,1,3
4,13213,東村山市,1,95～99,696,168,528,694,168,526,2,-,2
4,13213,東村山市,1,100以上,94,13,81,93,13,80,1,-,1
4,13213,東村山市,1,不詳者,-,-,-,-,-,-,-,-,-
4,13214,国分寺市,0,総数,130076,63812,66264,126473,62032,64441,3603,1780,1823
4,13214,国分寺市,1,0～4,4722,2430,2292,4608,2368,2240,114,62,52
4,13214,国分寺市,1,5～9,5825,3026,2799,5697,2956,2741,128,70,58
4,13214,国分寺市,1,10～14,5586,2896,2690,5496,2850,2646,90,46,44
4,13214,国分寺市,1,15～19,5714,2938,2776,5603,2879,2724,111,59,52
4,13214,国分寺市,1,20～24,7426,3650,3776,6901,3404,3497,525,246,279
4,13214,国分寺市,1,25～29,8326,4158,4168,7614,3790,3824,712,368,344
4,13214,国分寺市,1,30～34,8171,4100,4071,7690,3859,3831,481,241,240
4,13214,国分寺市,1,35～39,8784,4561,4223,8396,4363,4033,388,198,190
4,13214,国分寺市,1,40～44,8875,4577,4298,8577,4415,4162,298,162,136
4,13214,国分寺市,1,45～49,9252,4683,4569,9051,4591,4460,201,92,109
4,13214,国分寺市,1,50～54,10113,4946,5167,9975,4882,5093,138,64,74
4,13214,国分寺市,1,55～59,9663,4884,4779,9523,4828,4695,140,56,84
4,13214,国分寺市,1,60～64,8564,4360,4204,8446,4309,4137,118,51,67
4,13214,国分寺市,1,65～69,6615,3293,3322,6550,3267,3283,65,26,39
4,13214,国分寺市,1,70～74,5671,2732,2939,5622,2711,2911,49,21,28
4,13214,国分寺市,1,75～79,6273,2737,3536,6251,2725,3526,22,12,10
4,13214,国分寺市,1,80～84,4596,1875,2721,4585,1873,2712,11,2,9
4,13214,国分寺市,1,85～89,3373,1228,2145,3364,1225,2139,9,3,6
4,13214,国分寺市,1,90～94,1889,590,1299,1887,589,1298,2,1,1
4,13214,国分寺市,1,95～99,566,136,430,565,136,429,1,-,1
4,13214,国分寺市,1,100以上,72,12,60,72,12,60,-,-,-
4,13214,国分寺市,1,不詳者,-,-,-,-,-,-,-,-,-
4,13215,国立市,0,総数,76460,37156,39304,74277,36069,38208,2183,1087,1096
4,13215,国立市,1,0～4,2119,1088,1031,2068,1060,1008,51,28,23
4,13215,国立市,1,5～9,2931,1506,1425,2870,1475,1395,61,31,30
4,13215,国立市,1,10～14,3072,1612,1460,3004,1567,1437,68,45,23
4,13215,国立市,1,15～19,3286,1708,1578,3210,1665,1545,76,43,33
4,13215,国立市,1,20～24,4344,2214,2130,4067,2073,1994,277,141,136
4,13215,国立市,1,25～29,4724,2341,2383,4330,2146,2184,394,195,199
4,13215,国立市,1,30～34,4395,2225,2170,4126,2082,2044,269,143,126
4,13215,国立市,1,35～39,4353,2181,2172,4133,2065,2068,220,116,104
4,13215,国立市,1,40～44,5020,2524,2496,4837,2429,2408,183,95,88
4,13215,国立市,1,45～49,5251,2653,2598,5110,2588,2522,141,65,76
4,13215,国立市,1,50～54,6031,2943,3088,5916,2896,3020,115,47,68
4,13215,国立市,1,55～59,6104,2985,3119,6014,2947,3067,90,38,52
4,13215,国立市,1,60～64,5819,2924,2895,5714,2879,2835,105,45,60
4,13215,国立市,1,65～69,4427,2230,2197,4368,2204,2164,59,26,33
4,13215,国立市,1,70～74,3952,1861,2091,3918,1844,2074,34,17,17
4,13215,国立市,1,75～79,4138,1869,2269,4121,1865,2256,17,4,13
4,13215,国立市,1,80～84,2960,1150,1810,2947,1144,1803,13,6,7
4,13215,国立市,1,85～89,2058,709,1349,2050,707,1343,8,2,6
4,13215,国立市,1,90～94,1116,364,752,1114,364,750,2,-,2
4,13215,国立市,1,95～99,319,65,254,319,65,254,-,-,-
4,13215,国立市,1,100以上,41,4,37,41,4,37,-,-,-
4,13215,国立市,1,不詳者,-,-,-,-,-,-,-,-,-
4,13218,福生市,0,総数,56896,28695,28201,51796,25974,25822,5100,2721,2379
4,13218,福生市,1,0～4,1634,811,823,1425,705,720,209,106,103
4,13218,福生市,1,5～9,1744,899,845,1607,832,775,137,67,70
4,13218,福生市,1,10～14,1940,986,954,1856,939,917,84,47,37
4,13218,福生市,1,15～19,2285,1169,1116,2066,1038,1028,219,131,88
4,13218,福生市,1,20～24,3390,1799,1591,2597,1349,1248,793,450,343
4,13218,福生市,1,25～29,3697,2020,1677,2769,1495,1274,928,525,403
4,13218,福生市,1,30～34,3686,1994,1692,2931,1539,1392,755,455,300
4,13218,福生市,1,35～39,3321,1804,1517,2817,1499,1318,504,305,199
4,13218,福生市,1,40～44,3350,1846,1504,3025,1667,1358,325,179,146
4,13218,福生市,1,45～49,3585,1894,1691,3328,1772,1556,257,122,135
4,13218,福生市,1,50～54,4453,2321,2132,4249,2231,2018,204,90,114
4,13218,福生市,1,55～59,4233,2179,2054,3975,2083,1892,258,96,162
4,13218,福生市,1,60～64,3909,1973,1936,3739,1919,1820,170,54,116
4,13218,福生市,1,65～69,3433,1745,1688,3325,1705,1620,108,40,68
4,13218,福生市,1,70～74,3432,1714,1718,3358,1690,1668,74,24,50
4,13218,福生市,1,75～79,3529,1621,1908,3483,1605,1878,46,16,30
4,13218,福生市,1,80～84,2520,1056,1464,2506,1049,1457,14,7,7
4,13218,福生市,1,85～89,1611,570,1041,1601,565,1036,10,5,5
4,13218,福生市,1,90～94,855,236,619,853,236,617,2,-,2
4,13218,福生市,1,95～99,249,54,195,247,53,194,2,1,1
4,13218,福生市,1,100以上,40,4,36,39,3,36,1,1,-
4,13218,福生市,1,不詳者,-,-,-,-,-,-,-,-,-
4,13219,狛江市,0,総数,82258,39790,42468,80336,38770,41566,1922,1020,902
4,13219,狛江市,1,0～4,2643,1344,1299,2598,1322,1276,45,22,23
4,13219,狛江市,1,5～9,3344,1759,1585,3310,1741,1569,34,18,16
4,13219,狛江市,1,10～14,3429,1722,1707,3391,1702,1689,38,20,18
4,13219,狛江市,1,15～19,3190,1657,1533,3130,1630,1500,60,27,33
4,13219,狛江市,1,20～24,4401,2201,2200,4160,2057,2103,241,144,97
4,13219,狛江市,1,25～29,5263,2527,2736,4924,2320,2604,339,207,132
4,13219,狛江市,1,30～34,4979,2401,2578,4693,2252,2441,286,149,137
4,13219,狛江市,1,35～39,4891,2355,2536,4674,2243,2431,217,112,105
4,13219,狛江市,1,40～44,5663,2767,2896,5493,2674,2819,170,93,77
4,13219,狛江市,1,45～49,6241,3215,3026,6114,3155,2959,127,60,67
4,13219,狛江市,1,50～54,6631,3302,3329,6518,3247,3271,113,55,58
4,13219,狛江市,1,55～59,6326,3168,3158,6239,3134,3105,87,34,53
4,13219,狛江市,1,60～64,5310,2760,2550,5228,2719,2509,82,41,41
4,13219,狛江市,1,65～69,4160,2075,2085,4130,2061,2069,30,14,16
4,13219,狛江市,1,70～74,3731,1803,1928,3716,1796,1920,15,7,8
4,13219,狛江市,1,75～79,4452,2007,2445,4432,1999,2433,20,8,12
4,13219,狛江市,1,80～84,3386,1337,2049,3373,1330,2043,13,7,6
4,13219,狛江市,1,85～89,2423,883,1540,2420,881,1539,3,2,1
4,13219,狛江市,1,90～94,1365,414,951,1364,414,950,1,-,1
4,13219,狛江市,1,95～99,371,77,294,370,77,293,1,-,1
4,13219,狛江市,1,100以上,59,16,43,59,16,43,-,-,-
4,13219,狛江市,1,不詳者,-,-,-,-,-,-,-,-,-
4,13220,東大和市,0,総数,84989,41575,43414,83438,40914,42524,1551,661,890
4,13220,東大和市,1,0～4,2632,1317,1315,2600,1307,1293,32,10,22
4,13220,東大和市,1,5～9,3344,1712,1632,3309,1695,1614,35,17,18
4,13220,東大和市,1,10～14,3769,1927,1842,3733,1914,1819,36,13,23
4,13220,東大和市,1,15～19,4051,2033,2018,3990,2003,1987,61,30,31
4,13220,東大和市,1,20～24,4066,2024,2042,3895,1932,1963,171,92,79
4,13220,東大和市,1,25～29,3979,2014,1965,3803,1918,1885,176,96,80
4,13220,東大和市,1,30～34,4056,2033,2023,3933,1959,1974,123,74,49
4,13220,東大和市,1,35～39,4653,2358,2295,4517,2278,2239,136,80,56
4,13220,東大和市,1,40～44,5115,2599,2516,4982,2547,2435,133,52,81
4,13220,東大和市,1,45～49,5825,2993,2832,5711,2952,2759,114,41,73
4,13220,東大和市,1,50～54,7019,3532,3487,6895,3498,3397,124,34,90
4,13220,東大和市,1,55～59,6912,3580,3332,6774,3541,3233,138,39,99
4,13220,東大和市,1,60～64,5906,3049,2857,5803,3024,2779,103,25,78
4,13220,東大和市,1,65～69,4450,2200,2250,4388,2177,2211,62,23,39
4,13220,東大和市,1,70～74,4687,2267,2420,4647,2254,2393,40,13,27
4,13220,東大和市,1,75～79,5603,2521,3082,5584,2517,3067,19,4,15
4,13220,東大和市,1,80～84,4292,1799,2493,4269,1792,2477,23,7,16
4,13220,東大和市,1,85～89,2854,1036,1818,2833,1027,1806,21,9,12
4,13220,東大和市,1,90～94,1432,501,931,1429,499,930,3,2,1
4,13220,東大和市,1,95～99,305,77,228,304,77,227,1,-,1
4,13220,東大和市,1,100以上,39,3,36,39,3,36,-,-,-
4,13220,東大和市,1,不詳者,-,-,-,-,-,-,-,-,-
4,13221,清瀬市,0,総数,75682,36456,39226,73748,35544,38204,1934,912,1022
4,13221,清瀬市,1,0～4,2461,1255,1206,2411,1225,1186,50,30,20
4,13221,清瀬市,1,5～9,2904,1502,1402,2851,1470,1381,53,32,21
4,13221,清瀬市,1,10～14,3097,1555,1542,3045,1531,1514,52,24,28
4,13221,清瀬市,1,15～19,3487,1764,1723,3419,1721,1698,68,43,25
4,13221,清瀬市,1,20～24,4013,1969,2044,3796,1862,1934,217,107,110
4,13221,清瀬市,1,25～29,4050,1917,2133,3768,1768,2000,282,149,133
4,13221,清瀬市,1,30～34,3907,1931,1976,3677,1805,1872,230,126,104
4,13221,清瀬市,1,35～39,4109,2080,2029,3908,1978,1930,201,102,99
4,13221,清瀬市,1,40～44,4558,2288,2270,4405,2214,2191,153,74,79
4,13221,清瀬市,1,45～49,5036,2513,2523,4888,2458,2430,148,55,93
4,13221,清瀬市,1,50～54,6349,3241,3108,6208,3188,3020,141,53,88
4,13221,清瀬市,1,55～59,5814,2988,2826,5714,2950,2764,100,38,62
4,13221,清瀬市,1,60～64,4973,2521,2452,4871,2487,2384,102,34,68
4,13221,清瀬市,1,65～69,3880,1888,1992,3824,1871,1953,56,17,39
4,13221,清瀬市,1,70～74,4015,1914,2101,3983,1903,2080,32,11,21
4,13221,清瀬市,1,75～79,4732,2087,2645,4706,2076,2630,26,11,15
4,13221,清瀬市,1,80～84,3719,1441,2278,3707,1438,2269,12,3,9
4,13221,清瀬市,1,85～89,2828,1062,1766,2822,1061,1761,6,1,5
4,13221,清瀬市,1,90～94,1384,445,939,1381,444,937,3,1,2
4,13221,清瀬市,1,95～99,319,91,228,317,90,227,2,1,1
4,13221,清瀬市,1,100以上,47,4,43,47,4,43,-,-,-
4,13221,清瀬市,1,不詳者,-,-,-,-,-,-,-,-,-
4,13222,東久留米市,0,総数,116570,56433,60137,113305,54901,58404,3265,1532,1733
4,13222,東久留米市,1,0～4,3736,1912,1824,3618,1856,1762,118,56,62
4,13222,東久留米市,1,5～9,4694,2401,2293,4577,2344,2233,117,57,60
4,13222,東久留米市,1,10～14,5034,2529,2505,4906,2473,2433,128,56,72
4,13222,東久留米市,1,15～19,5092,2641,2451,4963,2571,2392,129,70,59
4,13222,東久留米市,1,20～24,5418,2716,2702,5071,2550,2521,347,166,181
4,13222,東久留米市,1,25～29,5268,2562,2706,4884,2360,2524,384,202,182
4,13222,東久留米市,1,30～34,5692,2850,2842,5322,2650,2672,370,200,170
4,13222,東久留米市,1,35～39,6271,3162,3109,5939,2983,2956,332,179,153
4,13222,東久留米市,1,40～44,7223,3680,3543,6883,3519,3364,340,161,179
4,13222,東久留米市,1,45～49,7925,4083,3842,7686,3978,3708,239,105,134
4,13222,東久留米市,1,50～54,9543,4822,4721,9337,4749,4588,206,73,133
4,13222,東久留米市,1,55～59,9005,4651,4354,8795,4575,4220,210,76,134
4,13222,東久留米市,1,60～64,7898,3985,3913,7754,3934,3820,144,51,93
4,13222,東久留米市,1,65～69,6455,3151,3304,6362,3118,3244,93,33,60
4,13222,東久留米市,1,70～74,6519,3121,3398,6464,3095,3369,55,26,29
4,13222,東久留米市,1,75～79,7745,3371,4374,7722,3358,4364,23,13,10
4,13222,東久留米市,1,80～84,6019,2398,3621,6002,2394,3608,17,4,13
4,13222,東久留米市,1,85～89,4282,1542,2740,4273,1538,2735,9,4,5
4,13222,東久留米市,1,90～94,2136,700,1436,2133,700,1433,3,-,3
4,13222,東久留米市,1,95～99,547,143,404,546,143,403,1,-,1
4,13222,東久留米市,1,100以上,68,13,55,68,13,55,-,-,-
4,13222,東久留米市,1,不詳者,-,-,-,-,-,-,-,-,-
4,13223,武蔵村山市,0,総数,70564,35082,35482,68230,34018,34212,2334,1064,1270
4,13223,武蔵村山市,1,0～4,2002,983,1019,1949,956,993,53,27,26
4,13223,武蔵村山市,1,5～9,2849,1482,1367,2786,1452,1334,63,30,33
4,13223,武蔵村山市,1,10～14,3281,1679,1602,3198,1636,1562,83,43,40
4,13223,武蔵村山市,1,15～19,3785,1914,1871,3686,1867,1819,99,47,52
4,13223,武蔵村山市,1,20～24,3942,1983,1959,3633,1806,1827,309,177,132
4,13223,武蔵村山市,1,25～29,3202,1657,1545,2899,1477,1422,303,180,123
4,13223,武蔵村山市,1,30～34,3286,1695,1591,3038,1558,1480,248,137,111
4,13223,武蔵村山市,1,35～39,3738,1941,1797,3506,1826,1680,232,115,117
4,13223,武蔵村山市,1,40～44,4256,2206,2050,4033,2123,1910,223,83,140
4,13223,武蔵村山市,1,45～49,4940,2553,2387,4778,2498,2280,162,55,107
4,13223,武蔵村山市,1,50～54,6323,3347,2976,6172,3305,2867,151,42,109
4,13223,武蔵村山市,1,55～59,5543,2904,2639,5408,2872,2536,135,32,103
4,13223,武蔵村山市,1,60～64,4307,2292,2015,4190,2256,1934,117,36,81
4,13223,武蔵村山市,1,65～69,3457,1740,1717,3397,1721,1676,60,19,41
4,13223,武蔵村山市,1,70～74,3971,1902,2069,3925,1883,2042,46,19,27
4,13223,武蔵村山市,1,75～79,4686,2103,2583,4663,2095,2568,23,8,15
4,13223,武蔵村山市,1,80～84,3513,1453,2060,3502,1447,2055,11,6,5
4,13223,武蔵村山市,1,85～89,2304,905,1399,2294,900,1394,10,5,5
4,13223,武蔵村山市,1,90～94,921,291,630,917,289,628,4,2,2
4,13223,武蔵村山市,1,95～99,225,50,175,223,49,174,2,1,1
4,13223,武蔵村山市,1,100以上,33,2,31,33,2,31,-,-,-
4,13223,武蔵村山市,1,不詳者,-,-,-,-,-,-,-,-,-
4,13224,多摩市,0,総数,148248,72468,75780,144214,70435,73779,4034,2033,2001
4,13224,多摩市,1,0～4,3908,1998,1910,3794,1931,1863,114,67,47
4,13224,多摩市,1,5～9,5029,2568,2461,4947,2526,2421,82,42,40
4,13224,多摩市,1,10～14,5919,3020,2899,5851,2989,2862,68,31,37
4,13224,多摩市,1,15～19,6671,3406,3265,6523,3326,3197,148,80,68
4,13224,多摩市,1,20～24,7778,4038,3740,7092,3647,3445,686,391,295
4,13224,多摩市,1,25～29,7062,3617,3445,6422,3257,3165,640,360,280
4,13224,多摩市,1,30～34,7205,3752,3453,6685,3458,3227,520,294,226
4,13224,多摩市,1,35～39,7728,4000,3728,7325,3782,3543,403,218,185
4,13224,多摩市,1,40～44,9425,4792,4633,9111,4640,4471,314,152,162
4,13224,多摩市,1,45～49,10868,5606,5262,10631,5511,5120,237,95,142
4,13224,多摩市,1,50～54,12442,6331,6111,12255,6256,5999,187,75,112
4,13224,多摩市,1,55～59,11204,5713,5491,10992,5645,5347,212,68,144
4,13224,多摩市,1,60～64,9405,4732,4673,9224,4664,4560,181,68,113
4,13224,多摩市,1,65～69,7764,3700,4064,7675,3672,4003,89,28,61
4,13224,多摩市,1,70～74,8859,3928,4931,8791,3907,4884,68,21,47
4,13224,多摩市,1,75～79,10974,4860,6114,10936,4837,6099,38,23,15
4,13224,多摩市,1,80～84,8188,3467,4721,8161,3454,4707,27,13,14
4,13224,多摩市,1,85～89,4924,2010,2914,4908,2004,2904,16,6,10
4,13224,多摩市,1,90～94,2248,796,1452,2246,795,1451,2,1,1
4,13224,多摩市,1,95～99,565,127,438,563,127,436,2,-,2
4,13224,多摩市,1,100以上,82,7,75,82,7,75,-,-,-
4,13224,多摩市,1,不詳者,-,-,-,-,-,-,-,-,-
4,13225,稲城市,0,総数,94461,47101,47360,92238,45915,46323,2223,1186,1037
4,13225,稲城市,1,0～4,3433,1705,1728,3352,1669,1683,81,36,45
4,13225,稲城市,1,5～9,4442,2340,2102,4362,2304,2058,80,36,44
4,13225,稲城市,1,10～14,4687,2401,2286,4613,2370,2243,74,31,43
4,13225,稲城市,1,15～19,4860,2494,2366,4805,2463,2342,55,31,24
4,13225,稲城市,1,20～24,5093,2572,2521,4888,2437,2451,205,135,70
4,13225,稲城市,1,25～29,5009,2550,2459,4687,2351,2336,322,199,123
4,13225,稲城市,1,30～34,5069,2549,2520,4752,2361,2391,317,188,129
4,13225,稲城市,1,35～39,5617,2847,2770,5368,2705,2663,249,142,107
4,13225,稲城市,1,40～44,6231,3134,3097,6013,3025,2988,218,109,109
4,13225,稲城市,1,45～49,7065,3605,3460,6893,3512,3381,172,93,79
4,13225,稲城市,1,50～54,8264,4196,4068,8162,4157,4005,102,39,63
4,13225,稲城市,1,55～59,7641,4085,3556,7532,4044,3488,109,41,68
4,13225,稲城市,1,60～64,5984,3138,2846,5877,3091,2786,107,47,60
4,13225,稲城市,1,65～69,4438,2260,2178,4393,2240,2153,45,20,25
4,13225,稲城市,1,70～74,4269,2050,2219,4233,2032,2201,36,18,18
4,13225,稲城市,1,75～79,5018,2245,2773,4992,2233,2759,26,12,14
4,13225,稲城市,1,80～84,3665,1584,2081,3656,1581,2075,9,3,6
4,13225,稲城市,1,85～89,2348,941,1407,2334,935,1399,14,6,8
4,13225,稲城市,1,90～94,1039,356,683,1037,356,681,2,-,2
4,13225,稲城市,1,95～99,246,46,200,246,46,200,-,-,-
4,13225,稲城市,1,100以上,43,3,40,43,3,40,-,-,-
4,13225,稲城市,1,不詳者,-,-,-,-,-,-,-,-,-
4,13227,羽村市,0,総数,53955,27313,26642,51710,26172,25538,2245,1141,1104
4,13227,羽村市,1,0～4,1525,796,729,1447,755,692,78,41,37
4,13227,羽村市,1,5～9,1930,986,944,1882,963,919,48,23,25
4,13227,羽村市,1,10～14,2230,1174,1056,2187,1149,1038,43,25,18
4,13227,羽村市,1,15～19,2605,1339,1266,2513,1303,1210,92,36,56
4,13227,羽村市,1,20～24,2925,1502,1423,2567,1304,1263,358,198,160
4,13227,羽村市,1,25～29,2912,1636,1276,2540,1410,1130,372,226,146
4,13227,羽村市,1,30～34,2848,1613,1235,2557,1421,1136,291,192,99
4,13227,羽村市,1,35～39,2894,1615,1279,2687,1504,1183,207,111,96
4,13227,羽村市,1,40～44,3201,1710,1491,3072,1659,1413,129,51,78
4,13227,羽村市,1,45～49,3712,1968,1744,3577,1915,1662,135,53,82
4,13227,羽村市,1,50～54,4642,2395,2247,4539,2363,2176,103,32,71
4,13227,羽村市,1,55～59,4283,2164,2119,4158,2123,2035,125,41,84
4,13227,羽村市,1,60～64,3600,1828,1772,3487,1783,1704,113,45,68
4,13227,羽村市,1,65～69,2894,1493,1401,2822,1459,1363,72,34,38
4,13227,羽村市,1,70～74,2994,1409,1585,2959,1394,1565,35,15,20
4,13227,羽村市,1,75～79,3509,1638,1871,3489,1629,1860,20,9,11
4,13227,羽村市,1,80～84,2567,1059,1508,2554,1054,1500,13,5,8
4,13227,羽村市,1,85～89,1681,684,997,1675,683,992,6,1,5
4,13227,羽村市,1,90～94,759,253,506,755,250,505,4,3,1
4,13227,羽村市,1,95～99,210,47,163,209,47,162,1,-,1
4,13227,羽村市,1,100以上,34,4,30,34,4,30,-,-,-
4,13227,羽村市,1,不詳者,-,-,-,-,-,-,-,-,-
4,13228,あきる野市,0,総数,78559,39058,39501,76902,38159,38743,1657,899,758
4,13228,あきる野市,1,0～4,2182,1145,1037,2144,1123,1021,38,22,16
4,13228,あきる野市,1,5～9,2848,1462,1386,2812,1443,1369,36,19,17
4,13228,あきる野市,1,10～14,3377,1732,1645,3350,1715,1635,27,17,10
4,13228,あきる野市,1,15～19,3871,1997,1874,3842,1983,1859,29,14,15
4,13228,あきる野市,1,20～24,3869,1998,1871,3567,1809,1758,302,189,113
4,13228,あきる野市,1,25～29,3486,1780,1706,3157,1595,1562,329,185,144
4,13228,あきる野市,1,30～34,3364,1755,1609,3172,1628,1544,192,127,65
4,13228,あきる野市,1,35～39,3871,2013,1858,3719,1921,1798,152,92,60
4,13228,あきる野市,1,40～44,4430,2341,2089,4313,2273,2040,117,68,49
4,13228,あきる野市,1,45～49,5291,2732,2559,5213,2699,2514,78,33,45
4,13228,あきる野市,1,50～54,6748,3537,3211,6655,3503,3152,93,34,59
4,13228,あきる野市,1,55～59,6043,3153,2890,5964,3132,2832,79,21,58
4,13228,あきる野市,1,60～64,4957,2545,2412,4884,2517,2367,73,28,45
4,13228,あきる野市,1,65～69,4348,2120,2228,4298,2102,2196,50,18,32
4,13228,あきる野市,1,70～74,4858,2294,2564,4834,2277,2557,24,17,7
4,13228,あきる野市,1,75～79,5685,2644,3041,5662,2634,3028,23,10,13
4,13228,あきる野市,1,80～84,4573,2041,2532,4564,2038,2526,9,3,6
4,13228,あきる野市,1,85～89,2944,1212,1732,2940,1211,1729,4,1,3
4,13228,あきる野市,1,90～94,1349,459,890,1348,459,889,1,-,1
4,13228,あきる野市,1,95～99,390,89,301,389,88,301,1,1,-
4,13228,あきる野市,1,100以上,75,9,66,75,9,66,-,-,-
4,13228,あきる野市,1,不詳者,-,-,-,-,-,-,-,-,-
4,13229,西東京市,0,総数,207227,100543,106684,199970,96695,103275,7257,3848,3409
4,13229,西東京市,1,0～4,6597,3362,3235,6370,3249,3121,227,113,114
4,13229,西東京市,1,5～9,8423,4277,4146,8198,4149,4049,225,128,97
4,13229,西東京市,1,10～14,8866,4556,4310,8672,4454,4218,194,102,92
4,13229,西東京市,1,15～19,9426,4842,4584,9048,4614,4434,378,228,150
4,13229,西東京市,1,20～24,11257,5821,5436,10215,5152,5063,1042,669,373
4,13229,西東京市,1,25～29,11502,5663,5839,10321,4986,5335,1181,677,504
4,13229,西東京市,1,30～34,11442,5732,5710,10531,5238,5293,911,494,417
4,13229,西東京市,1,35～39,12529,6251,6278,11756,5842,5914,773,409,364
4,13229,西東京市,1,40～44,13581,6740,6841,13011,6471,6540,570,269,301
4,13229,西東京市,1,45～49,15035,7663,7372,14570,7426,7144,465,237,228
4,13229,西東京市,1,50～54,17074,8470,8604,16734,8313,8421,340,157,183
4,13229,西東京市,1,55～59,16115,8138,7977,15768,8009,7759,347,129,218
4,13229,西東京市,1,60～64,14240,7203,7037,14004,7119,6885,236,84,152
4,13229,西東京市,1,65～69,11322,5521,5801,11164,5458,5706,158,63,95
4,13229,西東京市,1,70～74,10133,4818,5315,10039,4774,5265,94,44,50
4,13229,西東京市,1,75～79,11157,4975,6182,11095,4952,6143,62,23,39
4,13229,西東京市,1,80～84,8083,3130,4953,8052,3115,4937,31,15,16
4,13229,西東京市,1,85～89,5911,2065,3846,5897,2058,3839,14,7,7
4,13229,西東京市,1,90～94,3441,1068,2373,3432,1068,2364,9,-,9
4,13229,西東京市,1,95～99,963,229,734,963,229,734,-,-,-
4,13229,西東京市,1,100以上,130,19,111,130,19,111,-,-,-
4,13229,西東京市,1,不詳者,-,-,-,-,-,-,-,-,-
1,13550,町村部,0,総数,76662,38943,37719,74734,37903,36831,1928,1040,888
1,13550,町村部,1,0～4,1858,973,885,1817,953,864,41,20,21
1,13550,町村部,1,5～9,2647,1399,1248,2611,1380,1231,36,19,17
1,13550,町村部,1,10～14,3230,1640,1590,3199,1620,1579,31,20,11
1,13550,町村部,1,15～19,3330,1784,1546,3268,1754,1514,62,30,32
1,13550,町村部,1,20～24,3026,1627,1399,2748,1450,1298,278,177,101
1,13550,町村部,1,25～29,3019,1680,1339,2713,1468,1245,306,212,94
1,13550,町村部,1,30～34,3136,1740,1396,2880,1573,1307,256,167,89
1,13550,町村部,1,35～39,3729,1953,1776,3569,1860,1709,160,93,67
1,13550,町村部,1,40～44,4393,2335,2058,4265,2275,1990,128,60,68
1,13550,町村部,1,45～49,4995,2701,2294,4872,2643,2229,123,58,65
1,13550,町村部,1,50～54,6077,3305,2772,5951,3268,2683,126,37,89
1,13550,町村部,1,55～59,5397,2965,2432,5257,2909,2348,140,56,84
1,13550,町村部,1,60～64,4822,2580,2242,4712,2538,2174,110,42,68
1,13550,町村部,1,65～69,4683,2416,2267,4612,2390,2222,71,26,45
1,13550,町村部,1,70～74,5669,2828,2841,5643,2817,2826,26,11,15
1,13550,町村部,1,75～79,6737,3249,3488,6715,3239,3476,22,10,12
1,13550,町村部,1,80～84,4684,2102,2582,4679,2101,2578,5,1,4
1,13550,町村部,1,85～89,2943,1094,1849,2939,1093,1846,4,1,3
1,13550,町村部,1,90～94,1670,468,1202,1667,468,1199,3,-,3
1,13550,町村部,1,95～99,524,95,429,524,95,429,-,-,-
1,13550,町村部,1,100以上,93,9,84,93,9,84,-,-,-
1,13550,町村部,1,不詳者,-,-,-,-,-,-,-,-,-
2,13300,郡部,0,総数,54035,27148,26887,52515,26313,26202,1520,835,685
2,13300,郡部,1,0～4,1236,640,596,1198,622,576,38,18,20
2,13300,郡部,1,5～9,1796,938,858,1760,919,841,36,19,17
2,13300,郡部,1,10～14,2341,1188,1153,2312,1169,1143,29,19,10
2,13300,郡部,1,15～19,2407,1257,1150,2354,1232,1122,53,25,28
2,13300,郡部,1,20～24,2473,1329,1144,2259,1185,1074,214,144,70
2,13300,郡部,1,25～29,2161,1183,978,1914,1011,903,247,172,75
2,13300,郡部,1,30～34,2162,1173,989,1942,1029,913,220,144,76
2,13300,郡部,1,35～39,2516,1318,1198,2389,1247,1142,127,71,56
2,13300,郡部,1,40～44,3016,1598,1418,2916,1552,1364,100,46,54
2,13300,郡部,1,45～49,3562,1913,1649,3471,1875,1596,91,38,53
2,13300,郡部,1,50～54,4302,2296,2006,4209,2271,1938,93,25,68
2,13300,郡部,1,55～59,3905,2115,1790,3804,2078,1726,101,37,64
2,13300,郡部,1,60～64,3328,1739,1589,3247,1705,1542,81,34,47
2,13300,郡部,1,65～69,3145,1601,1544,3094,1579,1515,51,22,29
2,13300,郡部,1,70～74,3823,1860,1963,3808,1850,1958,15,10,5
2,13300,郡部,1,75～79,4739,2250,2489,4723,2241,2482,16,9,7
2,13300,郡部,1,80～84,3428,1555,1873,3425,1554,1871,3,1,2
2,13300,郡部,1,85～89,2136,809,1327,2134,808,1326,2,1,1
2,13300,郡部,1,90～94,1150,320,830,1147,320,827,3,-,3
2,13300,郡部,1,95～99,352,60,292,352,60,292,-,-,-
2,13300,郡部,1,100以上,57,6,51,57,6,51,-,-,-
2,13300,郡部,1,不詳者,-,-,-,-,-,-,-,-,-
4,13303,瑞穂町,0,総数,31968,16256,15712,30726,15537,15189,1242,719,523
4,13303,瑞穂町,1,0～4,793,408,385,763,392,371,30,16,14
4,13303,瑞穂町,1,5～9,1060,540,520,1029,524,505,31,16,15
4,13303,瑞穂町,1,10～14,1310,648,662,1286,633,653,24,15,9
4,13303,瑞穂町,1,15～19,1402,742,660,1359,719,640,43,23,20
4,13303,瑞穂町,1,20～24,1596,847,749,1437,728,709,159,119,40
4,13303,瑞穂町,1,25～29,1534,854,680,1325,700,625,209,154,55
4,13303,瑞穂町,1,30～34,1521,842,679,1330,713,617,191,129,62
4,13303,瑞穂町,1,35～39,1636,859,777,1540,804,736,96,55,41
4,13303,瑞穂町,1,40～44,1887,1041,846,1810,1003,807,77,38,39
4,13303,瑞穂町,1,45～49,2157,1191,966,2081,1159,922,76,32,44
4,13303,瑞穂町,1,50～54,2718,1421,1297,2648,1400,1248,70,21,49
4,13303,瑞穂町,1,55～59,2587,1384,1203,2502,1351,1151,85,33,52
4,13303,瑞穂町,1,60～64,2108,1079,1029,2031,1047,984,77,32,45
4,13303,瑞穂町,1,65～69,1824,921,903,1781,902,879,43,19,24
4,13303,瑞穂町,1,70～74,2117,1045,1072,2106,1037,1069,11,8,3
4,13303,瑞穂町,1,75～79,2496,1169,1327,2483,1162,1321,13,7,6
4,13303,瑞穂町,1,80～84,1619,727,892,1616,726,890,3,1,2
4,13303,瑞穂町,1,85～89,993,371,622,991,370,621,2,1,1
4,13303,瑞穂町,1,90～94,485,146,339,483,146,337,2,-,2
4,13303,瑞穂町,1,95～99,111,19,92,111,19,92,-,-,-
4,13303,瑞穂町,1,100以上,14,2,12,14,2,12,-,-,-
4,13303,瑞穂町,1,不詳者,-,-,-,-,-,-,-,-,-
4,13305,日の出町,0,総数,15796,7766,8030,15621,7689,7932,175,77,98
4,13305,日の出町,1,0～4,348,189,159,341,188,153,7,1,6
4,13305,日の出町,1,5～9,588,323,265,586,322,264,2,1,1
4,13305,日の出町,1,10～14,865,455,410,861,452,409,4,3,1
4,13305,日の出町,1,15～19,851,430,421,846,428,418,5,2,3
4,13305,日の出町,1,20～24,706,392,314,677,373,304,29,19,10
4,13305,日の出町,1,25～29,500,266,234,476,252,224,24,14,10
4,13305,日の出町,1,30～34,496,247,249,473,234,239,23,13,10
4,13305,日の出町,1,35～39,672,346,326,654,337,317,18,9,9
4,13305,日の出町,1,40～44,898,436,462,884,433,451,14,3,11
4,13305,日の出町,1,45～49,1107,559,548,1096,556,540,11,3,8
4,13305,日の出町,1,50～54,1233,683,550,1218,679,539,15,4,11
4,13305,日の出町,1,55～59,921,504,417,910,503,407,11,1,10
4,13305,日の出町,1,60～64,812,418,394,809,417,392,3,1,2
4,13305,日の出町,1,65～69,819,390,429,812,388,424,7,2,5
4,13305,日の出町,1,70～74,1044,470,574,1044,470,574,-,-,-
4,13305,日の出町,1,75～79,1502,699,803,1500,698,802,2,1,1
4,13305,日の出町,1,80～84,1210,560,650,1210,560,650,-,-,-
4,13305,日の出町,1,85～89,688,266,422,688,266,422,-,-,-
4,13305,日の出町,1,90～94,393,109,284,393,109,284,-,-,-
4,13305,日の出町,1,95～99,121,22,99,121,22,99,-,-,-
4,13305,日の出町,1,100以上,22,2,20,22,2,20,-,-,-
4,13305,日の出町,1,不詳者,-,-,-,-,-,-,-,-,-
4,13307,檜原村,0,総数,1902,952,950,1887,945,942,15,7,8
4,13307,檜原村,1,0～4,32,15,17,31,14,17,1,1,-
4,13307,檜原村,1,5～9,46,24,22,45,24,21,1,-,1
4,13307,檜原村,1,10～14,48,24,24,48,24,24,-,-,-
4,13307,檜原村,1,15～19,42,25,17,42,25,17,-,-,-
4,13307,檜原村,1,20～24,41,21,20,41,21,20,-,-,-
4,13307,檜原村,1,25～29,31,17,14,31,17,14,-,-,-
4,13307,檜原村,1,30～34,43,26,17,42,26,16,1,-,1
4,13307,檜原村,1,35～39,58,32,26,55,30,25,3,2,1
4,13307,檜原村,1,40～44,63,33,30,63,33,30,-,-,-
4,13307,檜原村,1,45～49,117,60,57,116,59,57,1,1,-
4,13307,檜原村,1,50～54,96,53,43,94,53,41,2,-,2
4,13307,檜原村,1,55～59,118,67,51,115,65,50,3,2,1
4,13307,檜原村,1,60～64,141,84,57,141,84,57,-,-,-
4,13307,檜原村,1,65～69,149,86,63,149,86,63,-,-,-
4,13307,檜原村,1,70～74,206,112,94,204,111,93,2,1,1
4,13307,檜原村,1,75～79,216,115,101,216,115,101,-,-,-
4,13307,檜原村,1,80～84,165,76,89,165,76,89,-,-,-
4,13307,檜原村,1,85～89,149,51,98,149,51,98,-,-,-
4,13307,檜原村,1,90～94,95,23,72,94,23,71,1,-,1
4,13307,檜原村,1,95～99,42,7,35,42,7,35,-,-,-
4,13307,檜原村,1,100以上,4,1,3,4,1,3,-,-,-
4,13307,檜原村,1,不詳者,-,-,-,-,-,-,-,-,-
4,13308,奥多摩町,0,総数,4369,2174,2195,4281,2142,2139,88,32,56
4,13308,奥多摩町,1,0～4,63,28,35,63,28,35,-,-,-
4,13308,奥多摩町,1,5～9,102,51,51,100,49,51,2,2,-
4,13308,奥多摩町,1,10～14,118,61,57,117,60,57,1,1,-
4,13308,奥多摩町,1,15～19,112,60,52,107,60,47,5,-,5
4,13308,奥多摩町,1,20～24,130,69,61,104,63,41,26,6,20
4,13308,奥多摩町,1,25～29,96,46,50,82,42,40,14,4,10
4,13308,奥多摩町,1,30～34,102,58,44,97,56,41,5,2,3
4,13308,奥多摩町,1,35～39,150,81,69,140,76,64,10,5,5
4,13308,奥多摩町,1,40～44,168,88,80,159,83,76,9,5,4
4,13308,奥多摩町,1,45～49,181,103,78,178,101,77,3,2,1
4,13308,奥多摩町,1,50～54,255,139,116,249,139,110,6,-,6
4,13308,奥多摩町,1,55～59,279,160,119,277,159,118,2,1,1
4,13308,奥多摩町,1,60～64,267,158,109,266,157,109,1,1,-
4,13308,奥多摩町,1,65～69,353,204,149,352,203,149,1,1,-
4,13308,奥多摩町,1,70～74,456,233,223,454,232,222,2,1,1
4,13308,奥多摩町,1,75～79,525,267,258,524,266,258,1,1,-
4,13308,奥多摩町,1,80～84,434,192,242,434,192,242,-,-,-
4,13308,奥多摩町,1,85～89,306,121,185,306,121,185,-,-,-
4,13308,奥多摩町,1,90～94,177,42,135,177,42,135,-,-,-
4,13308,奥多摩町,1,95～99,78,12,66,78,12,66,-,-,-
4,13308,奥多摩町,1,100以上,17,1,16,17,1,16,-,-,-
4,13308,奥多摩町,1,不詳者,-,-,-,-,-,-,-,-,-
2,13350,島部,0,総数,22627,11795,10832,22219,11590,10629,408,205,203
2,13350,島部,1,0～4,622,333,289,619,331,288,3,2,1
2,13350,島部,1,5～9,851,461,390,851,461,390,-,-,-
2,13350,島部,1,10～14,889,452,437,887,451,436,2,1,1
2,13350,島部,1,15～19,923,527,396,914,522,392,9,5,4
2,13350,島部,1,20～24,553,298,255,489,265,224,64,33,31
2,13350,島部,1,25～29,858,497,361,799,457,342,59,40,19
2,13350,島部,1,30～34,974,567,407,938,544,394,36,23,13
2,13350,島部,1,35～39,1213,635,578,1180,613,567,33,22,11
2,13350,島部,1,40～44,1377,737,640,1349,723,626,28,14,14
2,13350,島部,1,45～49,1433,788,645,1401,768,633,32,20,12
2,13350,島部,1,50～54,1775,1009,766,1742,997,745,33,12,21
2,13350,島部,1,55～59,1492,850,642,1453,831,622,39,19,20
2,13350,島部,1,60～64,1494,841,653,1465,833,632,29,8,21
2,13350,島部,1,65～69,1538,815,723,1518,811,707,20,4,16
2,13350,島部,1,70～74,1846,968,878,1835,967,868,11,1,10
2,13350,島部,1,75～79,1998,999,999,1992,998,994,6,1,5
2,13350,島部,1,80～84,1256,547,709,1254,547,707,2,-,2
2,13350,島部,1,85～89,807,285,522,805,285,520,2,-,2
2,13350,島部,1,90～94,520,148,372,520,148,372,-,-,-
2,13350,島部,1,95～99,172,35,137,172,35,137,-,-,-
2,13350,島部,1,100以上,36,3,33,36,3,33,-,-,-
2,13350,島部,1,不詳者,-,-,-,-,-,-,-,-,-
3,13360,大島支庁,0,総数,10938,5628,5310,10744,5490,5254,194,138,56
3,13360,大島支庁,1,0～4,262,139,123,261,139,122,1,-,1
3,13360,大島支庁,1,5～9,367,194,173,367,194,173,-,-,-
3,13360,大島支庁,1,10～14,431,217,214,429,216,213,2,1,1
3,13360,大島支庁,1,15～19,538,317,221,532,313,219,6,4,2
3,13360,大島支庁,1,20～24,304,159,145,268,138,130,36,21,15
3,13360,大島支庁,1,25～29,388,217,171,354,197,157,34,20,14
3,13360,大島支庁,1,30～34,425,260,165,406,247,159,19,13,6
3,13360,大島支庁,1,35～39,516,277,239,500,262,238,16,15,1
3,13360,大島支庁,1,40～44,620,341,279,609,331,278,11,10,1
3,13360,大島支庁,1,45～49,665,372,293,648,357,291,17,15,2
3,13360,大島支庁,1,50～54,833,485,348,817,474,343,16,11,5
3,13360,大島支庁,1,55～59,694,375,319,675,359,316,19,16,3
3,13360,大島支庁,1,60～64,736,399,337,726,391,335,10,8,2
3,13360,大島支庁,1,65～69,760,398,362,757,395,362,3,3,-
3,13360,大島支庁,1,70～74,947,490,457,944,489,455,3,1,2
3,13360,大島支庁,1,75～79,963,465,498,963,465,498,-,-,-
3,13360,大島支庁,1,80～84,685,292,393,685,292,393,-,-,-
3,13360,大島支庁,1,85～89,413,130,283,412,130,282,1,-,1
3,13360,大島支庁,1,90～94,281,82,199,281,82,199,-,-,-
3,13360,大島支庁,1,95～99,94,17,77,94,17,77,-,-,-
3,13360,大島支庁,1,100以上,16,2,14,16,2,14,-,-,-
3,13360,大島支庁,1,不詳者,-,-,-,-,-,-,-,-,-
4,13361,大島町,0,総数,6589,3446,3143,6439,3332,3107,150,114,36
4,13361,大島町,1,0～4,149,84,65,148,84,64,1,-,1
4,13361,大島町,1,5～9,210,111,99,210,111,99,-,-,-
4,13361,大島町,1,10～14,220,116,104,218,115,103,2,1,1
4,13361,大島町,1,15～19,376,244,132,371,241,130,5,3,2
4,13361,大島町,1,20～24,162,88,74,133,70,63,29,18,11
4,13361,大島町,1,25～29,226,124,102,206,111,95,20,13,7
4,13361,大島町,1,30～34,251,158,93,239,150,89,12,8,4
4,13361,大島町,1,35～39,296,165,131,283,152,131,13,13,-
4,13361,大島町,1,40～44,357,201,156,346,191,155,11,10,1
4,13361,大島町,1,45～49,355,189,166,341,177,164,14,12,2
4,13361,大島町,1,50～54,523,308,215,508,297,211,15,11,4
4,13361,大島町,1,55～59,458,258,200,443,244,199,15,14,1
4,13361,大島町,1,60～64,463,259,204,453,251,202,10,8,2
4,13361,大島町,1,65～69,440,229,211,438,227,211,2,2,-
4,13361,大島町,1,70～74,540,284,256,539,283,256,1,1,-
4,13361,大島町,1,75～79,621,300,321,621,300,321,-,-,-
4,13361,大島町,1,80～84,447,188,259,447,188,259,-,-,-
4,13361,大島町,1,85～89,263,86,177,263,86,177,-,-,-
4,13361,大島町,1,90～94,172,46,126,172,46,126,-,-,-
4,13361,大島町,1,95～99,53,8,45,53,8,45,-,-,-
4,13361,大島町,1,100以上,7,-,7,7,-,7,-,-,-
4,13361,大島町,1,不詳者,-,-,-,-,-,-,-,-,-
4,13362,利島村,0,総数,303,158,145,292,151,141,11,7,4
4,13362,利島村,1,0～4,4,2,2,4,2,2,-,-,-
4,13362,利島村,1,5～9,12,7,5,12,7,5,-,-,-
4,13362,利島村,1,10～14,17,6,11,17,6,11,-,-,-
4,13362,利島村,1,15～19,16,7,9,16,7,9,-,-,-
4,13362,利島村,1,20～24,8,4,4,7,3,4,1,1,-
4,13362,利島村,1,25～29,20,12,8,19,11,8,1,1,-
4,13362,利島村,1,30～34,22,12,10,17,9,8,5,3,2
4,13362,利島村,1,35～39,21,13,8,20,12,8,1,1,-
4,13362,利島村,1,40～44,21,9,12,21,9,12,-,-,-
4,13362,利島村,1,45～49,40,25,15,40,25,15,-,-,-
4,13362,利島村,1,50～54,19,9,10,19,9,10,-,-,-
4,13362,利島村,1,55～59,13,7,6,11,6,5,2,1,1
4,13362,利島村,1,60～64,19,10,9,19,10,9,-,-,-
4,13362,利島村,1,65～69,13,7,6,13,7,6,-,-,-
4,13362,利島村,1,70～74,22,12,10,21,12,9,1,-,1
4,13362,利島村,1,75～79,19,9,10,19,9,10,-,-,-
4,13362,利島村,1,80～84,6,3,3,6,3,3,-,-,-
4,13362,利島村,1,85～89,5,1,4,5,1,4,-,-,-
4,13362,利島村,1,90～94,5,3,2,5,3,2,-,-,-
4,13362,利島村,1,95～99,1,-,1,1,-,1,-,-,-
4,13362,利島村,1,100以上,-,-,-,-,-,-,-,-,-
4,13362,利島村,1,不詳者,-,-,-,-,-,-,-,-,-
4,13363,新島村,0,総数,2336,1146,1190,2316,1140,1176,20,6,14
4,13363,新島村,1,0～4,56,29,27,56,29,27,-,-,-
4,13363,新島村,1,5～9,69,33,36,69,33,36,-,-,-
4,13363,新島村,1,10～14,96,40,56,96,40,56,-,-,-
4,13363,新島村,1,15～19,72,37,35,72,37,35,-,-,-
4,13363,新島村,1,20～24,77,39,38,73,39,34,4,-,4
4,13363,新島村,1,25～29,79,38,41,72,37,35,7,1,6
4,13363,新島村,1,30～34,78,48,30,77,47,30,1,1,-
4,13363,新島村,1,35～39,99,50,49,98,50,48,1,-,1
4,13363,新島村,1,40～44,142,73,69,142,73,69,-,-,-
4,13363,新島村,1,45～49,156,95,61,154,93,61,2,2,-
4,13363,新島村,1,50～54,169,100,69,169,100,69,-,-,-
4,13363,新島村,1,55～59,138,67,71,136,66,70,2,1,1
4,13363,新島村,1,60～64,159,80,79,159,80,79,-,-,-
4,13363,新島村,1,65～69,159,82,77,158,81,77,1,1,-
4,13363,新島村,1,70～74,225,112,113,224,112,112,1,-,1
4,13363,新島村,1,75～79,203,92,111,203,92,111,-,-,-
4,13363,新島村,1,80～84,153,67,86,153,67,86,-,-,-
4,13363,新島村,1,85～89,95,32,63,94,32,62,1,-,1
4,13363,新島村,1,90～94,71,23,48,71,23,48,-,-,-
4,13363,新島村,1,95～99,33,8,25,33,8,25,-,-,-
4,13363,新島村,1,100以上,7,1,6,7,1,6,-,-,-
4,13363,新島村,1,不詳者,-,-,-,-,-,-,-,-,-
4,13364,神津島村,0,総数,1710,878,832,1697,867,830,13,11,2
4,13364,神津島村,1,0～4,53,24,29,53,24,29,-,-,-
4,13364,神津島村,1,5～9,76,43,33,76,43,33,-,-,-
4,13364,神津島村,1,10～14,98,55,43,98,55,43,-,-,-
4,13364,神津島村,1,15～19,74,29,45,73,28,45,1,1,-
4,13364,神津島村,1,20～24,57,28,29,55,26,29,2,2,-
4,13364,神津島村,1,25～29,63,43,20,57,38,19,6,5,1
4,13364,神津島村,1,30～34,74,42,32,73,41,32,1,1,-
4,13364,神津島村,1,35～39,100,49,51,99,48,51,1,1,-
4,13364,神津島村,1,40～44,100,58,42,100,58,42,-,-,-
4,13364,神津島村,1,45～49,114,63,51,113,62,51,1,1,-
4,13364,神津島村,1,50～54,122,68,54,121,68,53,1,-,1
4,13364,神津島村,1,55～59,85,43,42,85,43,42,-,-,-
4,13364,神津島村,1,60～64,95,50,45,95,50,45,-,-,-
4,13364,神津島村,1,65～69,148,80,68,148,80,68,-,-,-
4,13364,神津島村,1,70～74,160,82,78,160,82,78,-,-,-
4,13364,神津島村,1,75～79,120,64,56,120,64,56,-,-,-
4,13364,神津島村,1,80～84,79,34,45,79,34,45,-,-,-
4,13364,神津島村,1,85～89,50,11,39,50,11,39,-,-,-
4,13364,神津島村,1,90～94,33,10,23,33,10,23,-,-,-
4,13364,神津島村,1,95～99,7,1,6,7,1,6,-,-,-
4,13364,神津島村,1,100以上,2,1,1,2,1,1,-,-,-
4,13364,神津島村,1,不詳者,-,-,-,-,-,-,-,-,-
3,13380,三宅支庁,0,総数,2421,1350,1071,2373,1331,1042,48,19,29
3,13380,三宅支庁,1,0～4,55,28,27,55,28,27,-,-,-
3,13380,三宅支庁,1,5～9,100,57,43,100,57,43,-,-,-
3,13380,三宅支庁,1,10～14,88,48,40,88,48,40,-,-,-
3,13380,三宅支庁,1,15～19,61,29,32,60,29,31,1,-,1
3,13380,三宅支庁,1,20～24,59,36,23,56,35,21,3,1,2
3,13380,三宅支庁,1,25～29,104,66,38,98,61,37,6,5,1
3,13380,三宅支庁,1,30～34,127,79,48,122,75,47,5,4,1
3,13380,三宅支庁,1,35～39,147,74,73,143,72,71,4,2,2
3,13380,三宅支庁,1,40～44,165,89,76,159,87,72,6,2,4
3,13380,三宅支庁,1,45～49,157,84,73,153,81,72,4,3,1
3,13380,三宅支庁,1,50～54,158,106,52,156,106,50,2,-,2
3,13380,三宅支庁,1,55～59,138,94,44,132,93,39,6,1,5
3,13380,三宅支庁,1,60～64,156,97,59,148,97,51,8,-,8
3,13380,三宅支庁,1,65～69,184,110,74,182,109,73,2,1,1
3,13380,三宅支庁,1,70～74,195,107,88,195,107,88,-,-,-
3,13380,三宅支庁,1,75～79,214,126,88,214,126,88,-,-,-
3,13380,三宅支庁,1,80～84,122,57,65,121,57,64,1,-,1
3,13380,三宅支庁,1,85～89,109,42,67,109,42,67,-,-,-
3,13380,三宅支庁,1,90～94,63,17,46,63,17,46,-,-,-
3,13380,三宅支庁,1,95～99,16,4,12,16,4,12,-,-,-
3,13380,三宅支庁,1,100以上,3,-,3,3,-,3,-,-,-
3,13380,三宅支庁,1,不詳者,-,-,-,-,-,-,-,-,-
4,13381,三宅村,0,総数,2133,1194,939,2089,1176,913,44,18,26
4,13381,三宅村,1,0～4,49,27,22,49,27,22,-,-,-
4,13381,三宅村,1,5～9,79,47,32,79,47,32,-,-,-
4,13381,三宅村,1,10～14,71,37,34,71,37,34,-,-,-
4,13381,三宅村,1,15～19,52,25,27,51,25,26,1,-,1
4,13381,三宅村,1,20～24,51,31,20,48,30,18,3,1,2
4,13381,三宅村,1,25～29,89,57,32,83,52,31,6,5,1
4,13381,三宅村,1,30～34,107,69,38,104,66,38,3,3,-
4,13381,三宅村,1,35～39,125,62,63,121,60,61,4,2,2
4,13381,三宅村,1,40～44,131,73,58,126,71,55,5,2,3
4,13381,三宅村,1,45～49,127,70,57,123,67,56,4,3,1
4,13381,三宅村,1,50～54,138,94,44,137,94,43,1,-,1
4,13381,三宅村,1,55～59,124,85,39,118,84,34,6,1,5
4,13381,三宅村,1,60～64,143,88,55,135,88,47,8,-,8
4,13381,三宅村,1,65～69,170,101,69,168,100,68,2,1,1
4,13381,三宅村,1,70～74,183,102,81,183,102,81,-,-,-
4,13381,三宅村,1,75～79,194,114,80,194,114,80,-,-,-
4,13381,三宅村,1,80～84,110,49,61,109,49,60,1,-,1
4,13381,三宅村,1,85～89,109,42,67,109,42,67,-,-,-
4,13381,三宅村,1,90～94,62,17,45,62,17,45,-,-,-
4,13381,三宅村,1,95～99,16,4,12,16,4,12,-,-,-
4,13381,三宅村,1,100以上,3,-,3,3,-,3,-,-,-
4,13381,三宅村,1,不詳者,-,-,-,-,-,-,-,-,-
4,13382,御蔵島村,0,総数,288,156,132,284,155,129,4,1,3
4,13382,御蔵島村,1,0～4,6,1,5,6,1,5,-,-,-
4,13382,御蔵島村,1,5～9,21,10,11,21,10,11,-,-,-
4,13382,御蔵島村,1,10～14,17,11,6,17,11,6,-,-,-
4,13382,御蔵島村,1,15～19,9,4,5,9,4,5,-,-,-
4,13382,御蔵島村,1,20～24,8,5,3,8,5,3,-,-,-
4,13382,御蔵島村,1,25～29,15,9,6,15,9,6,-,-,-
4,13382,御蔵島村,1,30～34,20,10,10,18,9,9,2,1,1
4,13382,御蔵島村,1,35～39,22,12,10,22,12,10,-,-,-
4,13382,御蔵島村,1,40～44,34,16,18,33,16,17,1,-,1
4,13382,御蔵島村,1,45～49,30,14,16,30,14,16,-,-,-
4,13382,御蔵島村,1,50～54,20,12,8,19,12,7,1,-,1
4,13382,御蔵島村,1,55～59,14,9,5,14,9,5,-,-,-
4,13382,御蔵島村,1,60～64,13,9,4,13,9,4,-,-,-
4,13382,御蔵島村,1,65～69,14,9,5,14,9,5,-,-,-
4,13382,御蔵島村,1,70～74,12,5,7,12,5,7,-,-,-
4,13382,御蔵島村,1,75～79,20,12,8,20,12,8,-,-,-
4,13382,御蔵島村,1,80～84,12,8,4,12,8,4,-,-,-
4,13382,御蔵島村,1,85～89,-,-,-,-,-,-,-,-,-
4,13382,御蔵島村,1,90～94,1,-,1,1,-,1,-,-,-
4,13382,御蔵島村,1,95～99,-,-,-,-,-,-,-,-,-
4,13382,御蔵島村,1,100以上,-,-,-,-,-,-,-,-,-
4,13382,御蔵島村,1,不詳者,-,-,-,-,-,-,-,-,-
3,13400,八丈支庁,0,総数,6807,3427,3380,6686,3406,3280,121,21,100
3,13400,八丈支庁,1,0～4,199,107,92,197,105,92,2,2,-
3,13400,八丈支庁,1,5～9,267,142,125,267,142,125,-,-,-
3,13400,八丈支庁,1,10～14,256,130,126,256,130,126,-,-,-
3,13400,八丈支庁,1,15～19,210,117,93,209,117,92,1,-,1
3,13400,八丈支庁,1,20～24,120,58,62,105,55,50,15,3,12
3,13400,八丈支庁,1,25～29,218,127,91,214,123,91,4,4,-
3,13400,八丈支庁,1,30～34,261,128,133,251,124,127,10,4,6
3,13400,八丈支庁,1,35～39,374,199,175,366,196,170,8,3,5
3,13400,八丈支庁,1,40～44,388,202,186,379,200,179,9,2,7
3,13400,八丈支庁,1,45～49,400,213,187,392,212,180,8,1,7
3,13400,八丈支庁,1,50～54,527,280,247,512,279,233,15,1,14
3,13400,八丈支庁,1,55～59,437,249,188,424,248,176,13,1,12
3,13400,八丈支庁,1,60～64,463,255,208,452,255,197,11,-,11
3,13400,八丈支庁,1,65～69,484,248,236,470,248,222,14,-,14
3,13400,八丈支庁,1,70～74,606,305,301,599,305,294,7,-,7
3,13400,八丈支庁,1,75～79,699,339,360,697,339,358,2,-,2
3,13400,八丈支庁,1,80～84,399,169,230,398,169,229,1,-,1
3,13400,八丈支庁,1,85～89,268,104,164,267,104,163,1,-,1
3,13400,八丈支庁,1,90～94,164,43,121,164,43,121,-,-,-
3,13400,八丈支庁,1,95～99,53,11,42,53,11,42,-,-,-
3,13400,八丈支庁,1,100以上,14,1,13,14,1,13,-,-,-
3,13400,八丈支庁,1,不詳者,-,-,-,-,-,-,-,-,-
4,13401,八丈町,0,総数,6652,3334,3318,6531,3313,3218,121,21,100
4,13401,八丈町,1,0～4,193,104,89,191,102,89,2,2,-
4,13401,八丈町,1,5～9,263,141,122,263,141,122,-,-,-
4,13401,八丈町,1,10～14,251,127,124,251,127,124,-,-,-
4,13401,八丈町,1,15～19,210,117,93,209,117,92,1,-,1
4,13401,八丈町,1,20～24,118,56,62,103,53,50,15,3,12
4,13401,八丈町,1,25～29,206,119,87,202,115,87,4,4,-
4,13401,八丈町,1,30～34,249,121,128,239,117,122,10,4,6
4,13401,八丈町,1,35～39,357,189,168,349,186,163,8,3,5
4,13401,八丈町,1,40～44,364,189,175,355,187,168,9,2,7
4,13401,八丈町,1,45～49,392,205,187,384,204,180,8,1,7
4,13401,八丈町,1,50～54,517,275,242,502,274,228,15,1,14
4,13401,八丈町,1,55～59,427,243,184,414,242,172,13,1,12
4,13401,八丈町,1,60～64,454,249,205,443,249,194,11,-,11
4,13401,八丈町,1,65～69,470,239,231,456,239,217,14,-,14
4,13401,八丈町,1,70～74,596,300,296,589,300,289,7,-,7
4,13401,八丈町,1,75～79,691,333,358,689,333,356,2,-,2
4,13401,八丈町,1,80～84,397,168,229,396,168,228,1,-,1
4,13401,八丈町,1,85～89,267,104,163,266,104,162,1,-,1
4,13401,八丈町,1,90～94,164,43,121,164,43,121,-,-,-
4,13401,八丈町,1,95～99,52,11,41,52,11,41,-,-,-
4,13401,八丈町,1,100以上,14,1,13,14,1,13,-,-,-
4,13401,八丈町,1,不詳者,-,-,-,-,-,-,-,-,-
4,13402,青ヶ島村,0,総数,155,93,62,155,93,62,-,-,-
4,13402,青ヶ島村,1,0～4,6,3,3,6,3,3,-,-,-
4,13402,青ヶ島村,1,5～9,4,1,3,4,1,3,-,-,-
4,13402,青ヶ島村,1,10～14,5,3,2,5,3,2,-,-,-
4,13402,青ヶ島村,1,15～19,-,-,-,-,-,-,-,-,-
4,13402,青ヶ島村,1,20～24,2,2,-,2,2,-,-,-,-
4,13402,青ヶ島村,1,25～29,12,8,4,12,8,4,-,-,-
4,13402,青ヶ島村,1,30～34,12,7,5,12,7,5,-,-,-
4,13402,青ヶ島村,1,35～39,17,10,7,17,10,7,-,-,-
4,13402,青ヶ島村,1,40～44,24,13,11,24,13,11,-,-,-
4,13402,青ヶ島村,1,45～49,8,8,-,8,8,-,-,-,-
4,13402,青ヶ島村,1,50～54,10,5,5,10,5,5,-,-,-
4,13402,青ヶ島村,1,55～59,10,6,4,10,6,4,-,-,-
4,13402,青ヶ島村,1,60～64,9,6,3,9,6,3,-,-,-
4,13402,青ヶ島村,1,65～69,14,9,5,14,9,5,-,-,-
4,13402,青ヶ島村,1,70～74,10,5,5,10,5,5,-,-,-
4,13402,青ヶ島村,1,75～79,8,6,2,8,6,2,-,-,-
4,13402,青ヶ島村,1,80～84,2,1,1,2,1,1,-,-,-
4,13402,青ヶ島村,1,85～89,1,-,1,1,-,1,-,-,-
4,13402,青ヶ島村,1,90～94,-,-,-,-,-,-,-,-,-
4,13402,青ヶ島村,1,95～99,1,-,1,1,-,1,-,-,-
4,13402,青ヶ島村,1,100以上,-,-,-,-,-,-,-,-,-
4,13402,青ヶ島村,1,不詳者,-,-,-,-,-,-,-,-,-
3,13420,小笠原支庁,0,総数,2461,1390,1071,2416,1363,1053,45,27,18
3,13420,小笠原支庁,1,0～4,106,59,47,106,59,47,-,-,-
3,13420,小笠原支庁,1,5～9,117,68,49,117,68,49,-,-,-
3,13420,小笠原支庁,1,10～14,114,57,57,114,57,57,-,-,-
3,13420,小笠原支庁,1,15～19,114,64,50,113,63,50,1,1,-
3,13420,小笠原支庁,1,20～24,70,45,25,60,37,23,10,8,2
3,13420,小笠原支庁,1,25～29,148,87,61,133,76,57,15,11,4
3,13420,小笠原支庁,1,30～34,161,100,61,159,98,61,2,2,-
3,13420,小笠原支庁,1,35～39,176,85,91,171,83,88,5,2,3
3,13420,小笠原支庁,1,40～44,204,105,99,202,105,97,2,-,2
3,13420,小笠原支庁,1,45～49,211,119,92,208,118,90,3,1,2
3,13420,小笠原支庁,1,50～54,257,138,119,257,138,119,-,-,-
3,13420,小笠原支庁,1,55～59,223,132,91,222,131,91,1,1,-
3,13420,小笠原支庁,1,60～64,139,90,49,139,90,49,-,-,-
3,13420,小笠原支庁,1,65～69,110,59,51,109,59,50,1,-,1
3,13420,小笠原支庁,1,70～74,98,66,32,97,66,31,1,-,1
3,13420,小笠原支庁,1,75～79,122,69,53,118,68,50,4,1,3
3,13420,小笠原支庁,1,80～84,50,29,21,50,29,21,-,-,-
3,13420,小笠原支庁,1,85～89,17,9,8,17,9,8,-,-,-
3,13420,小笠原支庁,1,90～94,12,6,6,12,6,6,-,-,-
3,13420,小笠原支庁,1,95～99,9,3,6,9,3,6,-,-,-
3,13420,小笠原支庁,1,100以上,3,-,3,3,-,3,-,-,-
3,13420,小笠原支庁,1,不詳者,-,-,-,-,-,-,-,-,-
4,13421,小笠原村,0,総数,2461,1390,1071,2416,1363,1053,45,27,18
4,13421,小笠原村,1,0～4,106,59,47,106,59,47,-,-,-
4,13421,小笠原村,1,5～9,117,68,49,117,68,49,-,-,-
4,13421,小笠原村,1,10～14,114,57,57,114,57,57,-,-,-
4,13421,小笠原村,1,15～19,114,64,50,113,63,50,1,1,-
4,13421,小笠原村,1,20～24,70,45,25,60,37,23,10,8,2
4,13421,小笠原村,1,25～29,148,87,61,133,76,57,15,11,4
4,13421,小笠原村,1,30～34,161,100,61,159,98,61,2,2,-
4,13421,小笠原村,1,35～39,176,85,91,171,83,88,5,2,3
4,13421,小笠原村,1,40～44,204,105,99,202,105,97,2,-,2
4,13421,小笠原村,1,45～49,211,119,92,208,118,90,3,1,2
4,13421,小笠原村,1,50～54,257,138,119,257,138,119,-,-,-
4,13421,小笠原村,1,55～59,223,132,91,222,131,91,1,1,-
4,13421,小笠原村,1,60～64,139,90,49,139,90,49,-,-,-
4,13421,小笠原村,1,65～69,110,59,51,109,59,50,1,-,1
4,13421,小笠原村,1,70～74,98,66,32,97,66,31,1,-,1
4,13421,小笠原村,1,75～79,122,69,53,118,68,50,4,1,3
4,13421,小笠原村,1,80～84,50,29,21,50,29,21,-,-,-
4,13421,小笠原村,1,85～89,17,9,8,17,9,8,-,-,-
4,13421,小笠原村,1,90～94,12,6,6,12,6,6,-,-,-
4,13421,小笠原村,1,95～99,9,3,6,9,3,6,-,-,-
4,13421,小笠原村,1,100以上,3,-,3,3,-,3,-,-,-
4,13421,小笠原村,1,不詳者,-,-,-,-,-,-,-,-,-
,,,,,,,,,,,,,
住民基本台帳による東京都の世帯と人口　令和8年1月,,,,,,,,,,,,,
第７表　区市町村、年齢（５歳階級）、日本人、外国人及び男女別人口,,,,,,,,,,,,,
地域階層（0:総数　1:区部・市部・町村部　2:郡部・島部　3:大島支庁・三宅支庁・八丈支庁・小笠原支庁　4:区市町村）,,,,,,,,,,,,,
年齢階層（0:総数　1:明細）,,,,,,,,,,,,,
